smiles,active
ONC(=O)C=Cc1ccc2c(c1)CN(C2)C(=O)C1CCCC1,4.522878745
CO[C@H]1CN(CCn2c3cc(OC)cnc3ccc2=O)CC[C@H]1NCc1ccc2OCC(=O)Nc2n1,4
CCN(C(C)=O)c1ccc(OC)c2nc(NC(=O)c3ccnn3C)sc12,4
CO[C@]12CC[C@]3(C[C@@H]1[C@@](C(C)(C)C)(O)C)[C@@]14[C@H]2Oc2c4c(C[C@H]3N(CC1)CC1CC1)ccc2O,5.124938737
Fc1cnc2c3c1C(O)(Cn3c(=O)cc2)CC12CCC(CC1)(CO2)N/C=C/c1ccccc1,7.193820026
CC1(c2nc(-c3ccccc3)c[nH]2)Cc2c([nH]c3ccccc23)C(C2CCOCC2)N1,5.530767257
CN1CCN(CC1)c1ccc2ncn(-c3cc(ccc3C)C(=O)NC3CC3)c(=O)c2c1,4
CCNCc1cc(Nc2ccnc3cc(Cl)ccc23)ccc1O,5.022276395
C[C@@H]1NC(=N[C@@]1(c1ccc(F)cc1)c1ccc(F)nc1)c1cccc(c1)C#N,5.366531544
O=C1NC[C@@H](c2ccccc2)C11CCN(CC1)[C@@H]1CCCC[C@@H]1c1ccccc1,5.853871964
CNC(=O)CN(CCc1ccc(Cl)cc1)C1CCN(c2nc(N)n[nH]2)CC1,5.585026652
CC(C)(C)NC(=O)C1N(Cc2ccc(F)cc2-c2ccccc2)C(=O)c2ccccc12,4.488116639
Clc1nccc(c1)C(N1C2CCC1CC(C2)Oc1cccc(c1)C(=O)N)C,5.721246399
CN(CCc1sc2c(c1C(c1cccnc1F)C)cccc2)C,5.638272164
Cc1ncc(OC[C@]2(C[C@H]2C(=O)Nc2ccc(F)cn2)c2cccc(F)c2)c(C)n1,5.214670165
Cc1cc2OCC(=O)Nc2nc1CNC12CCC(C[C@]3(O)Cn4c5c3c(F)cnc5ccc4=O)(CC1)OC2,4.22184875
COc1ccc2c(c1)n(C[C@@H](C1CCC(CC1)NCc1ncc3c(n1)NC(=O)CO3)N)c(=O)cn2,3.477555766
C[C@]12CCC3C(CCC4=CC(=O)CC[C@H]34)C1CC[C@@]2(O)C#C,5.050000457
Cc1ccc(cc1)CC(=O)N1CCC(CC1)CCNc1ncccn1,5.508638306
Cc1c(ccc(F)c1C#N)[C@H]1CN2CCN(C[C@H]2CO1)C(=O)Cc1cnc(nc1)-n1cnnn1,4.598599459
CCCCCCCN(CC)CC#CCCc1ccc(Cl)cc1,7.27572413
COc1cc(N2CC(C2)N(C)C)c(NC(=O)C=C)cc1Nc1ncc(Cl)c(n1)-c1cnn2ccccc12,5.397940009
CN([C@@H]1CCN(C1)C1CCC1)C(=O)c1ccc(Cn2c(C)nc3ccccc23)cc1,4.522878745
Cc1c(C(=O)NCCN2CCN(c3cccc(Cl)c3Cl)CC2)cc(C(C)(C)C)n1C.Cl,5.161150909
O=C1COc2c(N1)cc(cc2)CNC12CCC(CC1)(OC2)CC1(O)Cn2c3c1c(F)cnc3ccc2=O,5.13667714
C[C@@H]1NC(=N[C@@]1(c1ccc(F)cc1)c1ccc(F)nc1)c1nccs1,5
C[C@H]1CCCN(CCCOc2ccc(cc2)-n2c(C)nc3ccccc3c2=O)C1,5.27572413
CN1CCN(CCN2CCN(C2=O)c2cccc(Cl)c2)CC1,5.400116928
CCC(CC)CNc1c(C(N)=O)cnc2ccc(-c3ccnnc3)cc12,5.795880017
C[C@H]1CNC[C@H](C)N1c1nc2c(cccc2o1)C(=O)NC1C[C@H]2CCC[C@H](C1)N2C,5.193820026
CCc1cc(Oc2cc(Cl)ccc2CNC)ccc1Cl,5.958607315
CC1=C(c2cccc(O)c2)[C@H](c2ccc(OCCN3CC(CF)C3)cc2)Oc2ccc(O)cc21,5.337242168
COc1ccc2c(c1)C(=O)OC12CCC(CC1)C(=O)N(CCN1CCCCC1)C,5
O(C[C@H](O)C[NH2+]C(C)C)c1ccc(cc1)CC(=O)N,3
NC(=O)c1cnc2cc(F)c(-c3cccnc3)cc2c1NC1CCOCC1,5.698970004
Cc1ccc(cn1)c1nnc(n1C)SCCCN1C[C@@H]2[C@](C1)(C2)c1ccc(cc1)C(F)(F)F,6.102372909
NC1=NCC2N1c1ccccc1Cc1ccccc21,4.012929735
CCOC[C@H]1CC[C@H](CC1)N1CC(C1)NC(=O)CNc1nn(C)c2ccc(cc12)C(F)(F)F,5.251811973
Cc1ncc(CN[C@@H]2CCN(CCn3c4cc(ccc4ccc3=O)C#N)C[C@@H]2F)cc1C#N,4
Cc1ccc2oc(-c3c4c(N)n[nH]c(=O)c4nn3-c3ccccc3)c(C)c2c1,4.709297757
O=C1NCN(C1)C(=O)c1ccc(cn1)C1(CCCO1)c1ccc(cc1)OCc1ccccn1,4.494850022
O=C(N1CCOCC1)N1CCN(c2cnc3cc(C(F)(F)F)cc(NCc4cccc([N+](=O)[O-])c4)c3c2)CC1,6.408935393
CCOCCn1nc(C)c2nc(NC3CCNCC3)nc(Nc3cc(C)ccn3)c12,5.552841969
Cc1cccnc1CN1CCC2(CC1)N(C(=O)N(C2=O)c1ccc(cc1)-c1ccc(cc1C)C(O)=O)c1nccnc1C,5.107905397
Cc1ccc2nc(C)n(-c3ccc(OCCCN4CCCC4)cc3)c(=O)c2c1,5
Fc1cccc(c1)S(=O)(=O)c1ccc2c3CCNC4(CCCOC4)c3oc2c1,4.930579825
Fc1ccc(cc1)[C@@H](NC(=O)c1ccc(cc1)[S@+](C)[O-])CCN1[C@@H]2CC[C@@H]1C[C@@H](C2)n1c(C)nc2c1cc(F)cc2,5.096910013
Cc1ncoc1-c1nnc(SCCCN2CC[C@@]3(C[C@H]3c3ccccc3)C2)n1C,5.540004744
NCC1(c2cccc(-c3ccnc4[nH]nc(C(F)(F)F)c34)c2)CCC1,5.522878745
Cc1cccc(c1)C(=O)Nc1cccc(NC(=O)c2ccccc2C(F)(F)F)c1,4.522878745
Cn1ncc(C(=O)N2CCC(CC2)Nc2cc(=O)[nH]c3ccccc23)c1Cl,4
CN(CCN1CCN(C1=O)c1ccc(C)cc1)C[C@@]12CC[C@@H](CC1)C2(C)C,5.602059991
COc1ccc(C[C@H](N2CCC(CN3CCC(CC3)Oc3ccc(Cl)c(Cl)c3)CC2)C(O)=O)cc1,5
Oc1cc(-c2cn[nH]c2)ccc1-c1ccc(N2CCC3(CCCNC3)C2)nn1,6.568636236
Fc1cc2[nH]c(-c3cc4c(cc3)cccc4)c(c2cc1)[C@@H]1C[NH2+]CC[C@@H]1F,6.301029996
COc1cc2ccc(Br)cc2cc1[C@@H](c1ccccc1)[C@@](O)(CCN(C)C)c1cccc2ccsc12,4.920818754
Clc1cccc(c1)N1CCN(CCN2CCCc3sccc3C2)C1=O,6.102372909
O=C1OCc2cc(CCN3CCN(C(=O)Cc4ccc(-n5cnnn5)nc4)CC3)ccc21,5.346787486
Nc1cnc(cn1)COc1ccc(cc1)C1(CCCO1)c1ccc(nc1)c1nnco1,4.494850022
Fc1cnc2c3c1C(O)(Cn3c(=O)cc2)CC12CCC(CC1)(CO2)NCc1nnc2c(c1)OCCO2,4.22184875
Cn1c(SCCCN2CC[C@]3(C[C@@H]3c3ccc(C(F)(F)F)cc3)C2)nnc1-c1cnccn1,6.590066877
C[C@@H]1NC(=N[C@@]1(c1ccc(F)cc1)c1ccc(F)nc1)c1cc(Cl)ccn1,5.107905397
COc1cnc2ccc(=O)n(CCN3CCC(CC3)c3c[nH]c4ccc(cc34)C#N)c2c1,5.698970004
CO[C@@H]1CN(Cc2ccc(cc2)C(F)(F)F)CC[C@@H]1N(C)C(=O)Cc1ccc(cc1)-n1cnnn1,5.698970004
CCOC(=O)C1=C(CN2CCOCC2)NC(c2nccs2)=NC1c1ccccc1Cl,5.393618635
CCC(C(c1ccccc1)(c1ccccc1)CC(N(C)C)C)O,4.920818754
CN(C)CCn1ncc2cc(ccc12)-n1ccc(OCc2ccccc2)cc1=O,5.744727495
CCC(CC)CNc1c(C(N)=O)cnc2c(C)cc(-c3cccnc3)cc12,6.443697499
CN(C)Cc1ccccc1Oc1ccc(Cl)c(Cl)c1,5.677780705
O=C1[C@@H]2CCN1Cc1cccc(Oc3cc(Cn4cncc4CN2)ccc3C#N)c1,4.958607315
COC(=O)C1(CNC(=O)c2cc(OC)cc(OC)c2)CCN(Cc2ccccc2OC)CC1,5.721246399
Cc1c([C@@H](O)CN2CCC3(CC2)CCN(c2ccc(C#N)cn2)C3)ccc2c1COC2=O,5.619788758
CNCC[C@H](Oc1cccc2ccccc12)c1cccs1,5.148741651
O=C(NC1CN(C1)C1CCC(CC1)c1ccccn1)CNc1ncnc2c1cc(cc2)C(F)(F)F,5.124938737
N#Cc1c(N)ncnc1N1CCC[C@H]1c1nc2cccc(C#CCCCC(=O)N3CCOCC3)c2c(=O)n1-c1ccccc1,4.498940738
CC(=O)Nc1ccc(cn1)-c1cc2sc(nc2cn1)N1CCC(CC1)N1CCCCC1,5.070581074
CN([C@H]1CCN(Cc2ccc(cc2)C(F)(F)F)C[C@H]1F)C(=O)Cc1ccc(cc1)-n1cnnn1,5.443697499
CCN[C@H]1CCC[C@H](C1)c1c[nH]c2ccc(cc12)N=C(N)c1cccs1,4.787812396
FC(F)Oc1cccc(F)c1CC(N1CCNCC1)c1ccccc1,4.982966661
Cc1cc(-c2cc3c(N[C@@H]4CC[C@](C)(N)C4(C)C)c(C(N)=O)cnn3c2)ccn1,4.522878745
C[C@@H]1O[C@@H](C)CN(C1)c1nc2nc(ccc2c(n1)N1CCOC[C@H]1C)c1ccccc1,5.397940009
COc1cc(ccc1-n1cnc(C)c1)-c1cn(nn1)C1CC(CNC1=O)C(F)(F)F,4.522878745
NC(=O)[C@@H]1CSC[C@H](c2ccc(OCc3cccc(F)c3)cc2)N1,4.599999383
CC1(c2cccc(-c3cccnc3)c2)N=C(N)c2ccccc2O1,5.552841969
CCCC1(CC)Oc2c(O1)c(ccc2)CN1CCC2(CC1)CCN(CC2)C(=O)c1ccc(cn1)N,5.459670525
CCCCC(NC(=O)CC1CCN(Cc2ccn(c2)-c2ccc(cc2)C(F)(F)F)CC1)c1ccc(=O)[nH]c1,4.500312917
O=C(NCCCNc1nc2ccccc2[nH]1)c1ccc(CN2CCCC2)cc1,4.300162274
[NH3+][C@H]1CN(CC[C@@H]1c1cc(F)c(F)cc1F)c1ccn2cnnc2n1,4
CC(C)(N)C(=O)N1CCn2c(C1)nc(c2Nc1ccc(Cl)c(F)c1)-c1ccc(F)cc1,5.251811973
Cn1c(N2CCC(C)(CN)CC2)nc(N)c(Sc2cccc(Cl)c2Cl)c1=O,5.22184875
Cc1ncoc1-c1nnc(SCCCN2CC3CCN(c4ccc(C(F)(F)F)cc4)C3C2)n1C,6.721246399
C[C@@H]1CCCN1CCc1ccc2nc(ccc2c1)-c1csc(n1)-c1csc(C)n1,4.906578315
CC(C)OC(=O)N1CCC(CC1)Oc1ncnc2n(ncc12)-c1ccc(cc1F)S(C)(=O)=O,5.522878745
CCCCCCn1c(NC2CCN(CCc3ccc(OC)cc3)CC2)nc2ccccc21,7.522878745
NCC(Cn1c2cc3CCCCc3cc2c2c(c1=O)c(C)[nH]n2)F,4.879426069
O=[N+]([O-])c1cccc(CNc2cc(C(F)(F)F)cc3ncc(N4CCN(CCO)CC4)cc23)c1,7.431798276
COc1ccc(cc1)c1nnc(n1C)CCCCN1CC2[C@@](C1)(C2)c1ccc(cc1)C(F)(F)F,6.494850022
C[C@@H]1Cn2ncc(c2CN1c1ccnc2[nH]ccc12)-c1ccc(cc1)S(C)(=O)=O,5.823908741
CN(C)Cc1ccc(-n2cc(-c3ccc4cc[nH]c4c3)c3c(Cl)ccnc32)cc1,5.769551079
C[C@@]1(c2cc(CNC3(C(F)(F)F)COC3)c(F)cc2F)CCSC(N)=N1,4.782516056
CCN[C@@H](C)CC1=CC=CC(=C1)C(F)(F)F,3.269999997
CC1(C)Oc2ccc(NC(=O)c3ccc(Br)cn3)cc2[C@@]2(COC(N)=N2)C11COC1,5
Cc1cc(F)ccc1C1CCN(CC2Cc3ccccc3CN2)CC1,6.698970004
CCN(CC)C(=O)C1CCCN(C1)C(=O)CC1CCN(Cc2ccn(c2)-c2ccc(cc2)C(F)(F)F)CC1,4.795880017
CCCCc1oc2c(c1C(=O)c1cc(I)c(c(c1)I)OCCN(C(C)C)C(C)C)cccc2,5.886056648
CNS(=O)(=O)Cc1ccc2c(c1)c(CCN(C)C)c[nH]2,4.522878745
COc1cccc(C(c2cc3cc(Br)ccc3nc2OC)C(O)(CCN(C)C)c2cc(C)cnc2C)c1OC,5.958607315
N#Cc1cc([C@H]2CC[C@@H](C(N)=O)N2)ccc1OCc1ccccc1F,4.800000875
COc1cc(N(C)CCN(C)C)c(NC(=O)C=C)cc1Nc1nccc(n1)-c1c[nH]c2ccccc12,4.756961951
CN1Cc2cc(ccc2C1=O)-c1ccc(C[C@H](NC(=O)[C@@H]2C[C@@H](O)CCN2)C#N)cc1,4.48148606
Cc1cnc(NC(=O)Nc2cc(Br)c(C)cc2OC[C@@H]2CNCCO2)cn1,4.55129368
Fc1ccc(c(c1)CCNC12CCC(CC1)(OC2)CC1(O)Cn2c3c1c(F)cnc3ccc2=O)F,7.494850022
CCN1CCN(CC1)c1cc2[nH]c(S[C@@]3(C)CC[C@@H](CC3)c3nnco3)nc2cc1Cl,5.468521083
C[C@@H]1CCCN1CCc1ccc2nc(ccc2c1)-c1cnn(c1C)-c1cc(cc(C)n1)C(F)(F)F,4.774690718
CCn1nc(N2CCC3(CCN(C[C@H](O)c4ccc5c(c4C)COC5=O)CC3)C2=O)ccc1=O,5.119186408
CCN1CCC(CC1)N(C(=O)NCc1ccc(F)cc1)c1ccc(Cl)cc1,5.177178355
COc1ccc(cc1)C(=O)C1CCN(CC1)CCCc1ccccc1,6.804100348
CC(=O)NC[C@@H]1OC(=O)N2[C@H]1COc1cc(ccc21)-c1ccc(nc1)C#N,5.555955204
CC(N1CCCC(C1)Cn1c(C)nc2c(c1=O)nc(cc2)Oc1ccc(c2c1nccc2)F)C,5.030118356
C[C@H]1N2C(COc3cc(c(NC4(C)CNC4)cc23)C(F)(F)F)=NNC1=O,4.522878745
C[C@@H](CO)Oc1cc(Oc2ccc(C(=O)N3CCC3)cc2)cc(C(=O)Nc2ccn(C)n2)c1,4.15490196
OC(=O)c1cc2sccc2[nH]1,5
N\C1=N/C(=O)[C@@H]2CCCN2c2ccc(OCCCCCCNCC(=O)Nc3c(Cl)cc(CN1)cc3Cl)cc2,4.494850022
N/C(CC(O)c1cc2c(F)cc(F)cc2c2cc(C(F)(F)F)ccc12)=N\N=C\c1ccc(F)cc1,7.173925197
NCc1c(C)nc2c(c1c1ccc(cc1Cl)Cl)CN(C2=O)CC(=O)N1CCOCC1,4.096910013
CC(N(C)C)C1(c2ccc(Cl)c(Cl)c2)CCCCC1.Cl,4.397940009
Fc1ccc(Oc2ccc(cn2)C(=O)N2CCCN(CC2)C2CCC2)cc1,5.455931956
CN1CCN(CCOc2cc(C)n(n2)-c2ccc(Cl)c(Cl)c2)CC1,5.13076828
CC1(C)CCc2cc(ccc2O1)S(=O)(=O)N(CC(O)=O)Cc1cccc(c1)-c1ccccc1,4.698970004
CN(C)CC(C)(C)Cn1nc(-c2ccc3nc(OC4CC4)ccc3c2)c2c(N)ncnc21,7.086186148
COc1ccc2ncc(F)c(CCC34CCC(CC3)(CO4)NCc3nc4NC(=O)COc4c(C)c3C)c2n1,5.59345982
COC(=O)CCCN1CCC(CN2CCC(CC2)Oc2ccc(CO)c(Cl)c2)CC1,1.689999999
COc1cnc(cn1)-c1cccc2OC[C@H](Cc12)NC(=O)c1ccc(OCC(F)(F)F)nc1,4.500312917
CCN(CC)Cc1ccc2C[C@H](CCc2c1)N1CCN(CCc2ccc(F)cc2)CC1=O,5.091514981
OC[C@@H]1OC(=O)N2[C@@H]1COc1c2ccc(c1)c1ccc(nc1)C(=O)[C@H](O)C,3.876148359
Clc1cc(C(=O)N[C@@H]2[C@H]3CCC[NH+](CC2)C3)c(OC)cc1N,5.698970004
CN(C)c1ccc(CNC(=O)[C@H]2CNC[C@@H]2c2ccc(C(F)(F)F)cc2)cc1,5.026410377
CCOc1cc2ncc(c(c2cc1N1CCN(CC1)C)Nc1ccc(c(c1)Cl)Cl)C(=O)N,5.366531544
COC1COCCC1N[C@@H]1C[C@H]2CN(C3CC3)C[C@@]2(C(=O)N2CCc3ncc(C(F)(F)F)cc3C2)C1,4.375717904
COc1ccc2ncc(F)c(CC(NOC(C)=O)C34CCC(NCc5ccc6c(n5)NC(=O)CO6)(CC3)CO4)c2n1,4.739928612
OC(=O)[C@@H](Cc1ccccc1)N1CCC(CN2CCC(CC2)Oc2ccc(Cl)c(Cl)c2)CC1,5.200659451
O=C1OC2(CN1c1cccnc1C)CCC(CC2)c1nc2c([nH]1)cc(cc2)OC(F)(F)F,4.301029996
COc1cnc2ccc(=O)n(CCN3CC[C@H](NCc4ccc5OCC(=O)Nc5n4)[C@H](F)C3)c2c1,4
O=C(c1ccccn1)[C@]12Cc3cnn(-c4ccc(F)cc4)c3C=C1CCN(S(=O)(=O)c1ccc(F)cc1)C2,6.008773924
Fc1ccc(Cc2c[nH]c(=O)c3cc(Cl)c(Cl)n23)cc1C(=O)N1CCC2(CCCN2)CC1,4.920818754
COc1ccc2nccc(NC(=O)[C@@]3(O)CC[C@@H](CC3)NCc3cc4OCCOc4cn3)c2n1,4.619788758
CCOc1cc2ncc(c(c2cc1N1CCN(CC1)C1CC1)Nc1ccc(cc1F)F)C(=O)N,4.698970004
CN(CCc1sc2c(c1C(c1cccnc1Cl)C)cccc2)C,5.823908741
N[C@H]1CN(c2ccncc2Nc2ncc3ccc(-c4c(F)cccc4F)nn23)C[C@@H](N)[C@@H]1O,4.982966661
Clc1c(ncc2c1OCCO2)CNC12CCC(CC1)(OC2)CC1(O)Cn2c3c1c(F)cnc3ccc2=O,4.22184875
F[C@H]1CN(CCn2c3cc(Oc4cccnc4)cnc3ccc2=O)CC[C@H]1NCc1ccc2OCC(=O)Nc2n1,4.124938737
CC(C)(Cc1cccc(CC(=O)NCc2cccc(c2)-c2ccc(O)cc2)c1)NC[C@H](O)c1ccc(O)c(NS(C)(=O)=O)c1,5
COC(=O)C1=CC[C@@H]2CC[C@H]1N2C,3.770062314
COc1cc(C=Cc2nc3ccccc3c(=O)[nH]2)ccc1-n1cnc(C)c1,5
CCC12CCCN3CCc4c(C13)n(C(=O)C2)c5ccccc45,6.7000571
CSc1ccc(cc1)C1N=C(OCc2ccc(cc2)NS(=O)(=O)C)N(Cc2c1cccc2)C,6.537602002
CCN[C@H]1CC[C@@H](c2c[nH]c3ccc(NC(=N)c4cccs4)cc32)CC1.Cl,4.638272164
OCc1ccc(OC2CCN(CC3CCN(CC3)c3cccc(c3)C(O)=O)CC2)cc1Cl,0.29
Cc1sc(nc1C(F)(F)F)N1CCN(CC1)C(=O)[C@@H]1CCCC[C@H]1C(=O)NC1(CC1)C#N,4.801342913
CCOC(=O)Nc1ccccc1[C@H](N1CCN(Cc2ccccn2)CC1)c1ccc(cc1)C(=O)N(CC)CC,5.004364805
COC(=O)C1=CCC2CCC1N2C,4.048905443
COCCN(C)C(c1ccccc1)C(O)(c1cccnc1)c1cccnc1,5.462180905
Clc1ccc(cc1)C(NC(=O)C1(N)CCCN(C1)c1ncnc2c1cc[nH]2)C,5.142667504
CON=C1CCC(CN2CCN(c3nc(=O)c4cc(C(F)(F)F)cc([N+](=O)[O-])c4s3)CC2)CC1,4.318939756
Nc1nc2c(s1)CC[C@H]2C(=O)Nc1ccc(C[C@@H]2CC[C@H]([C@H](O)c3cccc(Cl)c3)N2)cc1,5.823908741
C[C@H]1N(CCn2c1nnc2-c1nc(C)ns1)C(=O)c1ccccc1,4.301029996
COc1ccc2nccc([C@@H](O)CC[C@@H]3CCN(C4CC(c5c(F)cccc5F)C4)C[C@@H]3C(=O)O)c2c1,4.322393047
C[C@@H]1CN(CCN1c1ncc(OCc2ccc(CS(C)(=O)=O)cc2)cn1)c1nnc(o1)C(F)(F)F,4.522878745
CO[C@H](C)CN(CCc1ccc(Cl)cc1)C1CCN(c2nc(N)n[nH]2)CC1,5.193820026
Fc1ccc(OCc2cc(OCC3(F)COC3)nc(-c3ccccn3)n2)c(F)c1F,5.199998172
Cc1ncoc1-c1nnc(SCCCN2CC3CC3(C2)c2cc(ccc2F)C(F)(F)F)n1C,5.899629455
CN1C(=O)Cn2c1nc1nc(N3CCC[C@@H](N)C3)n(Cc3cc(F)ccc3C#N)c1c2=O,4.397940009
Cn1c(SCCCN2CC3C(C2)N(CC3)c2ccc(cc2)C(F)(F)F)nnc1c1ccnnc1,7
N[C@H]1CO[C@@H]1COc1ccc2ncc(F)c(CCC34CCC(CC3)(CO4)NCc3ccc4OCC(=O)Nc4n3)c2n1,4.612610174
O[C@@H]1CN(CCn2c3cc(ccc3ccc2=O)C#N)CC[C@@H]1NCc1cc2OCCOc2cn1,3.806875402
Clc1cc(cc(c1)Cl)CC(=O)NC1N=C(c2ccccc2)c2c(N(C1=O)CC(F)(F)F)cccc2,5.397940009
NC(=N)SCCc1ccc(cc1)OCc1ccc(cc1)[N+](=O)[O-],7
C[C@@H]1CCCN1CCc1ccc2nc(ccc2c1)-c1c(C)onc1-c1ccc(Cl)cc1,5.795880017
FC(F)Oc1cc(-c2cnn(Cc3cc[nH]n3)c2)ccc1Cl,5.019542108
Fc1cccc(OC(CC2CNC2)c2ccc(Cl)c(F)c2)c1,5.835647144
Nc1ccc(cc1)C(=O)N1C[C@@H]2CN(C[C@H](C1)C2)Cc1ccccc1,5.443697499
Cc1cccc(N2CCC3CN(CCCSc4nnc(-c5cnccn5)n4C)CC32)c1,6.500038134
O=C(OCC1CCN(Cc2ccc(-c3ccccc3-c3nnn[nH]3)cc2)CC1)c1c2n(c3ccccc13)CCCO2,4.560667306
Fc1ccc(cc1)[C@]1(O)CCN(CC1)[C@@H]([C@H](c1ccc2c(c1)oc(=O)[nH]2)O)C,5.585026652
CO/N=C/1\CN(CC1(C)CN)c1nc2c(cc1F)c(=O)c(cn2C1CC1)C(=O)O,4.050609993
Cc1c([C@@H](O)CN2CCC3(CC2)CCN(c2ccc([S+](C)[O-])nc2)C3)ccc2c1COC2=O,5.522878745
O=CN1CC(=NC1(C)c1cccc(c1)c1cccc(c1)OC)N,4.48148606
Brc1ccc2c(c1)oc(cc2=O)C(=O)NC1CCN(Cc2ccc3OCOc3c2)CC1,9
COc1ccnc2[nH]cc(C(=O)C(=O)N3CCN(C[C@H]3C)C(=O)c3ccccc3)c12,4.096910013
Cn1nnc([C@@H]2[C@H]3CN(C(=O)c4ccc(C[C@@H]5CC[C@H]([C@H](O)c6ccccc6)N5)cc4)C[C@H]32)n1,4.769551079
COc1ccccc1Oc1ccccc1CN1CCC2(CC1)CCN(C(=O)c1cccc[n+]1[O-])CC2,5.719991047
Cn1c(SCCCN2CC[C@]3(C[C@@H]3c3ccc(C(F)(F)F)cc3)C2)nnc1C1CCN(C(N)=O)CC1,5.480001471
CC[C@@H](Nc1nc(NCc2ccccc2)c2c(n1)n(cn2)C(C)C)CO,4.568636236
COc1ccc(cc1)C#Cc1cccc(C#Cc2ccc(OC)cc2)[n+]1C,6.42365865
Nc1nc(N2CCC(N3Cc4cc(F)ccc4OC[C@@H]3Cc3ccc(Cl)cc3)CC2)n[nH]1,5.173925197
ONC(=O)\C=C\c1ccc(CN2CCCC(C2)c2c[nH]c3ccccc23)c(F)c1,4.815308569
COCCN1CCC[C@@H]1Cn1nc(Cc2ccc(Cl)cc2)c2cnccc2c1=O,5.900008766
FC(F)(F)c1ccc(cc1)-n1ccc(CN2CCC(CC2)C(=O)NCCc2ccccn2)c1,5
CCOC(=O)N1CCC(C)(CC1)Sc1nc2cc(Cl)c(cc2[nH]1)N1CCN(CC)CC1,5.408935393
FC1CCN(C1)C(=O)C(C(c1ccc(cc1)c1ccc(=O)n(c1)C)C)N,4
NC1CCCN(C1)c1c(cccc1OC(C)C)/C=C\1/SC(=O)NC1=O,4.522878745
O=C(C1CC1c1ccc(cc1)C(F)(F)F)N1CCN(CC1)S(=O)(=O)c1cc(cc(c1)C(F)(F)F)c1cn[nH]c1C,7.397940009
Fc1ccc(CNC(=O)N(C2CCN(Cc3ccncc3)CC2)c2ccc(Cl)cc2)cc1,5.420216403
CCCCS(=O)(=O)N1Cc2c(C1)cc(cc2)C=CC(=O)NO,4.522878745
CN1CCN(CC1)c1c(F)c(N)c2c3c1OC[C@@H](n3cc(c2=O)C(=O)O)C,3.337242168
O=C(c1ccc(C[C@@H]2CC[C@H]([C@H](O)c3ccccc3)N2)cc1)N1CCN(Cc2nnn(CC3CC3)n2)CC1,4.404724288
COc1ccc(cc1)C(CC(=O)N1CCN(Cc2nc3ccc(C)cc3o2)CC1)c1ccccc1,5.935542011
Fc1ccc(cc1)C(NC(=O)CN1CCN(Cc2ccn(c2)-c2ccc(cn2)C(F)(F)F)CC1)c1ccc(F)cc1,6.096910013
COC1COCCC1N[C@@H]1C[C@H]2CCC[C@]2(C1)C(=O)N1CCc2ncc(OC)cc2C1,4.331614083
Cc1ncoc1-c1nnc(SCCCN2CC[C@]3(C[C@H]3c3ccc(C(F)(F)F)cc3F)C2)n1C,6.599980365
N[C@@H]1CCN(c2ccc(Cl)c(Cl)c2)c2ccccc12,5.462180905
Clc1ccc2c(c1)o[nH]c2=O,5
O[C@@]1(CC23CCC(CC2)(CO3)NCc2cc3OCCS(=O)(=O)c3cn2)Cn2c3c1c(F)cnc3ccc2=O,4.22184875
CCN(C(=O)c1ccc(cc1)C1=C[C@]2(CCCNC2)Oc2c1cccc2)CC,4.896196279
COc1ccc2ncc(=O)n(CCN3CC[C@H](NCc4cc5OCCOc5cn4)[C@@H](F)C3)c2c1,4.124938737
Fc1cccc(CNC(=O)NC2CCN(Cc3ccn(c3)-c3ccc(cc3)C(F)(F)F)CC2)c1,5.920818754
O=C(NC1CC1)c1ccc(O)cc1OC[C@@H](O)CN1CCC2(CC1)Cc1cc(Cl)ccc1O2,6.522878745
CC(C)S(=O)(=O)N[C@@H]1COC[C@@H]1c1ccc(cc1)-c1cccc(c1)C(C)=O,4.200659451
CC(C)(C)NC(=O)C1N(Cc2ccccc2-c2ccccc2)C(=O)c2cc(NS(C)(=O)=O)ccc12,4.823908741
Fc1ccc2c(c1)CC(=CC2=O)C(=O)NC1CCN(CC1)Cc1ccc2c(c1)OC(O2)(F)F,5.251811973
N#Cc1cnc(s1)Nc1ncnc(c1)N1CCNCCC1,5.522878745
CCc1nc(ccc1CN1CCC(CC1)N1[C@@H](CN(C1=O)C1CCOCC1)c1ccccc1)Oc1ccc(cc1)C(=O)O,4.522878745
COC[C@H]1Cn2cc(-c3nc(Nc4ccnn4C)ncc3C)nc2C(=O)N1Cc1ccc(F)c(F)c1,4.958607315
COc1ccc(cc1)c1noc(n1)C1=CC2(c3c1cccc3)CCN(CC2)CC(=O)O,4.477555766
O=C(CCN1CCN(C(=O)OCc2cc(Cl)cc(Cl)c2)CC1)c1ccc2[nH]c(=O)oc2c1,5.568636236
FC(F)(F)c1ccc(NC(=O)NS(=O)(=O)c2ccc(OCCN3CCCCC3)cc2)cc1,4
CCN(C)C(=O)c1ccc(cc1)[C@@H](N1CCN(Cc2nc(C)cs2)CC1)c1cccc(NC(=O)C2CC2)c1,4.744727495
CNC(=O)c1cnc(Nc2ccc(C(F)(F)F)cn2)cc1Nc1cccc(-c2ncn(C)n2)c1OC,4.795880017
N#Cc1ccc(-c2ccc(C[C@@H](C#N)NC(=O)[C@@H]3CCCCC[C@@H]3N)cc2)cc1,5.443697499
CNC(=O)c1ccc(c(N)n1)-c1cc(Cl)cc(Cl)c1Cl,4.522878745
Fc1ccc(F)cc1C=1CN(C(=O)[C@H](N)C(C)(C)C)[C@@H](C=1)c1ccccc1,5.823908741
Cc1c(Cl)cccc1N1CCN(CCCNC(=O)c2nc(-c3ccccc3)n(-c3ccccc3)c2Cn2cncn2)CC1.Cl.Cl.Cl,5.008773924
COc1ccc(cc1)[C@@H](C)N[C@@H]1CC[C@@H](C(=O)N2CCC(CC2)(c2ccccc2)c2ccc(OC)nc2)C(C)(C)C1,6.301029996
COc1ncc(cn1)c1cccc2c1CC(CO2)NC(=O)c1ccc(nc1)OCC(F)(F)F,5.102372909
S(=O)(=O)(N1CC[NH+](CC1)CC)c1cc(C2=NC(=O)c3n(N2)c(nc3C)CCC)c(OCC)cc1,4.89279003
CC[C@H]1C[C@H]2CN3[C@@H]1[C@@H](C2)c1[nH]c2c(c1CC3)cc(cc2)O,5.543633967
COc1cc(C(=O)N2C[C@@H](n3cc(C4CC4)nn3)C[C@H]2C(=O)N[C@H]2CCCC[C@@H]2c2ccccc2)ccc1CN,4.920818754
CCn1cc(C(O)=O)c(=O)c2cc(F)c(N3CCNC(C)C3)c(F)c12,2.62000596
COC(=O)Cc1ccc(CNC(=O)[C@@H]2CSCN2C(=O)CC(N)Cc2ccccc2F)cc1.O=C(O)C(F)(F)F,5.013228266
Fc1cc(NC(=O)c2ccccc2)ccc1-c1nnc(NCCCCN2CCOCC2)o1,4.801342913
CC(C)NC(=O)c1cn(-c2cccc(c2)-c2ccc(cc2)S(C)(=O)=O)c2ncccc2c1=O,4.638272164
COc1cc2CCC(Oc2c(c1)N1CCN(CC1)C)C(=O)Nc1ccc(cc1)N1CCOCC1,4.721246399
O[C@@]1(CC23CCC(CC2)(CO3)NCc2ccc3NCCNc3n2)Cn2c3c1c(F)cnc3ccc2=O,4.22184875
C[C@@H]1CCCN1CCc1ccc2nc(ccc2c1)-c1nccs1,4.935542011
O=C(NC1CN(C1)C1CCC(CC1)c1ccc(cc1)N1CCCC1)CNC(=O)c1cccc(c1)C(F)(F)F,6
OC(CN1CCN(CC1)Cc1ccc(c(c1)Cl)Cl)COc1ccc(cc1)F,6.537602002
Fc1ccc2c(o[nH0]c2C2CC[N+](CC2)CCC2C(=O)[N+]=3CCCCC=3N=C2C)c1,6.787812396
COc1ccc(COc2ccn(-c3ccc(OCCN4CCCC4)cc3)c(=O)c2)cc1,9
N#Cc1ccc(-c2cccc(F)c2)c(C(=O)N2Cc3cn(-c4cncc(F)c4)nc3C2)c1,5.055517328
COc1cc(C(O)(CCN(C)C)C(c2cc3cc(Br)ccc3nc2OC)c2cccc(OC)c2F)c(OC)cn1,5.769551079
COc1cc([C@H]2CC[C@@H](C(N)=O)N2)ccc1OCc1ccccc1F,5.399996913
FC(CN1CC(C(C1)C(=O)Nc1ccc(cn1)Cl)C(=O)Nc1ccc(cc1F)n1ccccc1=O)F,5
O=c1c2cc(Cc3ccc(Cl)nc3)c3ccccc3c2ncn1[C@H]1CCCC[C@@H]1O,4.886056648
C[C@@H]1CCCN1CCCOc1ccc(cc1)c1sc2c(n1)CCN(C2)C(=O)C,5.200659451
CC(=O)CN1CCN(C(C1)C)c1cc2[nH]c(nc2cc1Cl)SC(C)(C)C,5
CC(C)[C@@H](N(CCCN)C(=O)c1ccc(C)cc1)c1nc2cc(Cl)ccc2c(=O)n1Cc1ccccc1,5.327902142
CC(C)c1cc(nc(C)n1)C(=O)NCCCN1CCN(CC1)c1cccc(Cl)c1Cl,5.26760624
CC(C)(O)C(=O)NC1CC(C)(C)Oc2nc(-c3ccc(Cl)cc3Cl)c(cc12)-c1ccc(Cl)cc1,6.420216403
Clc1ccc(cc1)C(NC(=O)C1(N)CCCN(C1)c1ncnc2c1cc[nH]2)CNS(=O)(=O)C,4.477555766
CC(C)Oc1ncc(s1)[C@]1(O)CC[C@@H](CC1)N1CC(C1)NC(=O)CNC(=O)c1cccc(c1)C(F)(F)F,4.552841969
Cn1c(SCCCN2CC3CCN(c4c(F)cc(F)cc4F)C3C2)nnc1-c1ccn(C)c(=O)c1,5.199998172
Clc1ccc(NC(=O)N2CCN(CC3CCCNC3)CC2)cc1Cl,5.795880017
CC1CCCN1CCc1ccc(cc1)-c1ccc(cc1)S(N)(=O)=O,5.113509275
COc1ccc(cc1)c1nnc(o1)C(=O)N1CC(C1)Oc1ccc(cc1)CN1CC(C(C1)(C)C)O,5
Cn1c(SCCCN2C[C@@H]3C[C@@]3(C2)c2ccc(cc2)C(F)(F)F)nnc1-c1cncnc1,5.499996932
CNC(=O)c1ncn-2c1COc1c(CCN3CCN(CC3)c3cccc4nc(C)ccc34)cccc-21,5.799998135
COCc1ccc(-c2cc3c(cc2F)ncc2c3n([C@H]3CC[C@H](OC)CC3)c(=O)n2C)cn1,4.568636236
CNCc1cc(ccc1Oc1ccc(Cl)c(Cl)c1)C#N,6.341035157
CC(C)Oc1cc(n[nH]1)-n1cnc2ccc(N[C@@H](C)c3ccc(F)cn3)nc12,4.494850022
COc1ccc(CCN2CCC(CCc3ccccc3OCCF)CC2)cc1.Cl,6.455931956
O=C1N(C[C@H]2CCCc3cccc1c23)[C@@H]1CN2CCC1CC2,5.522878745
COc1cc(N)c(Cl)cc1C(=O)N[C@H]1CCN(CC2CCN(C(=O)CC(C)C)CC2)C[C@H]1OC,5
O=C(O)C[C@H](CN1CC[C@@H](CCc2ccc3c(n2)NCCC3)C1)c1cccc(OC2CCOCC2)c1,5.099999035
Cn1c(SCCCN2CC3CCN(c4ccccc4C(F)(F)F)C3C2)nnc1-c1cccnc1,5.300162274
COc1cc(C[C@@H](CO)[C@H](CO)Cc2ccc(O)c(OC)c2)ccc1O,4.670000424
CC(N1CCN(CCN2Cc3ccccc3C2)C1=O)c1cccc(c1)C(F)(F)F,5.900008766
S(=O)(=O)(N)c1cc(ccc1OC)C[C@H]([NH2+]CCOc1ccccc1OCC)C,3.979638717
COc1nc2ccccc2cc1C(c1ccccc1)C(O)(CCN(C)C)c1cccc2ccccc12,5.795880017
CC(=O)N1CCC(CC1)C1NC(Cc2c1[nH]c1c2cccc1)c1[nH]cc(n1)c1ccccc1,5.008773924
CC1CCCN1CCc1ccc2nc(-c3ccsc3)ccc2c1,5.318758763
C[N@H+]1CCCC[C@H]1CCN2c(cccc3)c3Sc(c24)ccc(c4)SC,6.439973751
COc1ccc2nccc(CC[C@H]3OC[C@H](NCc4ccc5c(c4)OCCO5)CO3)c2c1,5.292429824
Fc1ccc(cc1)Oc1ncc2c(c1)c(=O)n(c(n2)C)CC1CCCN(C1)C(C)C,5.886056648
COCC(COc1cn2c(c1C)c(ncn2)Oc1ccc2c(c1F)cc([nH]2)C)O,4.744727495
Cn1c(nnc1C(CCCN1CC2[C@@](C1)(C2)c1ccc(cc1)C(F)(F)F)(C)C)c1ccccc1,6.200659451
Cc1nc2ccccc2n1C1C[C@@H]2CC[C@H](C1)N2CC[C@H](NC(=O)C1CCS(=O)CC1)c1cccc(F)c1,5
O=C1COc2c(N1)nc(c(c2)F)CNC12CCC(CC1)(OC2)CC1(O)Cn2c3c1c(F)cnc3ccc2=O,3.477555766
NC1(CCN(CC1)c1ncnc2[nH]ccc12)C(=O)NC(Cc1ccccc1)c1ccc(Cl)cc1,5.455931956
C[n+]1c(CCCOc2ccccc2Cl)cccc1CCCOc1ccccc1Cl,7.13076828
CCCCCCCN(CCCCc1ccc(cc1)NC=O)CC,6.482804102
Cc1cccc(N2CCN(CCCNC(=O)c3nc(C)n(-c4ccc5c(c4)OCCO5)c3C)CC2)c1C.Cl.Cl,5.060480747
NCCOc1ccc2ncc(F)c(CCC34CCC(CC3)(CO4)NCc3ccc4OCC(=O)Nc4n3)c2n1,4.756961951
O[C@H](CNC(=O)c1c[nH]c(=O)cc1C(F)(F)F)CN1CCC(CC1)Oc1ccc(Cl)c(Cl)c1,5.124938737
O=C(O)C[C@H](CN1CC[C@@H](CCc2ccc3c(n2)NCCC3)C1)c1cccc(C2CCOC2)c1,4.400000186
Fc1cc(ccc1-c1ccc2C(=O)N(CCN3CCCC3)CCc2c1)C(=O)N1CCCC1,4.946921557
O=C1CN(CCN1c1ccc(cc1)OCCCN1CCCCC1)C(=O)c1cccc(c1)S(=O)(=O)C,4.200659451
CNC(=O)c1cc(OCCCCN2CCC(c3noc4cc(F)ccc34)CC2)ccc1F,6.000869459
Cn1c(SCCCN2CC[C@]3(C[C@@H]3c3ccc(F)cc3F)C2)nnc1-c1cccnc1,5.552841969
CN1Cc2cc(ccc2C1=O)-c1ccc(C[C@H](NC(=O)[C@@H]2CCCCN2)C#N)cc1,4.48148606
Clc1cccc(c1)N1CCN(CCN2Cc3ccccc3C2)C1=O,5.500312917
Cc1cnc(cn1)-c1nnc(SCCCN2C[C@@H]3C[C@@]3(C2)c2ccc(cc2)C(F)(F)F)n1C,6.100015437
COc1cnc(cn1)-c1c(C)ccc(F)c1CCNC(=O)c1ccc(COCC(F)(F)F)nc1,4.700000504
O=C(NC1CN(C1)C1CCC(CC1)c1cccnc1)CNc1ncnc2c1cc(cc2)C(F)(F)F,4.795880017
CC1CN(CCN1C(=O)C(=O)c1c[nH]c2c1cncc2)C(=O)c1ccccc1,4.096910013
N#Cc1ccc(C(=O)N2CCN(c3ccc(OC4CCN(C5CCC5)CC4)cc3)C(=O)C2)cc1.O=CO,5.030002001
COc1ccc(cc1)c1noc(n1)C1=CC2(c3c1cccc3)CCN(CC2)CC(=O)N,4.477555766
Clc1cc(Cl)cc(c1)C(=O)NCCCNc1nc2ccccc2[nH]1,5.931814138
ONC(=O)\C=C\c1ccc2CN(CCC3CCCCC3)Cc2c1,4.657577319
O=C(O)c1cc(N2CCN(CCc3ccc(OCCCN4CCCCCC4)cc3)CC2)c2ncccc2c1,4.400000186
CCN(CC)C(=O)c1ccc(cc1)[C@@H]1CC2(CCNCC2)Oc2ccccc12,5.293282218
O[C@H](c1ccccc1)C[C@@H]1CCC[C@@H](N1C)CC(=O)c1ccccc1,6.468521083
CC(C)Oc1ncc(cc1C#N)-c1nc(no1)-c1ccc2CCNCCc2c1,5.499996932
NC(=O)c1ccn(c1)-c1cccc(OC(=O)NCCCCCCCCCC#C)c1,5
COc1cc2ccc(Br)cc2cc1[C@@H](c1cccc(C)c1)[C@@](O)(CCN(C)C)c1cccc2c1OCO2,6.301029996
CC(=O)NC1CCN(CC1)Cc1ccc(cc1)OCCCc1ccc(nn1)Oc1ccccc1,4.886056648
O(C)c1c(OC)cc(cc1OC)[C@@](C(C)C)(CCCN(CCc1cc(OC)c(OC)cc1)C)C#N,5.180456064
O=C(CCc1ccccc1)c1ccccc1OCC(O)CN1CCN(C(c2ccccc2)(c2ccccc2)c2ccccc2)CC1,4.326979093
Cc1cccc(c1)N1CCN(CC1)CCCCCCN1CCN(CC1)c1ccccn1,5.060480747
COc1ccccc1OCC(O)CN1CCN(CC(=O)Nc2c(C)cccc2C)CC1,4.920818754
CC1(C)Oc2ccc(NC(=O)c3ccc(Cl)cn3)cc2[C@@]2(COC(N)=N2)C11CC1,5.494850022
F[C@H]1CCN(C1)C(=O)[C@H]([C@@H](C(=O)n1cnnn1)c1ccc(cc1)c1ccc(cc1)F)N,4.387216143
O=C(NC1N=C(c2ccccc2)c2c(N(C1=O)C)cccc2)CCC1CCCCC1,6
C\C(=C/c1cccnc1)c1nc2cc(C)c(C)cc2n1Cc1ccc(Cl)cc1,5
NC(=O)c1cccc(O[C@H]2C[C@@H]3CC[C@H](C2)N3Cc2ccccn2)c1,9
C[C@@H]1CNCCN1c1ccc(=O)n(CCOc2ccccc2C(F)(F)F)n1,5.431798276
O[C@@]12CC3CC(C1)[C@H](NC(=O)c1cnc(nc1C1CC1)N1CCOCC1)C(C3)C2,4
O=C1NCc2c(N1c1c(Cl)cccc1Cl)nc(nc2c1ccccc1Cl)NN1CCOCC1,5.161150909
CO[C@H]1CCN(CCn2ncc3cc(ccc23)-n2ccc(OCc3ccccc3)cc2=O)C1,5.744727495
S(=O)(=O)(Nc1ccc(cc1)[C@@H](O)C[NH2+]C(C)C)C,4.130006
C[C@@H]1CCCN1CCc1ccc2nc(ccc2c1)-c1nnn(c1C)-c1ccc(F)cc1F,5.552841969
OC[C@@H]1OC(=O)N2[C@@H]1COc1c2ccc(c1)c1ccc(nc1)C#N,4.736363931
COc1cc(C=Cc2nc3ccc(F)cc3c(=O)[nH]2)ccc1-n1cnc(C)c1,5
Cc1c(C(O)CN2CCN(CC(O)c3ccc4c(c3C)COC4=O)CC2)ccc2c1COC2=O,4.552841969
Oc1ccc(-c2c[nH]c([C@H]3Cc4c([nH]c5ccccc45)[C@@H](C4CCOCC4)N3)n2)cc1,6.330683119
Cl.Cn1cc2c(OCC3CCN(CCN4CCOCC4)CC3)nc3ccccc3c2c1,5.913640169
ONC(=O)C=Cc1ccc(cc1)CN(C(C)C)CCc1c(nn2c1cccc2)c1ccccc1,5.088309841
CCOC(=O)N1CCC(CN2CC[C@H](NC(=O)c3cc(Cl)c(N)cc3OC)[C@H](OC)C2)CC1,5.339134522
CN(C)Cc1cc(C)ccc1Oc1ccc(Cl)c(Cl)c1,5.469800302
O=C(CN1C(OC(C1=O)(C)CC(F)(F)F)c1ccccc1)Nc1ccc2c(c1)C[C@@]1(C2)C(=O)NC(=O)N1C,4.22184875
NC(=O)c1cnc(NC(C2CC2)C2CC2)c2c3ccc(cc3[nH]c12)-c1cnc(N)nc1,5.086186148
Cn1c(SCCCN2CC[C@]3(C[C@@H]3c3ccc(C(F)(F)F)cc3)C2)nnc1-c1ccccn1,6.68006156
CNCc1ccc(Cl)cc1Oc1ccc(Cl)c(C)c1,5.749579998
CCOCCn1c(nc2ccccc12)[C@@H]1CCCN(C1)C1CCOCC1,5.677780705
NC1=NC2(c3cc(ccc3OCC22CC2)-c2cncnc2)C(F)(F)CS1,6
Cc1cc[n+]([O-])c(C)c1C(=O)N1CCC(C)(CC1)N1CCC(CC1)N(c1ccccc1)c1cccnc1,4.522878745
Cc1cccc(c1)COC(=O)N1CCC(CC1)CNc1ncccn1,5.036212173
COc1cc([C@](O)(CCN(C)C)[C@H](c2cccnc2OC)c2cc3cc(Br)ccc3nc2OC)cc(OC)n1,5.769551079
CCN(CC)c1ccc2cc(C(=O)NCCCCN3CCC(Nc4nc5ccccc5n4Cc4ccc(F)cc4)CC3)c(=O)oc2c1,6.36251027
O=C1N(CC[C@@H]1[NH2+]Cc1n(cnc1)Cc1ccc(cc1)C#N)c1ccncc1,5.494850022
COc1ccc2nccc(CC[C@H]3CC[C@H](NCc4ccc(Cl)c(Cl)c4)CC3)c2c1,5.638272164
Cc1ccc(s1)N1CCN(CCN2Cc3ccccc3C2)C1=O,4.500312917
CC(C)c1ncc(s1)[C@]1(O)CC[C@@H](CC1)N1CC(C1)NC(=O)CNC(=O)c1cccc(c1)C(F)(F)F,4.301029996
CCO/N=C/c1ccc(OCCC(C)CCN2CCN(c3ccnc(N)c3)C2=O)cc1,6.096910013
Nc1cnc(cn1)c1ccc(cc1)C1(OCCC1C)c1ccc(nc1)C(=O)NCC(O)(C)C,4.494850022
CN(C)c1ccc(\C=C\c2c(F)cccc2F)nc1,4.675717545
C[C@@H](NC(=O)C1(N)CCN(CC1)c1ncnc2[nH]ccc12)c1ccc(Cl)cc1,5.041340573
CNCc1cc(C(=O)N[C@@H]2CCc3ccc(Oc4ccnc5c4CCC(=O)N5)cc3C2)cc(C(F)(F)F)c1.Cl.Cl,5
CN(C)CC\C=C1\c2ccccc2COc2ccccc12,5.190002845
CN(CC/C=C\1/c2ccccc2OCc2c1cccc2)C,5.187086643
COc1ccc(NC(=O)NC2CC2)c(OC[C@@H](O)CN2CCC3(CC2)Cc2cc(Cl)ccc2O3)c1,6.15490196
C[C@@H]1Cn2ncc(C3CCN(CC3)S(C)(=O)=O)c2CN1c1ccnc2[nH]ccc12,4.522878745
Clc1cc2c(n(cc2C[NH+](C)C)-c2ccc(F)cc2)cc1,4.958607315
CN1Cc2ccccc2[C@@H](N=C1OCc1ccc(NS(C)(=O)=O)cc1)c1ccccc1,4.537602002
COc1cc(OC)c(\C=C\S(=O)(=O)Cc2cnc(OC)c(NS(C)(=O)=O)c2)c(OC)c1,4.602059991
N[C@H]1CCCC[C@H]1Nc1nnc(C(N)=O)c(Nc2cccc(c2)-n2nccn2)n1,5.431798276
Fc1ccccc1C(=O)Nc1ccc(cc1)-c1nnc(NCCCCN2CCCC2)o1,4.900001867
Cc1ccc(cc1)CN1C2CCC1CC(C2)Oc1cccc(c1)C(=O)N,6.853871964
COc1c(C)cc(cc1C#N)C1(N=C(N)c2c1cccc2F)c1cccc(c1)-c1cncnc1,5.677780705
CCc1cc([nH]n1)C(=O)N[C@@H]1CC(C)(C)Oc2nc(-c3ccc(Cl)cc3Cl)c(cc12)-c1ccc(Cl)cc1,5.920818754
NCCCC(Nc1cc(OC)cc2c1nccc2)C,4.66756154
COCc1cnn(c1)-c1ccc2OC3(CCC3)C3(COC3)C3(COC(N)=N3)c2c1,5
COc1ccc2nccc(CC[C@H]3OC[C@H](NCc4ccc5c(n4)NC(=O)CO5)CO3)c2c1,5.602059991
COc1cc(ccc1Nc1ncc(Cl)c(n1)-c1cnc2ccccn12)N1CCOCC1,5.494850022
CC1(C)Oc2ccc(NC(=O)c3ccc(F)cn3)cc2[C@@]2(COC(N)=N2)C11CC1,5
O=C(N1CCC(CC1)CNc1nncs1)OCc1ccccc1,5
CN(C(=O)c1c(C)onc1-c1ccccc1Cl)c1ccc(C)c(Cl)c1,4.301029996
Fc1cccc(c1)C1(CCN2[C@@H]3CC[C@@H]2C[C@@H](C3)n2c(C)nc3c2cccc3)CCN(CC1)C(=O)c1ccc(cc1Cl)NS(=O)(=O)C,5
FC1(F)CCN(C1)C(=O)[C@@H]1C[C@@H](CN1)N1CCN(CC1)c1ncccc1C#N,5
Cc1nc2ccc(F)cc2c(=O)n1-c1ccc(OCCCN2CCCC2)cc1,5.602059991
CN(C1CCN(Cc2nc3cc(F)ccc3s2)CC1)C(=O)Cc1ccc(cc1)-n1cnnn1,5.886056648
C[C@H]1CN(C(=O)c2ccnc(Nc3nc4cnc(Nc5ccc(F)c(C(F)(F)F)c5)cc4[nH]3)c2)C[C@@H](C)N1,4.886056648
NC(=O)Nc1ccc(F)cc1OC[C@@H](O)CN1CCC2(CC1)Cc1cc(Cl)ccc1O2,6.397940009
OCC1CCCN1CCCOc1cc2ncnc(c2cc1OC)Nc1[nH]nc(c1)CC(=O)Nc1cccc(c1F)F,4.522878745
OC[C@H]1CC[C@@H](CC1)Nc1ccc2ncc(-c3cccc(OC(F)(F)F)c3)n2n1,4.522878745
CN(S(=O)(=O)c1ccc2c(c1)CCNCC2)CC1COc2c1cccc2,5.524328812
O=C(O)C1CCC2(CCN(c3ccc(-c4nc5cc(C(F)(F)F)ccc5[nH]4)cn3)CC2)OC1,4.832682665
CSc1nn2c3CCCCc3c(C)nc2c1S(=O)(=O)c1ccccc1,5.075720714
CC(C)(C)C(F)CN1CCC(CNC(=O)c2cc(Cl)cc(Cl)c2)CC1,5.327902142
Cc1c(CCN2CCN(C(=O)Cc3ccc(-n4cnnn4)cc3)CC2)ccc2c1COC2=O,4.886056648
Nc1ccccc1NC(=O)\C=C\c1ccc(cc1)[C@H]1CN(CCO)C[C@@H]1C(=O)Nc1ccc(Cl)cc1,4.823908741
S1CCC(CC1)C1NC(Cc2c1[nH]c1c2cccc1)c1[nH]cc(n1)c1ccccc1,6.920818754
CCn1cc2c(Oc3cnc(C(=O)N4CCC4)c(F)c3)cc(cc2n1)C(=O)Nc1cnc(C)cn1,3.522878745
Cc1c(Cl)cccc1N1CCN(CCCNC(=O)c2nc(-c3ccccc3)n(-c3ccccc3)c2C)CC1.Cl.Cl.Cl,5.886056648
CN1c2ccccc2C(=N[C@@H](NC(=O)\C=C\c2ccc(Cl)cc2Cl)C1=O)c1ccccc1,5.823908741
COc1ccc2c(c1)CC(=CC2=O)C(=O)NC1CCN(CC1)Cc1ccc2c(c1)OCO2,4.93930216
COC(=O)C1=C(C)NC(C)=C(C(=O)OCC(C)C)C1c1ccccc1[N+](=O)[O-],4.638272164
CCc1nc2ccc(C3CCN(CC(=O)N4CC(O)C4)CC3)cn2c1N(C)c1nc(-c2ccc(F)cc2)cs1,5.251811973
C[C@@H](N1[C@H]2CC[C@@H]1C[C@H](C2)Oc1cccc(c1)C(N)=O)c1ccnc(Cl)c1,9
NC(=O)c1ccc(O[C@@H]2C[C@@H]3CC[C@H](C2)N3Cc2ccccc2)nc1,5.886056648
CCCN([C@H]1CCNC1)C(=O)c1ccccc1SC,4.698970004
C(Cc1ccc(Oc2nc3ncccc3s2)cc1)N1CCCCC1,5
Nc1ccc(cc1NC(=O)c1ccc(CNC(=O)OCc2cccnc2)cc1)-c1ccccc1,5.522878745
CC(C)c1cc2cccc(-c3nnc(C4CCN(CC5CCOCC5)CC4)o3)n2n1,5.721246399
Cn1cnc(-c2cnc(O[C@@H]3CCN(C(=O)Cc4ccc(OC(F)(F)F)cc4)C[C@@H]3F)c(C(N)=O)c2)c1,5.045757491
Fc1ccc(cc1)Oc1ccc2c(c1)c(=O)n(c(n2)C)CC1CCCN(C1)C(C)C,5.795880017
Cc1nc2n(c(=O)c1CCN1CCN(c3cccc4sccc34)CC1)CCCC2,5.573488739
Cn1c(SCCCN2CC3C(C2)N(CC3)c2ccc(cc2)C(F)(F)F)nnc1c1ccncc1,7
O[C@@]1(CC23CCC(CC2)(CO3)NCc2ccc3OC(F)(F)Oc3c2)Cn2c3c1c(F)cnc3ccc2=O,4.549750892
O=C(c1ccc(nc1)OCC(F)(F)F)NC1COc2c(C1)c(ccc2)c1cccnc1,4.600326279
O=C(Nc1ccc(Cl)cn1)[C@H](COCCO)Oc1ncnc2c1cnn2-c1ncccc1Cl,4.300000202
OC(=O)C(N1CCO[C@H](CN2CCC(CC2)Oc2ccc(Cl)c(Cl)c2)C1)c1ccccc1,4.500312917
Clc1cccc(c1)N1CCN(C1=O)CCN1CC2(CC1CC(C2)c1ccccc1)C,7.200659451
CC(C)(C)c1cc(NC(=O)n2ccc3cc(Oc4ncnc5c4CNC5)ccc32)no1,4.628932138
CCN(C1CCN(CC[C@H](C2CCN(CC2)S(C)(=O)=O)c2ccccc2)CC1)C(=O)Cc1ccc(cc1)S(C)(=O)=O,4.602059991
CCCCCCCCn1c(NC2CCN(CCc3ccc(OC)cc3)CC2)nc2ccccc21,5.485452247
N#Cc1cnc(cn1)Nc1ncc(c(c1)NC[C@@H]1CNCCO1)C#CC(O)(C)C,4.585026652
CC(C)n1c(C)ncc1-c1nc(Nc2ccc(cc2)C(=O)N(C)C)ncc1F,4.958607315
CS(=O)(=O)OC(CCN1CCCCC1)(c2ccccc2)c3ccccc3,5.219999702
COC(=O)c1ccccc1-c1ccc(CN2CCC(COC(=O)c3c4n(c5ccccc35)CCCO4)CC2)cc1.CS(=O)(=O)O,6.882728704
CC(C1(CCC(C1)NC1C2CCCC1COC2)C(=O)N1CCN(CC1)c1nccc(c1)C(F)(F)F)C,5.886056648
N[C@H]1CN(c2cnc3nccnc3n2)CC[C@@H]1c1cc(F)c(F)cc1F.O=C(O)C(F)(F)F,5.004364805
COc1ccc2CCC(=O)N(CCN3CCC(CC3)NCc3ccc4OCC(=O)Nc4n3)c2c1,4.537602002
O=C1OCC(=C1c1ccccc1)c1ccc(cc1)S(=O)(=N)C,4
CN1CCc2cncn2Cc2ccc(C#N)c(Oc3ccc4cccc(N5CC[C@@H]1C5=O)c4c3)c2,6.744727495
O=C(N1CCC(CC1)CNc1ncccn1)OCCc1ccccc1,5
COCCOc1ccn2c(-c3ccc4cccc(O[C@@H]5CCNC[C@H]5F)c4n3)cnc2c1,5.408935393
O=C(NC1CN(C1)C1CCC(CC1)(O)c1cncs1)CNc1ncnc2c1cc(cc2)C(F)(F)F,4.301029996
Cn1ccnc1[C@]1(O)CC[C@@H](CC1)N1CC(C1)NC(=O)CNC(=O)c1cccc(c1)C(F)(F)F,4.823908741
CC(C)(C)NC(=O)NCCN1CCC(CO)(CNC(=O)c2cc(Cl)cc(Cl)c2)CC1,4.48148606
C[C@H]1N(CCn2c1nnc2-c1nc(C)ns1)C(=O)c1ccc(cc1)C(F)(F)F,4.346787486
O=P(N(Cc1ccccn1)c1cccnc1)(c1ccccc1)c1ccccc1,4.48148606
CCCOc1cc(N)ccc1C(=O)OCCN(CC)CC,4.779999191
CCC(NS(=O)(=O)c1ccc(cc1)c1ccc(cc1)CCN1CCCC1C)CO,5.292429824
Cc1[nH]c2ccccc2c1CCN1Cc2ccc(\C=C\C(=O)NO)cc2C1,5.318758763
O[C@H](CNC(=O)c1n[nH]c2ccccc12)CN1CCC(CC1)Oc1ccc(Cl)c(Cl)c1,6.599980365
CN1CCC[C@H](C1)c1nc2ccccc2n1Cc1ccc(F)cc1,6.15490196
CN1C[C@H](Cc2ccc(Cl)cc2)N(C2CCN(c3n[nH]c(N)n3)CC2)Cc2ccccc21,5.494850022
COc1cc(F)ccc1-c1cncc(NC2CCCOC2)c1,5.026872146
OC(=O)C1=CC(=O)c2c(Cl)cc(Cl)cc2N1,5.050000457
Cc1nnc(C(C)C)n1C1CCN(C(C)C[C@H](NC(=O)C2CC(F)(F)C2)c2ccccc2)CC1.Cl,5.638272164
O=C(CCCS(=O)(=O)c1ccccc1)Nc1cc[nH]c(=O)n1,4.168770306
COc1ccc2c(c1)[nH]c(n2)Cc1ccc(cc1)Oc1ccccc1,6.229147988
CCS(=O)(=O)c1ccc2c(c1)nc(n2COC(F)(F)F)C(C)(C)C,5.207608311
CC1(NCCc2c1oc1cc(ccc21)S(=O)(=O)c1cccc(F)c1)C(F)F,4.522878745
CC1(C)CC(Cc2ccc(-c3ccc(-c4cn[nH]c4)cc3O)nn2)CC(C)(C)N1,4.769551079
Cn1cc(-c2nnc(SCCCN3CC[C@]4(C[C@@H]4c4ccc(C(F)(F)F)cc4)C3)n2C)cn1,6.33003263
COc1nc2ccc(Br)cc2cc1C(c1cccc(C)c1)C(O)(CCN(C)C)c1cccnc1OC,6.346787486
Cc1ccccc1[C@@H]1CCN(C[C@@H]2CCc3cccnc3[C@@H](O)C2)C[C@H]1O,4.397940009
COc1ccc2OCC(=O)N(CCN3CCC(CC3)NCc3cc4OCCOc4cn3)c2c1,4.886056648
FC(F)(F)c1ccc(cc1)-n1ccc(CN2CCC(CC(=O)NC(c3ccncc3)c3ccc(Cl)cc3)CC2)c1,5.769551079
Clc1ccc(cc1)-n1cc(C(=O)Nc2c(Cl)cncc2Cl)c(=O)c2cccnc12,6.70333481
Cc1cccnc1CN1CCC2(CC1)N(C(=O)N(C2=O)c1ccc(cc1)-c1ccc(cc1)C(O)=O)c1cc(=O)[nH]cn1,4.522878745
O[C@@]1(CC[C@@H](CC1)N1CC(C1)NC(=O)CNC(=O)c1cccc(c1)C(F)(F)F)c1ccc2CCOc2c1,4.931814138
Cc1c(CCN2CCN(C(=O)Cc3ccc(-n4cnnn4)nc3)CC2)ccc2c1COC2=O,4.769551079
COc1cc(-c2cn(C3CSc4ccccc4N(CC(F)(F)F)C3=O)nn2)ccc1-n1cnc(C)c1,5.32330639
Cl.CCOC[C@@H](CC(C)C)NC(=O)[C@@H]1CNC[C@@H](C1)C(=O)N(C1CC1)c1ccc(C(C)C)c(OCCCOC)n1,5.48148606
Clc1cc2sc(nc2cn1)N1CCC(CC1)N1CCCCC1,5.161150909
O=C(O)c1ccc2c(c1)C(=O)OC21CCN(c2ccc(-c3nc4cc(C(F)(F)F)ccc4[nH]3)cn2)CC1,6.251811973
COC(=O)C1=CCCN(C1)C,2.019996628
S1[C@H](C)C(=NNC1=O)c1cc2CCCN(c2cc1)\C(=N\CC)\c1cc(OC)c(OC)cc1,5.180456064
CC(C)(C)NC(=O)NCCN1CCC(CNC(=O)c2cc(Cl)cc(Cl)c2)C1,5.236572006
Fc1ccc(cc1)[C@H]1CC(=NN1c1ccc(cc1)C#N)c1ccc2[nH]c(=O)oc2c1,9
COc1cc(ccc1Nc1ncc(Cl)c(n1)-c1cnc2ccccn12)N1CCN(CC1)S(C)(=O)=O,4.48148606
COc1cc(ccc1n1cnc(c1)C)c1nnn(c1)C1CCCCN(C1=O)CC(F)(F)F,4.659555885
O1[C@H](CC)[C@@](O)(C)[C@H](O)[C@@H](C)C(=O)[C@@H](C[C@](O)(C)[C@@H](O[C@H]2O[C@@H](C[C@@H]([NH+](C)C)[C@H]2O)C)[C@H](C)[C@@H](O[C@@H]2O[C@H](C)[C@@H](O)[C@](O)(C2)C)[C@@H](C)C1=O)C,3.832682665
CC[C@H]1OC(=O)[C@H](C)[C@@H](O[C@H]2C[C@@](C)(OC)[C@@H](O)[C@H](C)O2)[C@H](C)[C@@H](O[C@@H]2O[C@H](C)C[C@@H]([C@H]2O)N(C)C)[C@](C)(O)C[C@@H](C)C(=O)[C@H](C)[C@@H](O)[C@]1(C)O,4.709965389
Fc1ccc(cc1)COCCN(C(=O)c1cccc(c1)S(=O)(=O)N1CCc2c(C1)cccc2)C,5.064492734
CCOC(=O)C1CCN(CCCOc2ccc(cc2)S(=O)(=O)NC(=O)Nc2ccccc2)CC1,4.104025268
Cn1c(SCCCN2CC[C@]3(C[C@@H]3c3ccc(C(F)(F)F)cc3)C2)nnc1-c1ccoc1,6.819874125
Brc1cnc2nc(oc2c1)N1CCN2CCC1CC2,5.638272164
CC1(C)Oc2ccc(NC(=O)c3ccc(F)cn3)cc2C2(COC(N)=N2)C11COC1,5
Fc1cccc(c1)C1(CCN2[C@@H]3CC[C@@H]2C[C@@H](C3)n2c(C)nc3c2cccc3)CCN(CC1)C(=O)c1cc(c(cc1Cl)F)S(=O)(=O)NC1CC1,4.920818754
NC(=O)Nc1ccc(-c2nc(NCc3ccccn3)c3c(-c4ccccc4)cccc3n2)cn1,5.318758763
OCCC1CCCCN1C(=O)NC1CCN(Cc2ccn(c2)-c2ccc(cc2)C(F)(F)F)CC1,5.511449283
Cc1ncoc1-c1nnc(SCCCN[C@@H]2CC[C@@]3(CC23)c2ccc(cc2F)C(F)(F)F)n1C,6.22184875
Nc1nc(cn1CC(O)c1ccc(Cl)cc1Cl)C1CC1,5.346787486
FC(F)(F)c1cnc2CCN(Cc2c1)C(=O)[C@@]12CCC[C@@H]1C[C@H](C2)NC1CCCCC1,4.473660723
C(Cc1ccc2nonc2c1)N1CCN(CCc2ccc3nonc3c2)CC1,7.173925197
CCCOc1cccc(-n2cc3nc(-c4cccnc4C)n(C[C@H]4CCCN(C[C@H]5CCCO5)C4)c(=O)c3n2)c1,5.13667714
O=C(NC1CCC(CC1)(O)c1ccc(cc1C)O)CCc1ccccc1,5
O=C1NN=C(c2ccc(OC3CCN(C4CCC4)CC3)cc2)[C@@H]2C[C@H]12,5.22184875
CCN1CCc2c(sc(NC(=O)Nc3ccc(Cl)cc3)c2C(N)=O)C1.Cl,5.4867824
O=C(Cc1cccnc1)N1CCC(CC1)c1ccc(NC(=O)c2ncc([nH]2)C#N)c(c1)C1=CCCCC1,5
COCC[C@@H]1C[C@@H](CC[C@@H]1NC(=O)CNC(=O)c1cccc(c1)C(F)(F)F)N(C)C(C)C,4.096910013
CC1Cc2c3cc(F)ccc3[nH]c2C2(N1)C(=O)Nc1c2cc(Cl)cc1,4.522878745
CO[C@H]1CN(CCn2c3cc(OC)ccc3ncc2=O)CC[C@H]1NCc1ccc2OCC(=O)Nc2n1,4.055517328
Fc1ccc(cc1)N1N=C[C@H]2[C@@H]1C=C1CCN(C[C@@]1(C2)C(=O)c1ccccn1)S(=O)(=O)c1ccc(c(c1)Cl)Cl,5
CCN(CCc1c[nH]c2ccccc12)Cc1ccc(\C=C\C(=O)NO)cc1,5.229147988
Oc1ccccc1[C@@H]1CC[C@@H](CC1)N1CC(C1)NC(=O)CNc1ncnc2ccc(cc12)C(F)(F)F,5.180456064
O=CN(C(CS(=O)(=O)N1CCN(CC1)c1ccc(cc1)F)CC(c1ncc(cn1)F)C)O,4.585026652
COc1ccc2nccc(CC[C@H]3CC[C@H](NCc4cc5c(cn4)OCCO5)CC3)c2c1,6.026872146
COc1ncc(cn1)-c1cccc(F)c1CCNC(=O)c1ccc(OCCC(F)(F)F)nc1,5.102372909
CN1CCN(CC1)c1cccc2c1CC(CO2)NC(=O)c1ccc(nc1)OCC(F)(F)F,5.102372909
Oc1c(CN2CCCC2)cc(cc1CN1CCCC1)Nc1ncnc2c1cccc2,4.739928612
NC(=O)c1cc(Cl)c2c(Cl)c(C3CC3)n(C3CCCNC3)c2n1,5.537602002
O(C[C@H](O)C[NH+]1CC[NH+](CC1)CC(=O)Nc1c(cccc1C)C)c1ccccc1OC,4.835647144
COc1ccc2c(c1)CCN(CCC(F)Cc1ccccc1)CC2,6.257274869
COc1cc(Nc2cc(Oc3ccc(NC(=O)Nc4cc(cc(NS(C)(=O)=O)c4OC)C(C)(C)C)c4ccccc34)ccn2)cc(c1)C(=O)NCCN1CCOCC1,5.522878745
CCn1nc(oc1=O)[C@@]1(N[C@H](Cc2c1[nH]c1ccccc21)c1nc(c[nH]1)-c1ccc(F)cn1)c1cnn(C)c1,4.288192771
O=C(NC1CC1)c1cn(-c2cccc(c2)-c2ccncc2)c2ncccc2c1=O,4.730487056
Cc1c(C)c2c(OC3CCN(Cc4cscn4)CC3)ncnc2n1Cc1ccccc1,6.301029996
Cc1nc(C)c(s1)-c1nnc(SCCCN2CCC3(CCc4ccc(F)cc34)C2)n1C,5.200659451
COCCN1CCC[C@@H](Cn2c(-c3ccccc3C)nc3cn(-c4ccc(Cl)cc4)nc3c2=O)C1,5.602059991
CCCCC(NC(=O)CC1CCN(Cc2ccn(c2)-c2ccc(cc2)C(F)(F)F)CC1)c1ccc(OC)nc1,6
Cc1nc2n(c(=O)c1CCN1CCN(c3cccc4sccc34)CC1)CCCC2O,5.392544977
Cc1ncoc1-c1nnc(SCCCN2CC3CCN(c4ccc(C(F)(F)F)cc4F)C3C2)n1C,4.800000875
COc1cccc(-c2cccc(C3(C)CSCC(N)=N3)c2)c1,5.045757491
CN(CCNc1nc(c2ccc(cc2Cl)Cl)c2c(n1)N(C(=O)NC2)c1c(Cl)cccc1Cl)C,6.301029996
COc1cc(Nc2ncc3c(ccn(-c4c(Cl)cccc4Cl)c3=O)n2)ccc1N1CCN(C)CC1,7
Clc1ccc(cc1)[C@@](c1ccccc1)(OCC[C@H]1CCCN1C)C,7.920818754
CC(OC(=O)N1C[C@H]2[C@H](CNC(=O)c3ccc4[nH]c(=O)oc4c3)[C@H]2C1)c1cc(Cl)cc(Cl)c1,5.070581074
N#Cc1ccc(S(=O)(=O)N2C[C@H](S(=O)(=O)c3ccc(Cl)cn3)[C@@](O)(CN)C2)c(Cl)c1,5.096910013
CC(C)(C)c1cccc(Nc2cc(N[C@@H]3CCCC[C@@H]3N)nnc2C(N)=O)n1,5.900008766
C[C@@H]1CCCN1CCc1ccc2nc(ccc2c1)-c1sc(C)nc1C,4.690369833
Nc1nc(c2ccccc2Cl)c2c(n1)N(C(=O)NC2)c1c(Cl)cccc1Cl,5.142667504
CC#Cc1cncc(c1)-c1cccc(c1)C1(N=C(C)C(N)=N1)C1CC1,4.841637508
NC(=O)c1cnc2[nH]ccc2c1N[C@@H]1CCN(C[C@@H]1F)c1ccc(cn1)C#N,4
O[C@@]1(CC23CCC(CC2)(CO3)NCc2nc3NC(=O)COc3cc2Cl)Cn2c3c1c(F)cnc3ccc2=O,4.114356128
Cc1nc2ccccc2n1C1CC2CCC(C1)N2CCC1(CCN(CC1)C(=O)c1ccc2c(CC(=O)NS2(=O)=O)c1)c1ccccc1,4.500312917
N[C@@H]1CCCN(C1)c1nc2[nH]c(Br)cc2c(=O)n1Cc1ccccc1C#N,3.522878745
C[C@H](C1=C(CCN(C)C)Cc2ccccc12)c1cnccn1,5.853871964
Cn1cc(NC(=O)c2cccc(-c3ccnc(NCC4CC4)c3)n2)c(C(N)=O)n1,5.537602002
CS(=O)(=O)c1ccc(-c2cnc(N)c(-c3ccc(C(F)(F)F)nc3)n2)cc1,5.091514981
Clc1ccc(Oc2ccc(cn2)C(=O)N2CCCN(CC2)C2CCC2)cc1,5.853871964
OC1(CNCC(=O)N2CCc3ccccc3C2C2CCCCC2)CCCCCC1,4.300162274
CNC(=O)N(Cc1ccsc1)C1CCN(CC1)[C@H](C)CCNC(=O)c1c(C)cc(Cl)nc1C,5.795880017
COc1cc2ccc(Br)cc2cc1[C@@H](c1ccnc(OC)c1OC)[C@@](O)(CCN(C)C)c1cccc2ccoc12,6.045757491
CCc1cncc(c1)-c1ccc2OCC3(CC3)C3(COC(N)=N3)c2c1,5.346787486
O=C(C1CC(Oc2cccc(Cl)c2)CN1)N1CCCN(C2CCC2)CC1,5.142667504
COc1cnc2ccc(=O)n(CCN3CCN(CC3)c3nc4cc(ccc4[nH]3)C(F)(F)F)c2c1,5
CC(C)n1c(C)ncc1-c1ccnc(Nc2ccc(cc2)N2CCN(CC2)S(C)(=O)=O)n1,5.259637311
CCCOc1ccccc1c1[nH]c(=O)c2c(n1)[nH]nn2,5.599997654
Clc1ccc(cc1)c1cc2C(NC(=O)c3c[nH]nc3)CC(Oc2nc1c1ccc(cc1Cl)Cl)(C)C,6.420216403
N[C@@H]1[C@@H](COc2ccc3ncc(F)c(CCC45CCC(CC4)(CO5)NCc4ccc5OCC(=O)Nc5n4)c3n2)NC1=O,4.536107011
CC(=O)Nc1ccc(cc1)S(=O)(=O)Nc1ccccc1C(=O)c1ccccc1,5
CN1CCN(c2c1ccc(n2)CNC12CCC(CC1)(OC2)CC1(O)Cn2c3c1c(F)cnc3ccc2=O)C,4.514278574
CN1CCc2c(Cl)c(O)c(O)cc2C(C1)c3cccc(C)c3,5.499996932
CCNS(=O)(=O)c1ccc(cc1)-c1ccc(CCN2CCC[C@H]2C)cc1,5.470698002
COc1ccc(cc1)C1CN(CC1CC(=O)NCc1cccc(c1)Cl)CCc1ccc(c(c1)OC)OC,7.468521083
Cc1ccc(Nc2c(nc3CN(CCn23)C(=O)CN)-c2ccc(F)cc2)cc1,4.954677021
O=C(N1CCC2(CCN(Cc3cccc(Oc4ccccc4)c3)CC2)CC1)c1ccncc1,6.397940009
COc1ccccc1-c1ccc2cnc(Nc3ccc(cc3OC)[C@@]3(O)CCN(CC(N)=O)C[C@@H]3O)nn12,5
CNCc1ccc(Cl)cc1Oc1ccc(Cl)c(Cl)c1,5.920818754
C[C@@]1(c2cc(CNC3(C(F)(F)F)CC3)c(F)cc2F)CCSC(N)=N1,5.455931956
CCN(CC)C(=O)c1ccc(cc1)[C@@H](N1CCN(Cc2ccccn2)CC1)c1cccc(NC(=O)C2CC2)c1,4.698970004
CC(C)(C)CCC1(CCCN1)C(=O)c1ccc2[nH]ncc2c1,5
NC(CC(=O)N1CCC[C@H]1C(=O)NCc1ccc(C(=O)O)cc1)Cc1ccc(F)c(F)c1.O=C(O)C(F)(F)F,4.102372909
OC(=O)C1CN(Cc2ccc(-c3cc4cc(Cc5ccccc5)ccc4o3)c(F)c2)C1,4.769551079
COc1cc(N2C[C@@H]3CC[C@H](C2)[C@H]3Nc2nc3n(n2)CCCCC3c2ccc(F)c(F)c2F)ncn1,6.259637311
Oc1cc(-c2cn[nH]c2)ccc1-c1ccc(N2C[C@@H]3CNC[C@@H]3C2)nn1,5.602059991
CCN(CC)c1ccc(CNC(=O)[C@@H]2CNC[C@H]2c2ccc(C(F)(F)F)cc2)cc1,5.324221658
O=C(NC1CC1c1ccccc1)N1CCC(CC1)n1cccn1,4.522878745
CC(C)N1CCN(CC1)C(=O)N1CCC(CC1)C(=O)OC(C)(C)C,3.995248844
CCOc1cc2ncc(c(c2cc1N1CCOCC1)Nc1ccc(cc1F)F)C(=O)N,4.522878745
CC1(C)C[C@@H](NC(=O)CC(O)(C(F)(F)F)C(F)(F)F)c2cc(-c3ccc(Cl)cc3)c(nc2O1)-c1ccc(Cl)cc1Cl,4.522878745
COc1cccc(c1)-c1cccc(c1)C1(N=C(C)C(N)=N1)C1CCOCC1,4.677780705
CCC(=O)NCCc1ccccc1c1ccc(c(c1)Cl)[C@H]1CNCC[C@H]1c1ccn(c(=O)c1)C,5.552841969
CCCNc1cc(cc(CCc2nc(C)c(CC)o2)n1)N1CCOCC1,6.318758763
COc1cc(ccc1Nc1ncc(Cl)c(n1)-c1cnc2ccccn12)N1CC2CN(CCO)CC(C1)O2,5.823908741
CCOC(=O)CN(c1ccc(c(c1)Cl)Cl)C1CCNCC1,6
Cn1c(N2CCC(C)(N)CC2)nc2[nH]nc(-c3cccc(Cl)c3Cl)c2c1=O,6.698970004
COc1ccc2ncc(F)c(CCC34CCC(CC3)(CO4)NCc3ccc4OCC(=O)Nc4n3)c2n1,6.22184875
COc1cnccc1[C@H]1CC[C@@H](CC1)N1CC(C1)NC(=O)CNC(=O)c1cccc(c1)C(F)(F)F,5.086186148
CC[C@@H]1CN2CCc3c([C@H]2C[C@H]1CC1=NCCc2c1cc(OC)c(c2)OC)cc(c(c3)OC)OC,4.903089987
Fc1ccc(cc1)c1ccc2c(c1)CCN(C2=O)CCN1CCCC1C,6.522878745
CCCCC(=O)O[C@@H](C(=O)N1N=CC[C@H]1C(=O)NCc1cc(Cl)ccc1-n1cnnn1)c1ccc(F)cc1,4.853871964
COc1cncc(c1)-c1ccc2OCC3(CC3)C3(COC(N)=N3)c2c1,5.102372909
COc1c(C)cc(cc1C)C1(N=C(C)C(N)=N1)c1cccc(c1)-c1cncc(c1)C#CC,4.756961951
Fc1cccc(c1)C1(CCN2[C@@H]3CC[C@@H]2C[C@@H](C3)n2c(C)nc3c2cccc3)CCN(CC1)C(=O)c1cc(c(cc1Cl)F)S(=O)(=O)N,4.522878745
COc1ccc(cc1)C1CCC(CC1)N1CC(C1)NC(=O)CNC(=O)c1cccc(c1)C(F)(F)F,6
O[C@H](COc1ccc(Cl)cc1)CN1CCN(Cc2c(F)cccc2Cl)CC1,5.684029655
O=C(O)CCc1ccc2cc(Cc3ccccc3)cc(N3CCN(CCc4ccc(OCCCN5CCCCCC5)cc4)CC3)c2n1,5.199998172
C[N+](C)(CCCCNC(=O)Cc1ccc(OCc2ccccc2)cc1)CCNC(=O)c1nc(Cl)c(N)nc1N.[Br-],4.966576245
Clc1ccc(OCCCc2cccc(CCCOc3ccc(Cl)cc3)n2)cc1,9
O[C@@]1(CC[C@@H](CC1)N1CC(C1)NC(=O)CNC(=O)c1cccc(c1)C(F)(F)F)c1cccc(c1)C#N,5.823908741
C[C@H]1CN(Cc2ccc(cc2)-n2ccnc2C(=O)N2CCC(CC2)Nc2cccc(F)c2)C[C@@H](C)N1,4.600326279
CN1CC(C)(NC(=O)Nc2cccc(-c3nnnn3C)c2)C(CN2CCC[C@@H](Cc3ccc(F)cc3)C2)OC1=O.Cl,4.804100348
Cc1nnc(o1)C(=O)NC(C)(C)c1nc(C(=O)NCc2ccc(F)cc2)c(O)c(=O)n1C,4.301029996
COc1ccc2nccc([C@@H](O)CC[C@@H]3CCN(C4CC(c5cc(F)ccc5F)C4)C[C@@H]3C(=O)O)c2c1,5.001304842
Cn1c(CCCCCN2CC3[C@@](C2)(C3)c2ccc(cc2)C(F)(F)F)nnc1c1scnc1C,5
NS(=O)(=O)c1ccc(OCCCCN2CCCC2)cc1,4
COc1c(cc(CN2CCN(CC2)C(=O)CCCCC(c2ccc(F)cc2)c2ccc(F)cc2)cc1C(C)(C)C)C(C)(C)C,7
O=C1N(Cc2ccc(cc2)-c2ccccc2-c2n[n-]nn2)C(=NC12CCCC2)CCCC,3.714442691
COc1cnc2ncc(=O)n(CCN3CCC(CC3)NCc3cnc(C)c(c3)C#N)c2c1,4
CN1CCC[C@H]1Cn1nc(Cc2ccc(cc2)Cl)c2c(c1=O)nccc2,5.600326279
CCC(=O)C(CC(C)N(C)C)(c1ccccc1)c1ccccc1,5.009998765
FC(F)(F)c1cc(ccn1)C(=O)NCCCNc1nc2ccccc2[nH]1,4.649945906
OCCN1CCN(CC1)c1ncc2cc(-c3ccccc3)c(nc2n1)-c1ccc(CN2CCC(CC2)c2nc(n[nH]2)-c2ncccn2)cc1,5
CCOC(=O)C1=C(CN2CCOC[C@H]2CO)NC(c2nccs2)=N[C@H]1c1ccc(F)cc1Br,4.616184634
COCC[C@H](Oc1ncnc2n(ncc12)-c1ccccc1C(F)(F)F)C(=O)Nc1ccc(C)cn1,4.585026652
CN(C)CCCSc1ccccc1NC(=O)\C=C\c2ccccc2,4.800000875
O=C(N1CCC(CC1)CNc1ncccn1)OCc1ccc(cc1)C(C)(C)C,5.37675071
C(CN(c1ccccc1)c1ccccc1)NCCc1ccccc1,7.207608311
OCc1ccc(cn1)-c1cccc2OC[C@H](Cc12)NC(=O)c1ccc(OCCOCC(F)(F)F)nc1,4.801342913
COc1ccccc1CNCc1cccc(c1)CCNCC(c1ccc(c2c1sc(=O)[nH]2)O)O,5
CCOc1ccccc1C(=O)N(CC1CCC1)[C@H]1CCNC1,4.774690718
C[C@]12Cc3cnoc3C=C1CC[C@@H]4[C@@H]2CC[C@@]5(C)[C@H]4CC[C@@]5(O)C#C,4.790000026
COC1COCCC1N[C@@H]1C[C@H]2CCC[C@]2(C1)C(=O)N1CCc2ncc(Cl)cc2C1,4.477555766
Fc1cc2nc(-c3ccc(Cl)cc3)n([C@@H](C3CCCCC3)C(=O)NC3CCCCC3)c2cc1F,5.853871964
CN1CCc2cc3nc(N)sc3cc2CC1,4.48148606
CCN1CCCC1CNC(=O)c1cc(ccc1OC)S(=O)(=O)N,4
Clc1cc2c(n(cc2C2CC[NH2+]CC2)-c2ccc(F)cc2)cc1,3.69036962
COc(cc1)c(OC)cc1[C@](C#N)(C(C)C)CCC[N@@H+](C)CCc2cc(OC)c(cc2)OC,6.849857838
CC(C)N(C)[C@@H]1CC[C@@H]([C@H](CS(=O)(=O)c2ccccc2)C1)N1CC[C@H](NC(=O)c2cc(cc(c2)C(F)(F)F)C(F)(F)F)C1=O,5.397940009
ONC(=O)\C=C\c1ccc2CN(Cc2c1)S(=O)(=O)C1CC1,4.522878745
Clc1ccc(cc1)c1cc2C(NC(=O)c3n[nH]cc3C)CC(Oc2nc1c1ccc(cc1Cl)Cl)(C)C,5.27572413
Cn1cnc(CC(=O)N2CCC(CC2)c2ccc(NC(=O)c3ncc([nH]3)C#N)c(c2)C2=CCCCC2)c1,5
C[C@]12CC[C@H]3[C@@H](CC(=O)c4cc(O)ccc34)[C@@H]1CC[C@@H]2O,5.589999287
COc1cccc(-c2c[nH]c([C@H]3Cc4c([nH]c5ccccc45)[C@@H](C4CCOCC4)N3)n2)c1,6.607303047
FC(C(COc1ccccc1CN1CCC2(CC1)CCN(CC2)C(=O)c1ccncc1)(F)F)F,5.289882635
C1Cc2sc(Nc3ccccn3)nc2-c2cn[nH]c12,4.769551079
C[C@@H]1CN(CC(F)F)CCN1c1cc2[nH]c(SC(C)(C)C)nc2cc1Cl,5
Cc1[nH]ncc1C(=O)N[C@@H]1CC(C)(C)Oc2nc(-c3ccc(Cl)cc3Cl)c(cc12)-c1ccc(Cl)cc1,5.958607315
N[C@H]1CN(C(=O)c2cnc3ccccc3n2)C(=O)[C@H]1C(=O)N1CCCC1,3.522878745
O=C1COc2c(N1)nc(nc2)CNC1CCC(CC1)[C@H](Cn1c(=O)cc(c2c1cc(F)cc2)C)N,3.477555766
COc1ccc(C2(c3cccc(-c4cncnc4)c3)N=C(N)c3nc(C)sc32)cc1,5.823908741
Clc1ccc(cc1)C1(CC1)c1nnc2c(cccn12)C1CC1,4.22184875
CS(=O)(=O)Nc1ccc2c(c1)nc1n2C[C@H](N)[C@@H](c2cc(F)c(F)cc2F)C1.O=C(O)C(F)(F)F,5.602059991
C[C@@H]1CCCN1CCc1ccc2nc(ccc2c1)-c1c(Cl)n(C)nc1-c1ccccc1,5.22184875
Cc1ncoc1-c1nnc(SCCCN2CC3CC3(C2)c2ccc(Br)cc2)n1C,6.246646787
CN1CC=CCC(C1)c1ccc(Cl)c(C)c1,4.585026652
O=C(N(CCC[NH+](CC)CC)CC(=O)N(C1CCCCC1)C1CCCCC1)c1ccc([N+](=O)[O-])cc1,6.494850022
COc1cc(ccc1-n1cnc(C)c1)-c1cn(CC(=O)N(CC(F)(F)F)c2ccc3ccccc3c2)nn1,6.22184875
Cc1cc(-c2cccc([C@H](CC(=O)O)CN3CC[C@@H](CCc4ccc5c(n4)NCCC5)C3)c2)[nH]n1,4.599999383
CNCCC(c1ccccc1)Oc1ccccc1C,5.203425667
Fc1cc2[nH]c(-c3ccccc3)c(c2cc1)[C@@H]1C[NH2+]CC[C@@H]1F,5.397940009
N[C@@H]1COCC[C@H]1Nc1cc2cc[nH]c(=O)c2c(n1)Nc1cccc2c1[nH]cc2,4.603800653
CN(C)C(=O)CN1CCc2cc3nc(N)sc3cc2CC1,4.48148606
COc1ccc(cc1)[C@H]1CN(CCC2CCOCC2)C[C@@H]1CNC(=O)c1cccc(Cl)c1,5.707743929
COc1ccc(CN2CCC(CC2)NC(=O)c2cc(=O)c3ccc(F)cc3o2)cc1,9
CCCCc1cc(OC2CCN(CCCNS(=O)(=O)CC)CC2)c2ncccc2c1.Cl.Cl,7.199970641
CC(C)Oc1cc(n[nH]1)-n1cnc2ccc(N[C@@H](CO)c3ccc(F)cn3)nc12,4.283996656
CC(C)C(=O)N1CCC[C@@H](c2nc(-c3ccc(C(=O)Nc4cc(C(F)(F)F)ccn4)cc3F)c3c(N)nccn23)C1,5.552841969
CC1(C)CC(Nc2ccc(-c3ccc4ccccc4c3)nn2)CC(C)(C)N1,5.823908741
C[C@@H]1CCCN1C(=O)c1ccc(cc1)-c1ccc2C(=O)N(CCN3CCCC3)CCc2c1,4.978810701
ONC(=O)C1(CCC2(C1)CCNCC2)S(=O)(=O)c1ccc(Oc2ccc(cc2)C(=O)N2CCCC2)cc1,4
CC1=C(C)C(=O)C(=C(C)C1=O)CCCCC#CCCCC#CCO,4.849999245
Cc1cc(CN2CCN(CC2)c2c(Br)cnc3nc([nH]c23)-c2ccc(cc2)N2CCOCC2)no1,4.48148606
O=C(NC1CN(C1)C1CCC(CC1)(O)c1cncs1)CNc1nc(C)nc2c1cc(cc2)C(F)(F)F,4.590066877
Cc1ncoc1-c1nnc(SCCCN2CC3CC3(c3cc(F)cc(C(F)(F)F)c3)C2)n1C.Cl,5.699991797
N[C@H]1CO[C@H]1COc1ccc2ncc(F)c(CCC34CCC(CC3)(CO4)NCc3ccc4OCC(=O)Nc4n3)c2n1,4.621602099
Clc1ccc(cc1)CCN1CCC(CC1)C(=O)c1ccc(cc1)Cl,7.721246399
COc1cccc(Cn2ccc3nc(N)nc(NCc4cc(C)on4)c32)n1,5.638272164
C[C@H](O)[C@H]1CC[C@H]2[C@@H]3CCC4=CC(=O)CC[C@]4(C)[C@H]3CC[C@]12C,4.300000202
COc1cccc(-c2c[nH]c([C@H]3Cc4c([nH]c5ccccc45)[C@](c4cnn(C)c4)(c4noc(C)n4)N3)n2)n1,5.441411417
NC(=O)c1ccc(cc1)C1=CC2(CCNCC2)Oc2ccccc12,4.935954037
Cc1cccc(C[C@H](N2CCC(CN3CCC(CC3)Oc3ccc(Cl)c(Cl)c3)CC2)C(O)=O)c1,5.200659451
CN1CCN(CC1)C(=O)c1ccc(cc1)-c1cnc(N)c(c1)-c1ccc(nc1)C(F)(F)F,5.086186148
CC1COc2c(O1)cc(nc2)CNC12CCC(CC1)(OC2)CC1(O)Cn2c3c1c(F)cnc3ccc2=O,4.22184875
CC(C)Oc1cc([C@@](Cc2ccccc2)(NC(=O)C(O)C(O)(C(F)(F)F)C(F)(F)F)c2cc(F)cc(OC(F)(F)C(F)F)c2)ccc1F,4.958607315
N[C@H]1[C@@H](CNC1=O)Oc1ccc2ncc(F)c(CCC34CCC(CC3)(CO4)NCc3ccc4OCC(=O)Nc4n3)c2n1,4.399027104
CN(Cc1ccc(c(c1)C)C(=O)Cn1ncc(cc1=O)OCc1ccc(cn1)Br)C,5.045757491
OC(COc1ccc(cc1)NS(=O)(=O)C)CNCCc1ccc(cc1)Cl,5.8569852
OC(=O)C1CN(C1)C1CCC2(C1)Cc1ccccc1Oc1ccccc21,4.301029996
O=C(NC1CN(C1)C1CCC(CC1)c1cccnc1)CNC(=O)c1cccc(c1)C(F)(F)F,6
CCOc1ccc(nn1)-n1ncc(c1C)-c1ccc2cc(CCN3CCC[C@H]3C)ccc2n1,4.982966661
Cc1cccc(c1)N1CCN(CC1)CCCCCCN1CCN(CC1)c1cccc(n1)C,5.387216143
S1c2c(N(c3c1cccc3)CC[C@@H]1[NH+](CCCC1)C)cc(S(=O)C)cc2,6.259637311
Cc1nc2ccccc2n1C1CC2CCC(C1)N2CCC1(CCN(CC1)C(=O)C(C)(C)c1nnn[nH]1)c1ccccc1,4.740000205
CC1COc2cnc(CNC34CCC(C[C@]5(O)Cn6c7c5c(F)cnc7ccc6=O)(CC3)OC4)cc2O1,4.22184875
CCCc1c(OCCCN2C(=O)Cc3cc(CC(O)=O)ccc23)ccc2c(noc12)C(F)(F)F,5
O=C1COc2c(N1)nc(cc2)CNC1CCC(CC1)[C@H](Cn1c(=O)cc(c2c1cc(F)cc2)C)N,3.477555766
CC#CCn1c(N2CCCNCC2)c(C#N)c2n(C)c(=O)n(Cc3nc(C)c4ccccc4n3)c(=O)c12,4.920818754
CN1CC(Cn2nc(-c3cnc4[nH]cc(C(=O)NC(C)(C)C)c4n3)c3cc(OC(F)F)ccc23)C1,6.53313238
COC1CN(CCC1N(C(=O)Cc1ccc(cc1)n1cnnn1)C)Cc1ccc(cc1)C(F)(F)F,5.795880017
NCc1c(C)nc2c(c1c1ccc(cc1Cl)Cl)CN(C2=O)c1ccc(cc1)F,6
O[C@@]1(CC23CCC(CC2)(CO3)NCc2ccc3OCCOc3c2Cl)Cn2c3c1c(F)cnc3ccc2=O,4.22184875
CC(=O)N1CCN(CC1)c2ccc(cc2)OC[C@H](CO3)O[C@]3(Cn4cc[nH+]c4)c5c(Cl)cc(Cl)cc5,5.719991047
CN1CCC(CC1)c1nn(-c2cnc3[nH]cc(C(=O)NC(C)(C)CO)c3n2)c2ccccc12,5
COc1ccc2ncc(F)c(CC(OCC(=O)O)C34CCC(NCc5ccc6c(n5)NC(=O)CO6)(CC3)CO4)c2n1,5.522878745
CS(=O)(=O)Nc1ccc2n3C[C@H]([NH3+])[C@H](Cc3nc2c1)c1cc(F)c(F)cc1F,5.602059991
CCN(CC(F)=C)C(=O)[C@]1(C[C@H]1CN)c1cccs1,5
O=C(C1(CC1)c1cccc(c1)C(F)(F)F)Nc1cc(ccc1n1cncn1)C(F)(F)F,4.301029996
CN1CC=CCC(c2ccc(Cl)c(Cl)c2)C1,5.119186408
COCCOc1cc2nccc(Nc3n[nH]c(C)c3C)c2cc1S(=O)(=O)C(C)(C)C,4.522878745
CC#CCn1c(N2CCCNCC2)c(C#N)c2n(C)c(=O)n(Cc3nccc4ccccc34)c(=O)c12,5.173925197
Cc1ncoc1-c1nnc(SCCCN[C@@H]2CC3C[C@@]3(C2)c2ccc(cc2F)C(F)(F)F)n1C,6
COc1ccc2c(c1)c(-c1cccc(c1)C(F)(F)F)c(C#N)n(CC(O)CO)c2=O,4.795880017
COc1ccc(NC(=O)N2CCN(c3nc(N)nc4sccc34)[C@@H](C)C2)c(C)c1,5.096910013
Fc1ccc(c(c1)C1=NN(C(C1)(CCCN1CCN(CC1)C(=O)C)c1ccccc1)C(=O)C)F,4.522878745
Fc1cc2c([nH]c(-c3ccccc3)c2[C@@H]2C[NH2+]CC[C@@H]2F)cc1,5.15490196
COc1cc([C@H](c2cc3cc(Br)ccc3nc2OC)[C@@](O)(CCN(C)C)c2cccc(F)c2)cnc1OC,5.721246399
O[C@@]1(CC23CCC(CC2)(CO3)NCc2ccc3OCC(=O)Nc3n2)CN2c3c1c(F)cnc3CCC2=O,4.22184875
COC(=O)C1=C(C)NC(C)=C(C(=O)NC[C@H]2CCN(CCc3ccc(Cl)c(Cl)c3)C2)C1c1cccc([N+](=O)[O-])c1,6.187086643
CN1CC2C(C1)CC(C2)N(C(=O)c1ncn(c1)C)Cc1ccc(c(c1)C(F)(F)F)F,5.764471553
OCC1CCCN1CCCOc1ccc2c(c1)ncnc2Nc1[nH]nc(c1)CC(=O)Nc1cccc(c1F)F,4.522878745
O=C(c1ccc(O)cc1OC[C@@H](O)CN1CCC2(CC1)Cc1cc(Cl)ccc1O2)N1CC[C@H](O)C1,4.643974143
CNC(=O)c1ccn2c1COc1c2cccc1CCN1CCN(CC1)c1cccc2c1ccc(n2)C,5.795880017
O=C1COc2c(N1)nc(cc2)CNC12CCC(CC1)(OC2)CC1(O)CN2c3c1c(F)cnc3CCC2=O,4.22184875
Fc1cccc(F)c1C(=O)Nc1ccc(cc1)-c1nnc(NCCCN2CCCCC2)o1,5.102372909
N#C[C@H]1CCOC[C@@H]1n1cc(C(N)=O)c(Nc2ccc(C3CC3)cc2)n1,4.455931956
CCc1ccccc1C(=O)N(C1CNCC1)CC1CCC1,4.787812396
CC(C)OCC1(CCCN1)C(=O)c1ccc(N)c(Cl)c1,5
CCOc1cc(ccc1OC)CN1CCC(CC1)Nc1nc2c(o1)cccc2,7
C[S+]([O-])c1ccc(-c2cnc3ccc(NC4CCN(S(C)(=O)=O)CC4)nn23)cc1,4.586700236
Cc1ccc2c(cccc2n1)-c1nnc(SCCCN2CCc3ccc4oc(nc4c3CC2)C(F)(F)F)n1C,5.699991797
COc1cc(-c2cn(C3(C)CCc4ccccc4N(CC(F)(F)F)C3=O)nn2)ccc1-n1cnc(C)c1,5.22184875
OC(=O)[C@H]1CC[C@@H](CC1)NC(=O)[C@H](C1CCCCC1)n1c(nc2cc(F)c(F)cc12)-c1ccc(Cl)cc1,5.119186408
CCOC(=O)CCCOc1ccc2ncc(F)c(CCC34CCC(CC3)(CO4)NCc3ccc4OCC(=O)Nc4n3)c2n1,6
CC(C)Cc1ccc2nn(C)cc2c1NS(=O)(=O)c1ccc(CCCOC[C@@H]2CN(C)CCO2)cc1,5.251811973
Cc1cc(C)nc(Nc2cc(NC[C@@H](N)C(F)(F)F)cnc2C(N)=O)c1,4.37675071
C[C@@H]1CCCCN1CCCNCc1ccc(CNCCCN2CCCC[C@H]2C)cc1,4
Cc1nc(sc1COc1cccc(CN(CC(O)=O)C(=O)Oc2ccc(C)cc2)c1)-c1ccc(Cl)cc1,4.096910013
COC(=O)C(CCC(=O)N1CCN(c2ccccc2OC)CC1)(c1ccc(Br)cc1)C(C)C,4.774690718
N[C@H]1Cn2c(nc3cnccc32)C[C@@H]1c1cc(F)c(F)cc1F.O=C(O)C(F)(F)F.O=C(O)C(F)(F)F,4.050609993
CC(C)[C@@H](Oc1ccc(CNC(=O)[C@@H]2CCCN2C(=O)C([NH3+])C2CCCCC2)cc1)C(O)=O,4.045757491
CC(C)C(=O)N(Cc1cccc(Cl)c1Cl)[C@H]1CCNC1,4.607303047
CN1CCCC(CNC(=O)c2nn(C)cc2NC(=O)c2cccc(-c3ccnc(NCC4CC4)c3)n2)C1,4.920818754
CCc1nc2c(n1[C@@H]1C[C@H]3CC[C@H](C1)N3CC[C@@H](c1ccc(cc1)F)NC(=O)C1CCS(=O)(=O)CC1)cccc2,5
COc1ccc2c3c1O[C@@H]1[C@@]3(CCN(C2)C)C=C[C@@H](C1)O,3.119186408
COc1ccc2ncc(CO)c(CCC34CCC(CC3)(CO4)NCc3ccc4OCC(=O)Nc4n3)c2n1,5.437707136
O=C(NC1CN(C1)C1CCC(CC1)c1ccc(cn1)O)CNc1ncnc2c1cc(cc2)C(F)(F)F,4.88941029
Fc1cnc2cc(cnc2c1CCC12CCC(CC1)(CO2)NCc1ccc2OCC(=O)Nc2n1)C(F)(F)F,9
O=C(NC1CCCCC1)NS(=O)(=O)c1ccc(OCCN2CCCCC2)cc1,4
Cl.FCCOc1ccccc1CCC1CCN(CCc2ccc(F)cc2)CC1,6.420216403
COc1ccc2c(OC(C(C)S2(=O)=O)c2ccc(OCCCN3CCCC3)cc2)c1,5.769551079
Oc1ccc(cc1c1nc(N[C@@H]2CNCC2)c2c(n1)cccc2)c1n[nH]cc1,4.795880017
CC(C)(O)[C@@]1(CC[C@H](C1)N1CCC(CC1)c1cc(Cl)ncn1)C(=O)NCc1cc(cc(c1)C(F)(F)F)C(F)(F)F,6.730487056
Cc1ccc(COCc2cccc(COCc3ccc(C)cc3)[n+]2C)cc1,7
C[C@@H]1CCCN1CCc1ccc2nc(ccc2c1)C1=NCCS1,4.598599459
FC(F)(F)Oc1ccc(CNC(=O)C2N(CCc3ccccn3)C(=O)c3ccccc23)cc1,5.246669779
O=P(Nc1cccc(c1)C#N)(c1ccccc1)c1ccccc1,4.48148606
COc1ccc(cc1)[C@H]1CN(CCc2ccc(OC)c(OC)c2)C[C@@H]1CCc1nc2ccc(Cl)cc2[nH]1,9
NC(=O)c1cnc2[nH]ccc2c1NC1CCN(CC1)c1cnc(cn1)C#N,4
OC(c1ccnc(Cl)c1)(c1ccc2n(ncc2c1)-c1ccc(F)cc1)C(F)(F)F,5
CN1CC2C(C1)(C2)c1ccc(cc1)NS(=O)(=O)c1ccc(cc1)C(C)C,5.795880017
O([C@H](CCNC)c1ccccc1)c1ccccc1C.N1(C[C@H]2CN(C[C@@H](C1)C12CCCCC1)CC(C)C)C(C)C,4.202732459
Cc1cc(Nc2cc(N[C@@H]3CCCC[C@@H]3N)cnc2C(N)=O)nc(n1)-n1nccn1,4.356547324
OCCC1(CCN(C(=O)O1)C(c1ccc(cc1)c1ccc(cc1F)F)C)c1ccc(cc1)F,5
CN([C@@H]1CCN(Cc2ccc(nc2)C(F)(F)F)C[C@@H]1F)C(=O)Cc1ccc(cc1)-n1cnnn1,4.823908741
CCCCCCCCCC(=O)N[C@H](CN1CCOCC1)[C@H](O)c2ccccc2,4.710001025
N[C@H]1C[C@@H](N2Cc3nn4nccnc4c3C2)CO[C@@H]1c1cc(F)ccc1F,4.638272164
CC1CCCN(C1)CCCOc1ccc(cc1)n1c(C)nc2c(c1=O)cccc2,5.27572413
COc1cnc(cn1)-c1c(F)ccc(F)c1CCNC(=O)c1ccc(COCC(F)(F)F)nc1,4.700000504
O=C(C(c1ccc(cc1)OS(=O)(=O)C(F)(F)F)C)NS(=O)(=O)c1ccccc1Cl,5
Cc1cn(-c2ccc3n(c2=O)CCN(C[C@@]24C[C@@H]2C(C)(C)Oc2ccc(C(F)(F)F)cc24)C3=O)cn1,4.806875402
C[C@@H]1CCCN1CCc1ccc2nc(ccc2c1)-c1csc(n1)-c1cc(C)on1,5.552841969
FC(F)(F)CCOc1ccc(cn1)C(=O)NCCc1ccccc1-c1cccnc1,5.200659451
Clc1ccc(cc1)C(=O)C1CC[N+](CC1)(CCc1ccccc1)CCc1ccccc1,7.958607315
COC(=O)N1Cc2nnc(C3CCN(CC3)c3ccccn3)n2-c2ccc(Cl)cc2C1,4.325138859
O=c1ccc(OCCCN2CCCCC2)nn1-c1ccc(Cl)cc1,5.838631998
C[C@@H](C1CCC(N(C)C(=O)c2cccc(F)c2)CC1)[C@H](N)C(=O)N1CC[C@H](F)C1.Cl,4.107905397
CCn1cc(cn1)[C@]1(N[C@H](Cc2c1[nH]c1ccccc21)c1nc(c[nH]1)-c1ccc(F)cn1)c1nn(CC)c(=O)o1,5.113509275
COc1cc(ccc1n1cnc(c1)C)c1nnn(c1)C1C[C@H](CCN(C1=O)CC12CC3CC(C2)CC(C1)C3)C(C)(C)C,6.060480747
FC(F)(F)CN([C@H]1CCNC1)C(=O)c1cccc(Cl)c1Cl,5
COc1ccc(C(=O)Nc2csc([C@]34CO[C@@H](C)C[C@H]3CSC(N)=N4)n2)nc1,4.882728704
Nc1nc2cc3CCN(Cc4ccccc4)CCc3cc2s1,5.107905397
CN(C)C(=O)CNCCc1cccc(OCCCC(C)(F)F)c1.Cl,5.119186408
COc1ccncc1c1nnc(n1C)SCCCN1CCc2c(CC1)ccc(c2)c1noc(c1)C,6.795880017
C[C@@H]1CN(CCN1c1ncc(OCc2ccc(CS(C)(=N)=O)cc2F)cn1)c1nnc(o1)C(F)(F)F,4.522878745
O=C(O)C[C@H](CN1CC[C@@H](CCc2ccc3c(n2)NCCC3)C1)c1cccc(C2CC2)c1,5.299997603
Cc1cc(=O)n(C)nc1N1CCC2(CCN(C[C@H](O)c3ccc4c(c3C)COC4=O)CC2)C1=O,4.677780705
CC[C@@H](NC(=O)c1cc(C(=O)N2CCC[C@@H]2C)n2CCOCc12)c1ccc(nc1)C(F)(F)F,5
C[C@@H]1CCCN1CCCOc1ccc(cc1)-c1ccc(=O)[nH]n1,4.860120914
N=C(c1cccs1)Nc1ccc2c(c1)CCCN2C1CNCC1,4.522878745
COC(=O)C(CCCN(C)CCCc1nc2ccccc2[nH]1)(C(C)C)c1ccc(Br)cc1,6.749579998
OC(Cc1ccccc1)(c1cccnc1)c1cccnc1,4.22184875
Cc1cc(CNc2nc(N)nc3ccn(Cc4ccc(F)cn4)c23)no1,5.698970004
Cc1ccc(Cn2c(nc3ccccc23)C2CNCCS2)cc1,6.045757491
O=C1Nc2ncccc2C2(O1)CCN(CC2)C(=O)N[C@@H]1CC[C@H](Cn2c1nnc2CC(F)(F)F)c1cccc(c1F)F,4.522878745
CC(C)(O)C(=O)c1oc2nc(-c3ccccc3Cl)c(cc2c1NC(=O)CO)-c1ccc(Cl)cc1,5.180456064
Cc1cc(C2C[C@H]3[C@@H](C)SC(N)=N[C@@]3(c3ccc(F)cc3F)CO2)on1,5.677780705
Nc1ncc(cc1-c1ccc(cc1)C(F)(F)F)-c1ccc(cc1)C(=O)N1CCNCC1,5.259637311
C[C@@H]1CN(CCN1C(=O)C(=O)c1c[nH]c2ccncc12)C(=O)c1ccccc1,4.096910013
Nc1ccc(-c2cccs2)cc1N,5.795880017
CC(C)C1(OC(O)=NC1=O)c1ccc([nH]c1=O)-c1ccc2ccccc2c1,4.301029996
Clc1cccc(c1)-c1cnc2ccc(NC3CCOCC3)nn12,4.522878745
O=C1N(CCN2Cc3ccccc3C2)CCN1Cc1ccccc1,4.600326279
COc1ccc(cc1-c1ccnc(Nc2ccc(N3CCOCC3)c(OC)c2)c1)C#N,5.327902142
Fc1ccccc1-c1nc2ccn(Cc3cc(-c4ccc(C(F)(F)F)cc4C(F)(F)F)no3)cc-2n1,6.102372909
CS(=O)(=O)Nc1ccc2OC3(CCN(CCc4ccc5nonc5c4)CC3)CC(=O)c2c1,9
CCc1ccn2ccnc2c1N1CCCN(CC2CCN(C(=O)[C@H]3C[C@@H]4CC[C@H]3O4)CC2)CC1,5.886056648
CC(C)n1c(C)ncc1-c1nc(Nc2ccc(cc2)C(N)=O)ncc1F,4.698970004
CC(C)(O)CN(CCc1ccc(Cl)cc1)C1CCN(c2nc(N)n[nH]2)CC1,4.721246399
CC(C)(NCc1cc([C@]2(C)CCSC(N)=N2)c(F)cc1F)C(F)(F)F,4.950781977
CCCCCCCN(CC)CC#CCOC(c1ccccc1)c1ccccc1,6.013228266
Cc1onc(c1NC(=O)OCc1c(F)cccc1Cl)-c1c(Cl)cccc1Cl,4.580044252
CN1CC(C1)c1c[nH]c2cc(ccc12)-n1ccc(OCc2ccccc2)cc1=O,4.920818754
CNC(=O)[C@@H](C)Oc1cccc2ncnc(Nc3ccc(OCc4ccccn4)c(Cl)c3)c12,4.494850022
COc1ccc(C2(c3cccc(-c4cncnc4)c3)N=C(N)n3nc(C)cc32)cc1,5.065501549
O=C1OCc2cc(CCC3(F)CCN(C(=O)Cc4ccc(-n5cnnn5)cc4)CC3)ccc21,5.677780705
CCOC(=O)N1CCN(Cc2noc(n2)-c2cc(Cl)ccc2F)CC1,4.508638306
FC(F)Oc1cc(ccc1OC(F)F)[C@H](C=1C=C[C@@H](NC=1)C(O)(C)C)c1cc[n+]([O-])cc1,4.643974143
CC(N1CCCC(C1)Cn1c(C)nc2c(c1=O)nc(cc2)Oc1ccc2c(c1)OCO2)C,4.866461092
COc1cc(ccc1-n1cnc(C)c1)-c1cn(nn1)[C@H]1C[C@H](CN(CC(F)(F)F)C1=O)C(F)(F)F,4.882728704
CN(C)c1ccc(-c2cc3nccnc3c(NC[C@H]3CNCCC3(F)F)n2)cn1,4.700000504
O=C(NC1CC1c1ccccc1)N1CCC(CC1)c1nc(no1)-c1ccc2ccccc2n1,5.585026652
CC(C)c1ccc(-c2cc(CN3CCOCC3)nn2C2CCC2)cc1,4.494850022
Cc1cc(-c2nc3c4CCN(CCCSc5nnc(-c6cccc7nc(C)ccc67)n5C)CCc4ccc3o2)n(C)n1,6.102372909
C[C@@H](Oc1ccc([C@H]2CC[C@@H](C(N)=O)N2)cc1)c1ccccc1,5.399996913
C[C@@H]1[C@H]2CN(CCCC3CCOCC3)CC[C@@H]2Cc2[nH]c3ccc(cc3c12)C(F)(F)F,9
[O-][N+](=O)c1cn2c(n1)OCC(C2)OCc1ccc(cc1)OC(F)(F)F,5
O=C(C(n1c(nc2c1cc(F)c(c2)F)c1ccc(cc1)Cl)C1CCCCC1)Nc1ccc(cc1F)C(=O)O,4.698970004
Cc1cc2nc(\C=C\c3ccccc3)n(Cc3ccc(Cl)cc3)c2cc1C,5.397940009
CCN(C1CCN(CC[C@H](N2CCN(CC2)S(=O)(=O)CC(F)(F)F)c2ccccc2)CC1)C(=O)Cc1ccc(cc1)S(C)(=O)=O,5.236572006
OC(COc1ccc(F)cc1C(=O)CCc1ccccc1)CN1CCN(CC1)C(c1ccccc1)c1ccccc1,5.318758763
C[C@@H]1CCCN1CCc1ccc2nc(ccc2c1)-c1ccc(s1)C#N,5.698970004
N12[C@H](c3c(Cc4c1cccc4)cccc3)CN(CC2)C,4.830325566
CC(=O)Nc1cc(Nc2cc(NC3CC3)n3ncc(C#N)c3n2)c(F)cc1C,4.795880017
NC[C@@H]1C[C@@]1(C(=O)N(CC=C)CC=C)c1cccs1,5
FC(F)(F)c1ccc(cc1)[C@@H]1C[C@H]1C(=O)N1CCN(CC1)S(=O)(=O)c1cc(cc(c1)C(F)(F)F)-c1cn[nH]c1,6.301029996
CC(N1[C@H]2CC[C@@H]1C[C@H](C2)Oc1cccc(c1)C(N)=O)c1ccccc1C,9
Cc1cc(-n2cnnn2)ccc1CC(=O)N1CCN(CCc2ccc3c(c2)COC3=O)CC1,5.853871964
CC(Oc1ccc(cc1C(=O)N1CCN(CC1)c1ccc(cn1)C(F)(F)F)S(C)(=O)=O)C(F)(F)F,4.698970004
N#Cc1ccc(cc1)Cn1cncc1CNC1CCN(C1=O)c1ccncc1,5.494850022
COc1cc(ncn1)N1C(=O)N(C(=O)C11CCN(Cc2ncccc2C)CC1)c1ccc(cc1)-c1cccc(c1)C(O)=O,5.15490196
O=C(N1CCC(C1)NC1CCC(CC1)(O)c1ccc(cn1)c1ncccn1)CNC(=O)c1cccc(c1)C(F)(F)F,4.698970004
CC(C)c1noc(n1)N1CCN([C@H](C)C1)c1ncc(OCc2ccc(CS(C)(=O)=O)cc2F)cn1,4.522878745
Cc1c(O[C@@H]2C[C@@H]3CC[C@H](C2)N3Cc2ccccc2)cccc1C(N)=O,5.958607315
COc1ccc(cc1)C1CN(CC1Cc1nc2c([nH]1)cc(cc2)Cl)CCc1ccc(c(c1)OC)OC,7.552841969
CC(C)(C)NC(=O)c1c[nH]c2ncc(nc12)-c1n[nH]c2c(cccc12)C(C)(C)O,5.698970004
[O-][N+](=O)c1ccc(CCN2CCN(CCc3ccc(F)cc3)CC2)cc1,9
Cc1ccc(cc1)C#CCOCc1cccc(COCC#Cc2ccc(C)cc2)[n+]1C,7
CN(C)C(=O)CC(NC(=O)C1(N)CCN(CC1)c1ncnc2[nH]ccc12)c1ccc(Cl)cc1,4.477555766
Clc1cnc2c(CCC34CCC(CC3)(CO4)NCc3ccc4OCC(=O)Nc4n3)ccnc2c1,9
Fc1ccc(-c2c[nH]c([C@H]3Cc4c([nH]c5ccccc45)[C@@H](C4CCOCC4)N3)n2)c(F)c1,6.197910742
COc1cc(-c2cn(C3CCc4ccccc4N(Cc4ccccn4)C3=O)nn2)ccc1-n1cnc(C)c1,5.12090412
ONC(=O)\C=C\c1ccc2CN(Cc2c1)S(=O)(=O)c1cccs1,4.522878745
C[C@@H]1CN(CCN1c1ncc(OCc2ccc(CS(C)(=O)=O)cc2F)cn1)c1nc(no1)C(F)(F)F,4.522878745
COc1cc2nc(nc(N)c2cc1OC)N3CCN(CC3)C(=O)[C@H]4COc5ccccc5O4,6.489991487
CCn1cc(cc(C)c1=O)C1(N=C(N)c2c1cccc2F)c1cccc(c1)-c1cncc(F)c1,5.568636236
OC(=O)C[C@H]1CC[C@@H](CC1)c1ccc(NC(=O)c2nnc(Nc3ccc(F)c(F)c3)o2)cc1,4.522878745
O=P(Nc1cccnc1)(c1ccccc1)c1ccccc1,4.48148606
CCOC(=O)c1ccc(CCN2CCN(CCc3ccc(cc3)[N+]([O-])=O)CC2)cc1,9
CCCc1nc2c(C)cc(cc2n1Cc3ccc(cc3)c4ccccc4C(=O)O)c5nc6ccccc6n5C,4.899998417
Fc1ccc(cc1)C(CCC[NH+]1CC[NH+](CC1)CC(=O)Nc1c(cccc1C)C)c1ccc(F)cc1,7.801342913
Cc1ccccc1S(=O)(=O)N1Cc2ccc(\C=C\C(=O)NO)cc2C1,4.522878745
CCCCC(c1ccc(cc1)Cl)NC(=O)C1(N)CCCN(C1)c1ncnc2c1cc[nH]2,5.455931956
COCCC(=O)N1CCSC(c2nc(-c3ccc(C(=O)Nc4cc(C(F)(F)F)ccn4)cc3)c3c(N)nccn23)C1,5.744727495
Fc1cc(ccn1)-c1cnc2nc(sc2c1)N1CCC(CC1)N1CCCCC1,6.698970004
CC(C)N1CCC[C@H](Cn2c(C)nc3ccc(Oc4ccc(Cl)cc4F)nc3c2=O)C1,5.886056648
CC(=O)N1CCN(CC1)c1ccc(OC[C@@H]2CO[C@](Cn3ccnc3)(O2)c2ccc(Cl)cc2Cl)cc1,5.721246399
CN(CCO)CC(=O)N1CCC(CC1)c1ccc(NC(=O)c2ncc([nH]2)C#N)c(c1)C1=CCCCC1,5
Cc1cc2=C(Nc3ccccc3N=c2s1)N1CCNCC1,4.849999245
CNS(=C)(=O)c1ccc(Nc2ncc(c(N[C@@H]3CCC[C@H]3N(C)C)n2)C(F)(F)F)cc1,4.692503962
O=C(N1CC[C@H](NCc2cncn2Cc2ccc(cc2)C#N)C1=O)c1ccc[nH]c1=O,4.301029996
COC1CC(OC(C)C1O)OC4C(C)C(OC2OC(C)CC(C2O)N(C)C)C(C)CC3(CO3)C(=O)C(C)C(O)C(C)C(C)OC(=O)C4C,3.469999944
Clc1ccc(c(c1)F)[C@@]12CN(C[C@H]2C1)CCCSc1nnc(n1C)c1ocnc1C,6.301029996
Clc1ccccc1OC1CCN(C1)S(=O)(=O)c1ccc2c(c1)CCNCC2,5.280668713
NC1CCN(CC1)c1ncnc(c1)Nc1ncc(s1)C#N,5.180456064
O=c1n(Cc2ccc(Cl)cc2)c2sc3c(c2c2ncnn12)CCCC3,5.200659451
Oc1ccc(cc1)[C@H]1CC[C@@H](CC1)NC(=O)CCc1cccnc1,4.522878745
COc1cc2nnc(C(N)=O)c(Nc3ccc(C)cc3F)c2cc1N1CCN(C(C)C)CC1,4.769551079
O=C(NC(c1ccncc1)c1ccc(F)cc1)[C@@H]1CC[C@@H](N2CCOCC2)C[C@H]1c1ccc(Br)cc1,5.075720714
O=c1ccc2ccc(F)c3c2n1C[C@H]3CN1CCC(NCc2cc3c(nn2)OCCO3)CC1,3.623423043
C[C@@H]1NC(=N[C@@]1(c1ccc(F)cc1)c1ccc(F)nc1)c1cnsn1,5
Nc1nccn2c([C@@H]3CCCN(C4CCOCC4)C3)nc(-c3ccc(C(=O)Nc4cc(C(F)(F)F)ccn4)cc3F)c12,7
Nc1ccc(-c2ccc(F)cc2)cc1NC(=O)c1ccc(CN2CCC3(CCNC3)CC2)cc1,6.625251654
N#Cc1ccc(cc1Cl)N([C@H]1CCN(C1)C(=O)C(O)C)Cc1cc(Cl)ccc1Cl,5.657577319
Clc1cc(c-2c(c1)\C(\c1cc(Cl)ccc1-2)=C/c1ccc(Cl)cc1)[C@@H](O)CNCCCC,5.260427656
CC(C)OC[C@H](Oc1ncnc2c1cnn2-c1ccccc1Cl)C(=O)Nc1ccccn1,4.200000237
CCCN(CCC)C(=O)C(CCC(=O)O)NC(=O)c1ccccc1,4.899998417
COc1cc(F)ccc1-c1cccc(CNC2CCCC2)c1,5.677780705
CN(C/C=C/C=C/C=C/c1ccc(C(F)(F)F)cc1)Cc1ccc2c(c1)OCCO2.Cl,5.060480747
Cc1n(nc2c(nnc(C)c12)N1CC[C@@H](F)C1)-c1ccc(OCC(F)(F)F)cc1,6.522878745
O[C@H]1CCN(CCn2ncc3cc(ccc23)-n2ccc(OCc3ccccc3)cc2=O)C1,5.045757491
COc1ccc2SCC(=O)N(CCN3CCC(CC3)NCc3cc4OCCOc4cn3)c2c1,5.22184875
O=C1COc2c(N1)nc(cc2)CNC1CCN(CC1F)CCn1c(=O)ccc2c1cc(cn2)Oc1cccnc1,4.124938737
CN1[C@H](C(N)=O)CC[C@@H]1c1ccc(OCc2ccccc2F)cc1,4.300000202
O=C(NC1CN(C1)C1CC[C@](CC1)(F)c1ccccc1)CNC(=O)c1cccc(c1)C(F)(F)F,5.48148606
N[C@H]1Cn2c(nc3cc(C(F)(F)F)ccc32)C[C@@H]1c1cc(F)c(F)cc1F.O=C(O)C(F)(F)F,5.124938737
CCCc1cccc(Nc2cc(N[C@@H]3CCCC[C@@H]3N)nnc2C(N)=O)n1,5.200659451
CC(C)=CCn1c(N2CCC[C@H](N)C2)c(C#N)c2n(C)c(=O)n(Cc3nccc4ccccc34)c(=O)c12,5.045757491
CC1(C)OC(=O)N([C@H]2CC[C@H](c3cnc(N)c(-c4ncccn4)c3)CC2)[C@H]1c1ccccc1,4.962573502
NC(=O)c1c(NC(=O)Nc2ccc(Cl)cc2)sc2c1CC[N+]1(CCCC1)C2.[Br-],5.454692884
CC/N=C(\N1CCCc2c1ccc(c2)C1=NNC(=O)SC1(C)C)/c1ccc(c(c1)OC)OC,6.22184875
C[C@@H](CO)Oc1cc(Oc2ccc(C(=O)N3CCC3)cc2)cc(C(=O)Nc2nccs2)c1,5.045757491
COc1nc2ccc(CC(C)=O)cc2cc1C(c1ccccc1)C(O)(CCN(C)C)c1cccc2ccccc12,5
COC1=CC(=O)O[C@H](C1)\C=C\c2ccccc2,4.790000026
O=C1OCc2cc(/C=C/C3CCN(C(=O)Cc4ccc(-n5cnnn5)cc4)CC3)ccc21,5.744727495
CC(C)(C)C(=O)NCCC1CCN(CC1)c1ncnc2cc(sc12)C(N)=O,4.301029996
COc1cc(ccc1OCCN1CCCC1)-n1cnc2cc(sc2c1=O)-c1ccc(Cl)cc1,6
CCCCCCC[N+](CC)(CC)CCCCc1ccc(Cl)cc1.Cc1ccc(S(=O)(=O)[O-])cc1,7.301029996
O=C1C=C2[C@@H]3C[C@](C)(CC[C@]3(C)CC[C@]2([C@]2([C@H]1[C@@]1(C)CC[C@@H](C([C@@H]1CC2)(C)C)O)C)C)C(=O)O,4
Clc1ccc(Cc2nn(C[C@H]3CCCN3CCCCc3ccc(OCCCN4CCCCCC4)cc3)c(=O)c3ccncc23)cc1,6.799970733
c1cc(F)ccc1C(=O)CCC[N@H+](CC2)CC[C@]2(O)c3ccc(Cl)cc3,7.721246399
Cc1ncoc1-c1nnc(SCCCN2CC3CC3(C2)c2cccc(F)c2)n1C,5.875072121
CCCCCCC(N1CCOCC1)C(O)(c1cccnc1)c1cccnc1,4.560667306
CCNc1nc2CCN(Cc2c(n1)C(N)=O)C(=O)CCc1ccc(OC(F)(F)F)cc1,5.337242168
FC(F)(F)c1ccc(-c2c[nH]c([C@H]3Cc4c([nH]c5ccccc45)[C@@H](C4CCOCC4)N3)n2)cc1,6.801342913
NC(=O)c1cccc(O[C@H]2C[C@@H]3CC[C@H](C2)N3Cc2ccccc2)c1,5.823908741
NC(=O)c1c(NC(=O)Nc2ccc(Cl)cc2)sc2c1CC[N+]1(CCOCC1)C2.[I-],4.906578315
[NH+]1(CCCC[C@@H]1c1c2c([nH]c1-c1ccccc1)cccc2)C,5.15490196
CC(C)(CO)NC(=O)c1c[nH]c2ncc(nc12)-c1nn(CCCS(C)(=O)=O)c2cc(F)ccc12,5.698970004
COCc1ccc(-c2ccc3ncc(C(N)=O)c(N[C@@H](C)C4CCOCC4)c3c2)cn1,5.346787486
Nc1ncc(cc1-c1nc2ccccc2o1)-c1cnn(c1)C1CCNCC1,6.124938737
COc1cc(OC2CCN(CC2)C(C)=O)ccc1Nc1ncc(Cl)c(n1)-c1cnc2ccccn12,5
NC(=O)c1cccc(O[C@H]2C[C@@H]3CC[C@H](C2)N3C2(CC2)c2ccccc2)c1,9
CC[C@H](NC(=O)c1cc(C(=O)N[C@H](C)c2ccc(F)cc2)n2CCOCc12)c1ncccn1,5
COc1cccc(c1)C1CCN(CC1)C1CCC(C1)(C(C)C)C(=O)NCc1cc(cc(c1)C(F)(F)F)C(F)(F)F,6.663540266
ONC(=O)\C=C\c1ccc(CN2CCCC(C2)c2c([nH]c3ccccc23)-c2ccccc2)c(F)c1,4.714442691
CNC1CCN(C1)c1ccc(cn1)-n1cnn2cc(cc2c1=O)-c1ccc(Cl)cc1,5.522878745
COc1nccc2c1nc(-c1ccc(OC3CCN(CC3)C3CCC3)cc1)n(C)c2=O,5
O=S(=O)(C1CC1)c1cccc(c1)-c1ccc2ncc(-c3ccc(cc3)-c3nnn[nH]3)n2n1,4.48148606
Oc1ccc2CC3N(CC4CC4)CC[C@@]56[C@@H](Oc1c25)c7[nH]c8ccccc8c7C[C@@]36O,5.610001577
Cc1nnc(C(C)C)n1C1CCN(C(C)C[C@H](NC(=O)C2CCC(F)(F)CC2)c2ccccc2)CC1.Cl,5.677780705
O=C(N1CCc2[nH]c(nc2-c2c1cccc2)C)c1ccc(NC(=O)c2ccccc2-c2ccccc2)cc1,5.649751982
CC#Cc1cncc(c1)c1cccc(c1)C1(N=C(c2c1cc(F)cc2F)N)c1cc(C)c(=O)n(c1)CC,5.508638306
COc1ccc2ncc(F)c(CCC34CCC(CC3)(CO4)NCc3cc(C)c4OCC(=O)Nc4n3)c2n1,5.93930216
CCn1cc(cn1)N1CCN(Cc2nc3c4cccc(OC)c4nc(N)n3n2)[C@H](C)C1,4.408935393
N#Cc1nc(OCCC2CC2C2CCN(CC2)c2ncc(cn2)C)nc(c1)C,5.397940009
CN1CCCc2cc(NC(=O)c3ccc(o3)-c3ccc(Cl)cc3)ccc12,5.27572413
CC(C)N1CCC[C@H](Cn2c(C)nc3cnc(Oc4cccc5cccnc45)cc3c2=O)C1,4.600326279
Cc1c(N2CC3CC3(N)C2)c(F)cc2c(CN)c(F)c(=O)n(C3CC3)c12,3.943095149
NC(=O)c1cccc(O[C@@H]2C[C@@H]3CC[C@H](C2)N3Cc2ccccc2)c1,6.22184875
Clc1cccc(NC(=O)N2CCN(C[C@@H]3CCCN(C3)C3CC3)CC2)c1,4.552841969
CCCCc1cc(OC2CCN(CCCCNS(=O)(=O)C(C)C)CC2)c2ncccc2c1.Cl.Cl,6.890084137
O=C(c1cccc2c1nc(o2)N1CCOCC1)NC1CN2CCC1CC2,5.494850022
CCc1nn2c(C)cc(C)nc2c1Cc1ccc(CCCN2CCN(C(C)C)CC2)cc1,5.346787486
C[C@H]1N(CCn2c1nnc2-c1nc(ns1)C(F)(F)F)C(=O)c1ccc(F)cc1,4.408935393
Brc1cc(cnc1)C(=O)N1CC[C@@H]([NH2+]Cc2n(cnc2)Cc2ccc(cc2)C#N)C1=O,5.22184875
FC(F)(F)c1ccc(cc1)-n1ccc(CN2CCC(CC2)NC(=O)N2CC(C2)N2CCCOCC2)c1,5.522878745
Cc1c(CNC2CCCC2)nn(c1-c1cccnc1)-c1ccc(Cl)cc1Cl,5.537602002
CC[C@H]1OC(=O)[C@H](C)[C@@H](O[C@@H]2O[C@@H](C)[C@@H]([C@](C2)(C)OC)O)[C@H](C)[C@H]([C@]2(OC(=C(C)C2)[C@@H](C(=O)[C@]1(C)O)C)C)O[C@@H]1O[C@H](C)C[C@@H]([C@H]1O)N(C(C)C)C,4.379863945
CC(C(O)c1ccc2[nH]c(=O)oc2c1)N1CCC(O)(CC1)c1ccc(F)cc1,5.585026652
Fc1cc2onc(c2cc1)C1CCN(CC1)CCC=1C(=O)N2C(=NC=1C)[C@@H](O)CCC2,5.920818754
Clc1ccc2c(c1)c1CCCC(c1[nH]2)NC(=O)c1ccccc1F,4.698970004
Cc1cc2cc(ccc2o1)N=C(NC#N)N[C@H]1CCCCN(CC(=O)N2CCCC2)C1=O,4.096910013
Cc1ncoc1-c1nnc(SCCCN2CC[C@@]3(C[C@@H]3c3ccccc3)C2)n1C,5.439997673
CSc1nc(C)cc(n1)C(=O)NCCN1CCN(CC1)c1cccc(C)c1C,5
COc1ccccc1N1CCN(CCCCOc2ccc3c(C)cc(=O)oc3c2)CC1,7.508638306
FC1CCN(C1)C(=O)[C@H]1NC[C@H](C1)N1CCN(CC1)c1ncccn1,4.301029996
Cn1c(SCCCN2CC3CCN(c4ccc(F)cc4C(F)(F)F)C3C2)nnc1-c1cnccn1,5.900008766
FC(F)(F)c1ccc(cc1)-n1ccc(CN2CCC(CC2)NC(=O)NC(c2ccccc2)c2ccccc2)c1,5.420216403
CCNC(=O)CC[C@@H](CO)N(C)C(=O)c1ccc2n(C)c3CC[C@H](Cc3c2c1)C1CCOCC1,4.48148606
C[C@@H]1Sc2ccccc2O[C@@H]1c1ccc(OCCCN2CCCC2)cc1,9
N#Cc1ccc(cc1)Cn1cncc1CN(C1CCN(C1=O)Cc1cccc(c1)Cl)CCCc1ccccc1,7.619788758
CN=S(=O)(c1ccc(cc1)Nc1ncc(c(n1)N[C@@H]1CCC[C@H]1N(C)C)C(F)(F)F)C,4.692503962
CN(C/C=C/c1ccc(C(F)(F)F)cc1)Cc1ccc2c(c1)OCCC2.Cl,5.537602002
COc1cc(Nc2ncc(C)s2)nc(N[C@@H](C)c2ncc(F)cn2)n1,4.494850022
CCC(CC)CNc1c(C(N)=O)cnc2ccc(-c3ccc(CS(C)(=O)=O)nc3)cc12,5.721246399
FC(F)(F)c1ccc(cc1)-n1ccc(CN2CCN(CC2)C(=O)NCc2ccc(Cl)cc2Cl)c1,5.795880017
CN1[C@@H]2CC[C@H]1CC(C2)OC(=O)c3c[nH]c4ccccc34,5.41999931
CC1=C2NC3=CC(=O)C=CC3=C2CCN1,4.689999563
COc1cnc(cn1)C(=O)Nc1ccc2OC(C)(C)C3(CC3)[C@]3(COC(N)=N3)c2c1,4.681936665
C[C@H]1OC(=O)[C@@]2(CC(F)(F)[C@@H](C)[C@H](\C=C\c3ccc(cn3)-c3ccccc3C#N)[C@H]12)C(N)=O,4.35753548
C[C@@]1(c2cc(CNCCC(F)(F)F)c(F)cc2F)CCSC(N)=N1,4.690369833
Cn1c(CCCCN2CC3[C@@](C2)(C3)c2ccc(cc2)C(F)(F)F)nnc1c1ccnnc1,4.899629455
C[C@@H](NC(=O)c1ccc(o1)-c1ccc(Cl)cc1)C(=O)N1CCN(CCCOc2ccc(cc2)C(=O)C2CC2)CC1,6.096910013
FC(F)(F)c1c(OC[C@H]2C[C@@H]2c2ccc(Cl)cc2)ccn2c(CC3CC3)nnc12,6.420216403
CCN1CC2C(C1)C2CN(C(=O)c1ncn(c1)C)Cc1cccc(c1)OC(F)(F)F,5.657577319
CCCCCCCCCCCCCC[N+](CC)(CC)CC,6.394694954
CCNCCN1CCCc2c1ccc(c2)NC(=N)c1cccs1,4.522878745
CCCCc1nc(C(C)C)c(CC(=O)OCC)c(=O)n1Cc1ccc(-c2ccccc2-c2noc(=O)[nH]2)cc1,5.091514981
O=C(O[C@H]1CN2CCC1CC2)N1CCc2ccccc2[C@@H]1c1ccccc1,6.022276395
COc1cccc(-c2cccc(C3(C)N=C(N)CS3)c2)c1,5.036212173
COc1ccc(CCN2C(CN(NS(C)(=O)=O)C2=O)c2ccc(cc2)C2CC2)cc1,5.075720714
CCCCc1oc2c(c1C(=O)c1cc(I)c(c(c1)I)OCCN1CCCCC1)cccc2,7.096910013
CCc1nc2c(C)cc(N3CCN(CC(=O)N4CC(O)C4)CC3)cn2c1N(C)c1nc(-c2ccc(F)cc2)c(C#N)s1,4.823908741
CCCCc1cc(N2CCN(CCc3ccc(OCCCN4CCCCCC4)cc3)CC2)c2nc(CCC(=O)O)ccc2c1,5.599997654
Fc1ccc(Oc2ccc(nc2)C(=O)N2CCCN(CC2)C2CCC2)cc1,6.045757491
COc1cc(OC(C)C)cc(S(=O)(=O)c2ccc3c(c2)O[C@H]2CNCC[C@@H]32)c1.Cl,5.48148606
Clc1ccc(cc1Cl)[C@]12CCC[C@H]1CNC2,5.193820026
C[C@@H]1CN(C[C@@H]2CCc3cccnc3[C@@H](O)C2)CC[C@H]1c1ccccc1C,5.036212173
COc1ccc(NC(=O)N2CCN(c3nc(N)nc4scnc34)[C@@H](C)C2)cc1,4.769551079
Fc1ccc(F)cc1C=1CN(C(=O)[C@H](N)C(C)C)[C@H](C=1)c1ccccc1,5.619788758
COc1cc(Cl)c(cc1OC)-c1nc(SCC(=O)N(C)C)nc2[nH]cc(C#N)c12,4.522878745
CC[C@@H](NC(=O)c1cc(C(=O)N2CCC[C@@H]2C)n2CCOCc12)c1ccccc1,5
Cc1ccc(CN2[C@H]3CC[C@@H]2C[C@H](C3)Oc2cccc(c2)C(N)=O)cc1,9
Cl.Cl.NCc1cc(C(=O)N[C@@H]2CCc3ccc(Oc4ccnc5c4CCC(=O)N5)cc3C2)cc(C(F)(F)F)c1,5.180456064
COc1ccc2[C@H](C(C)C)N(CCc2c1)C(=O)CNCC1(O)CCCCC1,4
OC(CN1CCC(Cc2ccccc2)CC1=O)c1ccc(O)cc1,4.522878745
Cn1cc(cn1)[C@H]1C[C@H]2[C@@H](CF)SC(N)=N[C@]2(CO1)c1ccc(F)cc1F,4.860120914
COC(=O)N1C[C@@H]([C@H](C1)C(=O)Nc1ccc(cc1F)-n1ccccc1=O)C(=O)Nc1ccc(Cl)cn1,5
Fc1cccc(O[C@H]2CN[C@@H](C2)C(=O)N2CCCN(CC2)C2CCC2)c1,5
O=C(N1CC(C1)Oc1ccc(CN2CC3(C2)CCCO3)cc1)c1nnc(o1)-c1ccccc1,5.050609993
Cc1cnc(Nc2ccc(N3CCC(N(C)CCO)CC3)c(F)c2)nc1-c1cnn(C(C)C)c1,4.552841969
CC(Cc1ccc(cc1)C(C(=O)NS(=O)(=O)C)C)C,5
CCCN1CCCC[C@@H]1C(=O)Nc1c(C)cccc1C,4.623423043
FC(F)(F)c1ccc(NC(=O)NS(=O)(=O)c2ccc(OCCCN3CCCCC3)cc2)cc1,4
ONC(=O)C=Cc1ccc2c(c1)CN(C2)CCc1c(C)noc1c1ccccc1,4.522878745
Fc1ccc(cc1)Oc1cnc2c(n1)c(=O)n(c(n2)C)CC1CCCN(C1)C(C)C,4.793174124
Cc1cccnc1CN1CCC2(CC1)N(C(=O)N(C2=O)c1ccc(cc1)-c1ccc(cc1)C(O)=O)c1cnccn1,4.795880017
CC(C)c1nnc(C)n1C1CCN(CC1)[C@@H](C)C[C@H](NC(=O)C1CCC(F)(F)CC1)c1ccccc1,5
O=c1ccc(c[nH]1)-c1nnc([nH]1)C1CCN(Cc2ccc(cc2)-c2nc3cc[nH]c(=O)c3cc2-c2ccccc2)CC1,5
CN([C@@H]1CCN(C1)C1CCC1)C(=O)c1ccc(cc1)-n1c(C)nc2ccccc12,4.522878745
CCOC(=O)C1(CCN(CCC(C#N)(c2ccccc2)c3ccccc3)CC1)c4ccccc4,4.729999332
NC1=N[C@@]2(CO1)c1cc(NC(=O)c3ccc(Cl)cn3)ccc1Oc1cnc(C3=CCCOC3)cc12,6.045757491
O=C1CC2C(C1)CN(C2)c1ccc(cc1F)N1C[C@@H](OC1=O)Cn1nncc1,4.094743951
Cc1ccccc1C(=O)N(CC1CCC1)[C@H]1CCNC1,4.698970004
CCc1nc2c3CCN(CCCSc4nnc(-c5cccc6nc(C)ccc56)n4C)CCc3ccc2o1,5.200659451
O=C1OC2(CN1c1ccccc1F)CCC(CC2)c1nc2c([nH]1)cc(cc2)OC(F)(F)F,5.200659451
CN1CCN(C(=O)c2cccc(-c3ncnc4ccc(-c5cnc6ccccc6c5)cc34)c2)CC1,5.585026652
CC#CCn1c(N2CCCNCC2)c(C#N)c2n(C)c(=O)n(Cc3ncc4ccccc4c3C#N)c(=O)c12,4.920818754
COc1ccc2C[C@H]3N(C)CCc4cc(OC)c(Oc5c6OCOc6cc7CCN(C)[C@@H](Cc8ccc(Oc1c2)cc8)c57)cc34,5.309998953
FC1CCN(Cc2ccc(cc2)C(=O)N2CCN(CC2)C2CCC2)CC1,5
O=C1[C@@H]2CCN1c1cccc3ccc(Oc4cc(Cn5cncc5CN2)ccc4C#N)cc13,4.978810701
CC(C(O)c1ccc(O)cc1)N1CCC(Cc2ccccc2)CC1,7
N=C(NCCCOc1ccc(F)cc1)Nc1ccc(I)cc1,6.962175249
O=C(Nc1ccccc1)c1nn(-c2ccccc2)\c(=N\c2nc(cc(-c3ccccc3)c2C#N)-c2ccccc2)s1,5.075720714
s1cc(C)c(NC(=O)[C@@H](NCCC)C)c1C(OC)=O,3.649752176
CC(C)c1cc(C(=O)NC[C@H]2CCN(CCc3ccc(Cl)c(Cl)c3)C2)on1,5.815308569
OCc1ccc(OC2CCN(CC3CCN(CC3)c3ccccc3C(O)=O)CC2)cc1Cl,0.19000002
C[C@@H]1NC(=N[C@@]1(c1ccc(F)cc1)c1ccc(F)nc1)c1ccc(=O)n(c1)C(F)F,9
O=C1OCc2cc(CCC3C4CN(C(=O)Cc5ccc(-n6cnnn6)cc5)CC34)ccc21,5.301029996
Cc1ncc(OC[C@]2(C[C@H]2C(=O)Nc2ccc(F)cn2)c2ccccc2F)c(C)n1,5.229147988
O=C1OCc2cc(CCN3CCN(C(=O)Cc4ccc(-n5cnnn5)cc4)CC3)cc(F)c21,4.886056648
Cn1cc2c(OCC3CCN(CCc4ccc(CO)cc4)CC3)nc3ccccc3c2c1,9
FC(F)(F)c1cnc2c(CCC34CCC(CC3)(CO4)NCc3ccc4OCC(=O)Nc4n3)ccnc2c1,9
COc1cc(-c2cn(C3CCc4ccccc4N(CCF)C3=O)nn2)ccc1-n1cnc(C)c1,5.492144128
Cc1ncoc1-c1nnc(SCCCN2C[C@H]3C[C@]3(C2)c2ccc(cc2)C(F)(F)F)n1C,6.698970004
ONC(=O)C=Cc1ccc2c(c1)CN(C2)S(=O)(=O)c1cccc(c1)C,4.522878745
CNC(C)C1(CCCCC1)c1ccc(Cl)c(Cl)c1,4.638272164
O=C1OC2(CN1c1cccc(n1)F)CCC(CC2)c1nc2c([nH]1)cc(cc2)OC(F)(F)F,5.397940009
CNc1nc2ccccc2n1-c1nc(N2CCOC[C@H]2C)cc(C2([S@](C)(=N)=O)CC2)n1,4.823908741
Cc1c2C(=O)N(Cc3ccccc3-c3ccccc3)C(C(=O)NC(C)(C)C)c2ccc1OS(C)(=O)=O,4.494850022
Fc1ccccc1C(=O)Nc1ccc(cc1)-c1nnc(NCCCCN2CCCOCC2)o1,4.900001867
Clc1c(Cl)c(CNC23CCC(CC2)(OC3)CC2(O)Cn3c4c2c(F)cnc4ccc3=O)cc2c1OCCO2,4.500312917
COc1ccc(N2CCC3(CCN(C[C@H](O)c4ccc5c(c4C)COC5=O)CC3)C2)cn1,5.48148606
CN(C)C(=O)N1CC(=C[C@@]1(CC[C@H](N)C(F)F)c1ccccc1)c1cc(F)ccc1F,4.798602876
CC(C)c1nc(Nc2cc(N[C@@H]3CCCC[C@@H]3N)nnc2C(N)=O)ccc1C,6
OC(=O)CCC(=O)c1ccc(cc1)c2ccccc2,4.839999931
Nc1nccc(-c2c(-c3ccc(F)cc3)ncn2C2CCCCC2)n1,4.557520231
Oc1cccc2CC(CN3CCC4(CCc5ccccc45)CC3)NCc12,6.045757491
N#Cc1c(\N=c2/scc(-c3ccccc3)n2-c2ccccc2)nc(cc1-c1ccccc1)-c1ccccc1,5.167491087
CN1CCC(Cn2nc(-c3ccc4nc(OC5CC5)ccc4c3)c3c(N)ncnc32)CC1,5.769551079
CCCCCCCN(CC)CCCC(O)c1ccc(NS(C)(=O)=O)cc1,9
CCc1nc2ccc(C3CCN(CC(=O)N4CC(O)C4)CC3)cn2c1N(C)c1nc(-c2ccc(F)cc2)c(C#N)s1,5.537602002
CC(=O)Nc1cccc(c1)N1CCN(CC2CCN(CC2)S(=O)(=O)CC2CCCCC2)CC1,5.698970004
Cc1cc(CNc2nc(N)nc3ccn(Cc4ccc(C(F)(F)F)cn4)c23)no1,6.301029996
O=C1[C@H]2[C@@H]3C=C[C@@H](C3)[C@H]2C(=O)N1CCCCN1CCN(c2cccc3sccc23)CC1,5.105130343
C[C@@H]1CCCN1CCc1ccc2nc(ccc2c1)-c1cncnc1,4.397940009
O[C@H](CNC(=O)c1c[nH]c(=O)c2c(F)cccc12)CN1CCC(CC1)Oc1ccc(Cl)c(Cl)c1,5.699991797
CN(C)CCNC(=O)[C@H]1c2ccccc2C[C@@H]1NC(=O)c1cc2ccccc2[nH]1,4.499999679
CC(C)c1nnc(C)n1C1CCN(CC1)C(C)C[C@H](NC(=O)C1CCC(F)(F)CC1)c1ccccc1,5.677780705
OCCOCC[NH+](CC1)CCN1C2=Nc(cccc3)c3Sc(c24)cccc4,5.240332155
Cc1noc(c1)c1nnc(n1C)SCCCN1CC2C(C1)N(CC2)c1ccc(cc1)C(F)(F)F,7
COC(=O)C1C(OC(=O)c2ccccc2)CC2CCC1N2C,5.139997578
Cc1cccc(c1)-c1noc(n1)C1CN(C(=O)C1)c1ccc(F)cc1,5.22184875
CCSc1cc([C@](O)(CCN(C)C)[C@@H](c2cc3cc(Br)ccc3nc2OC)c2ccnc(OC)c2OC)cc(SCC)n1,5.036212173
C[C@@H]1COCCN1c1nc(cc2c1ncn2C)c1c(F)ncc2c1cc[nH]2,4.522878745
CCOC1CCC(CC1)N1CC(C1)NC(=O)CNc1nn(c2c1cc(cc2)C(F)(F)F)C,5.346787486
Fc1cc(cc(c1)C(F)(F)F)[C@@]12CN(C[C@H]2C1)CCCSc1nnc(n1C)c1ocnc1C,6
CN1CCN(CCCNc2nnc(o2)-c2ccc(NC(=O)c3ccccc3F)cc2)CC1,4.200659451
N#Cc1ccc(cc1)Cn1cncc1CNC1CCN(C1=O)c1cccc2c1cccn2,5.086186148
O(CC#CC[NH+](CC)CC)C(=O)[C@](O)(C1CCCCC1)c1ccccc1,4.600153287
CNC(=O)c1nccc(c1)Oc1ccc2c(c1)sc(n2)NC(=O)Nc1ccc(cc1Cl)Cl,4
N\1(C)[C@@H](CC(/C/1=C/C)(c1ccccc1)c1ccccc1)C,4
CN[C@@H]1C[C@@H](c2ccc(Cl)c(Cl)c2)c3ccccc13,4.700000504
CC(C)(C)NC(=O)C1N(Cc2cc(F)ccc2-c2ccc(F)cc2)C(=O)c2ccccc12,4.48148606
CCNC(=O)Nc1ccc(-c2nc(N3CCOC[C@@H]3C)c3c(n2)C(C)(C)S(=O)(=O)C3)cc1,4.318758763
CC(C)c1cc(cc2nc(oc12)-c1ccc(cc1)C(=O)NCC1CN(C(=O)O1)c1ccc(Cl)cn1)C#N,4.522878745
Fc1ccc(cc1)C1(N=C(NC1C)c1cnccn1)c1ccc(cc1)F,5
Cc1nc(N2CCC3(CCN(C[C@H](O)c4ccc5c(c4C)COC5=O)CC3)C2)ccc1S(C)(=O)=O,5.102372909
CCOC(=O)[C@@H]1[C@H]2CN(C(=O)c3ccc(C[C@@H]4CC[C@H]([C@H](O)c5ccccc5)N4)cc3)C[C@H]21,5.15490196
N#Cc1ccc(cc1)c1ccc2c(c1)CCN(C2=O)CCN1CCCC1C,6.853871964
COc1ccc(OCCCc2cccc(CCCOc3ccc(OC)cc3)[n+]2C)cc1,6.801342913
CC(C)n1c(C)ncc1-c1ccnc(Nc2ccc(C(=O)N(C)C)c(F)c2)n1,5.522878745
CC1(C)CC(Oc2ccc(-c3ccc(-c4cn[nH]c4)cc3O)nn2)CC(C)(C)N1,5.200659451
CN1[C@@H](C2=C(CCC2=O)N(C1=O)c1cccc(c1)C(F)(F)F)c1ccc(cc1CO)C#N,4.522878745
O=C1N2[C@@H]([C@@H]3[C@@H]4N(CCC[C@@H]4C2)CCC3)CC=C1,3.7000571
OC(C(N1CCOCC1)c1ccccc1)(c1ccccc1)c1ccccc1,4.187086643
CN1CCC(COCc2cc(cc(n2)C2(F)CC2)C(F)(F)F)(CC1)c1ccccc1,4.920818754
CN1CCOc2c1cnn1c(-c3ccc4ccc(Cl)c(NCC5(F)CCNCC5)c4n3)nnc21,5.677780705
OC(=O)[C@@H](N1CCC(CN2CCC(CC2)Oc2ccc(Cl)c(Cl)c2)CC1)c1ccccc1,4.600326279
Cc1nc2ccccc2n1C1CC2CCC(C1)N2CCC1(CCN(CC1)C(=O)c1cc(c(F)cc1Cl)S(=O)(=O)NCC(F)(F)F)c1cccc(F)c1,5.102372909
CC(C)Oc1ccc(F)cc1-c1ccc(nc1)N1C[C@@H](CNC(=O)c2ccc(cc2)-c2nc3cc(cc(C(C)C)c3o2)C#N)OC1=O,4.522878745
COc1cc2n(C[C@H](N)[C@H]3CC[C@@H](CC3)NCc3ncc4OCC(=O)Nc4n3)c(=O)cnc2cc1F,3.477555766
CC(=O)c1ccc(NC(=O)NS(=O)(=O)c2ccc(OCCCN3CCCCC3)cc2)cc1,4
C[C@H]1CN(Cc2ccc(cc2)-c2cccnc2C(=O)N2CCC(CC2)Nc2ccc(F)cc2)C[C@@H](C)N1,4.500312917
O=[N+]([O-])c1ccc(CCN2CCN(CCc3ccc(-n4cnnn4)cc3)CC2)cc1,7.958607315
CC1CCN(CCCOc2ccc(=O)n(-c3ccc(F)c(Cl)c3)n2)CC1,5.665546249
Cn1c(CCCCCN2CC3[C@@](C2)(C3)c2ccc(cc2)C(F)(F)F)nnc1c1ccccc1,6
COC(=O)N1CCN(C(=O)c2ccc(-c3cnn4c(N)c(-c5ccccc5)c(NC5CC(C)(C)N(C)C(C)(C)C5)nc34)cc2)CC1,5.124938737
CC(C)N1CCN(CC1)C(=O)N1CCC(Cc2ccccc2)CC1,4.424812155
Cc1nc2cc(F)c(F)cc2c(=O)n1-c1ccc(OC2CCN(CC2)C2CCC2)cc1,5
OC(=O)CCCOc1cccc(CCCCCCOc2cc(cc(n2)-c2ccccc2)-c2ccccc2)c1CCC(O)=O,5.522878745
CC1Sc2ccccc2OC1c1ccc(cc1)OCCCN1CCCC1,7.602059991
Cc1ncoc1-c1nnc(SCCCN2CC3CCN(c4c(F)cccc4F)C3C2)n1C,6
Cc1ccc(cn1)[C@@H]1CC[C@@H](CC1)N1CC(C1)NC(=O)CNc1nn(C)c2ccc(cc12)C(F)(F)F,4.744727495
[NH3+][C@H]1C[n+]2c(C[C@@H]1c1cc(F)c(F)cc1F)[nH]c1ncccc21,4.045757491
CC(C)N1CCC[C@H](Cn2c(C)nc3cnc(Oc4ccc(Cl)cc4F)cc3c2=O)C1,7
COc1ccc(nc1)C(NC(=O)Cc1ccc(cc1)C(C)(C)C)C,5
O=C(c1ccc(F)cc1)N1CCN(c2ccc(OCCCN3CCCC3)cc2)C(=O)C1.O=CO,5.199998172
O=C(c1cccc(c1)C(=O)N)N1CCC(CC1)(CCN1[C@@H]2CC[C@@H]1C[C@@H](C2)n1c(C)nc2c1cccc2)c1ccccc1,4.602059991
CCOc1cc(CN2CCC(CC2)Nc2nc3cc(ccc3o2)C(N)=O)cc(OCC)c1F,6.397940009
CC1CCN(CCCOc2ccc(=O)n(-c3ccc(Cl)c(Cl)c3)n2)CC1,5.835647144
CCc1oc(CCc2cc(cc(NC(C)=O)n2)N2CCOCC2)nc1C,5.15490196
NC(=NCc1ccccc1)NC(=O)c2nc(Cl)c(N)nc2N,5.589999287
COc1cccc2c3nc(CN4CCN(C[C@H]4C)c4ccc(F)cn4)nn3c(N)nc12,4.660151217
Nc1nc(N2CCC(N(CCc3ccc(Cl)cc3)Cc3ccccc3O)CC2)n[nH]1,7
O=C(N[C@@H](CC(=O)N)C(=O)N[C@H]([C@H](O)C[NH+]1C[C@@H]2[C@H](C[C@H]1C(=O)NC(C)(C)C)CCCC2)Cc1ccccc1)c1nc2c(cc1)cccc2,4.815308569
c1ccccc1C(C[C@@H](C)[NH2+]C(C)(C)C)c2ccccc2,6.430041182
Cc1ccc(CCCOCc2cccc(COCCCc3ccc(C)cc3)[n+]2C)cc1,7
C[C@@H](NCc1cc([C@]2(C)CCSC(N)=N2)c(F)cc1F)C(F)(F)F,4.8569852
COc1cc(ncn1)N1C(=O)N(C(=O)C11CCN(Cc2ncccc2C)CC1)c1ccc(cc1)-c1ccc(cc1F)C(O)=O,4.26760624
NC(=O)c1ccc2cc1NCC1CCCCN1CCCc1n2c2CC(C)(C)CC(=O)c2c1C,6.045757491
CC(C)N1CCC[C@H](Cn2c(C)nc3ncc(Oc4ccc(F)cc4)cc3c2=O)C1,5.508638306
Oc1cc2c(Cl)c(F)ccc2[nH]c1=O,5
Cc1ccc(cn1)[C@]1(O)CC[C@@H](CC1)N1CC[C@H](C1)NC(=O)CNC(=O)c1cccc(c1)C(F)(F)F,9
CCCCCCCN(CC)C/C=C/CCc1ccc(Cl)cc1,6.623423043
COc1ccc2ncc(=O)n(CCN3CCC(CC3)NCc3cc4OCCOc4cn3)c2c1,4.721246399
Fc1cc(cc(c1)-c1nc(no1)-c1ccccn1)C#N,4.48148606
Nc1ccc(nc1)[C@H]1CC[C@@H](CC1)N1CC(C1)NC(=O)CNC(=O)c1cccc(c1)C(F)(F)F,4.431798276
Clc1ccccc1CC1CCN(C1)S(=O)(=O)c1ccc2c(c1)CCNCC2,5.26520017
Cc1nc2ccccc2n1C1CC2CCC(C1)N2CCC1(CCN(CC1)C(=O)c1cc(c(F)cc1Cl)S(=O)(=O)NC1CCCC1)c1cccc(F)c1,4.510041521
CC(C)Cc1ccc2nn(C)cc2c1NS(=O)(=O)c1ccc(CCCCC2CCN(C)CC2)cc1,5.431798276
CO[C@@H]1COCC[C@@H]1N[C@@H]1CC[C@](C1)(C(C)C)C(=O)N1CCN(CC1)c1nccc(n1)C(F)(F)F,5.30980392
CC(C)n1c(C)ncc1-c1ccnc(Nc2ccc(cc2)S(C)(=O)=O)n1,5.494850022
CC(C)C(=O)c1c(Nc2ccc(F)c(F)c2F)[nH]c2c(F)cc(F)cc2c1=O,5.161150909
O=C1COc2c(N1)nc(nc2)CNC12CCC(CC1)(OC2)CC1(O)Cn2c3c1c(F)cnc3ccc2=O,4.522878745
CN(C)c1cc(cc(COCC2(CCNCC2)c2ccc(F)cc2)n1)C(F)(F)F,5.075720714
NC(=O)c1cccc(O[C@@H]2C[C@@H]3CC[C@H](C2)N3Cc2ccccc2)n1,6
COc1ncc(-c2nc(NCc3ccccn3)c3c(-c4ccccc4)cccc3n2)cn1,4.180456064
CNc1cc(Nc2cnc(C#N)c(O[C@H](C)CN(C)C)n2)ncc1C1CC1,5.22184875
CC(C)N1CCN(CC1)C(=O)N1CCC(CC1)C(=O)N1CC2CCC(CC2)C1,3.93930216
CN[C@H]1C[C@@H](C)O[C@H]([C@@H]1O)O[C@@H]1[C@@H](C)[C@H](O[C@@H]2O[C@@H](C)[C@@H]([C@](C2)(C)OC)O)[C@@H](C)C(=O)O[C@H](CC)[C@@]([C@@H]([C@H](C(=O)[C@@H](C[C@@]1(C)O)C)C)O)(C)O,3.832682665
COc1ccc(cc1)[C@H]1CN(CCc2ccc(OC)c(OC)c2)C[C@@H]1CNC(=O)c1cccc(Cl)c1,6.823908741
CN1CCC(c2nc(-c3ccc(F)c(NS(C)(=O)=O)c3)c(-c3ccnc(NCC4CC4)n3)s2)CC1,5.872895202
O=C(Nc1ccc(Cl)cn1)[C@H](CN1CC(O)C1)Oc1ncnc2c1cnn2-c1ncccc1Cl,4.300000202
CC(COc1ccc(cc1c1ccccc1c1cccc(n1)C(=O)O)Cl)C,4.494850022
OC(=O)CCCCNC(=O)N(C1CCN(CC1)[C@@H](CCNC(=O)c1c(C)cc(nc1C)Cl)C)Cc1ccsc1,4.397940009
COc1cc2n(CCN3CCC(CC3)NCc3cc4OCCOc4cn3)c(=O)ccc2cn1,4.48148606
Cc1ccc2c(cccc2n1)-c1nnc(SCCCN2CC3CC3(C2)c2ccc(cc2)C#N)n1C,6.22184875
COc1ccc(NC(=O)c2ccc(cc2)C(=N)N(C)C)c(c1)C(=O)Nc1ccc(Cl)cn1,5.050609993
Cc1nc2nc(oc2cc1Cl)N1CCN2CCC1CC2,4.790484985
Cc1ccccc1S(=O)(=O)NC(=O)N1CCC(CC1)N1CCC(CC1)Oc1ccc(Cl)c(Cl)c1,5
CS(=O)(=O)C1(CC1)c1cc(nc(n1)-c1cccc2[nH]ccc12)N1CCOCC1,4
Cc1nc2cccc(F)c2c(=O)n1-c1ccc(OC2CCN(CC2)C2CCC2)cc1,5
CCOC(=O)Nc1cccc(c1)[C@H](N1CCN(Cc2cscn2)CC1)c1ccc(cc1)C(=O)N(CC)CC,5.26760624
CC1CCCN1CCc1ccc2nc(-c3cccs3)ccc2c1,5.605548319
COC[C@@H](COCc1ccc(cc1)[C@]1(O)CCNC[C@@H]1c1ccc(cc1C)c1ccccc1CCNC(=O)C)C,5.045757491
COCCN1CCC[C@@H]1Cn1nc(Cc2ccc(Cl)cc2)c2ccccc2c1=O,6.599980365
CCOC(=O)C1CCC(CC1)N1CC(C1)NC(=O)CNc1nn(c2c1cc(cc2)C(F)(F)F)C,5.096910013
COCCCc1cc(CN(C2CC2)C(=O)[C@H]2CNCC[C@]2(O)c2ccc(F)c(F)c2)cc(OCCOC)c1,5.346787486
CC(NC(=O)C1(N)CCN(CC1)c1ncnc2[nH]ccc12)c1ccccc1,4.477555766
COCc1cncc(-c2ccc3[nH]nc(C(=O)NCC4CCOCC4)c3c2)c1,5.244125144
COc1ccc(cc1C(=O)N(C)C)-c1ccc2c(nc(nc2n1)N1CCOC[C@@H]1C)N1CCOC[C@@H]1C,4.494850022
Cc1nn(nc1C(=O)N[C@@H]1COc2cccc(-c3ccncc3)c2C1)-c1ccccc1,5.399996913
NC(=O)c1cccc(O[C@H]2C[C@@H]3CC[C@H](C2)N3CCCc2ccccc2)c1,9
CNc1nc(NCC(F)(F)F)c2sc(cc2n1)-c1ccc(cc1)C(F)(F)F,4.48148606
CN1CCC(COCc2cc(cc(n2)C2CC2)C2CC2)(CC1)c1ccc(F)cc1,4.769551079
CC(C)CS(=O)(=O)n1ccc2c(-c3ccc(C(F)(F)F)cc3)cc(N3CCN(C)CC3)nc21,5.677780705
OC(CCCN1CCCCC1)(c2ccccc2)c3ccccc3,5.329995489
CCOC[C@H](Oc1ncnc2c1cnn2-c1ncccc1Cl)C(=O)Nc1ccc(C#N)cn1,4.700000504
O[C@H]1C[C@H](COc2ccc3ncc(F)c(CCC45CCC(CC4)(CO5)NCc4ccc5OCC(=O)Nc5n4)c3n2)C[C@H]1O,5.508638306
O=C(c1ccc(cc1)C(=O)N1CCC1)N1CCN(C(=O)C1)c1ccc(cc1)OC1CCN(CC1)C1CCC1,4.200659451
CC(=O)NCCc1ccccc1-c1ccc([C@H]2CNCC[C@@H]2c2ccc(F)c(F)c2)c(Cl)c1,5.958607315
CNC(=O)c1ccc(Oc2ccc(cc2)S(=O)(=O)C2(CCC3(C2)CCNCC3)C(=O)NO)cc1,4
Cc1nc2cc(ccc2s1)N1CCN(CCN2Cc3ccccc3C2)C1=O,5.400116928
O=C(N1CCN(CC1)C[C@H](c1ccc2c(c1C)COC2=O)C)Cc1ccc(nc1)n1cnnn1,4.522878745
COc1ccc2nccc([C@@H](O)CC[C@@H]3CCN(C4CC(c5cccc(F)c5)C4)C[C@@H]3C(=O)O)c2c1,4.987162775
CCC(CN(C1CCN(CC1)Cc1ccc(cc1)N(CC)CC)Cc1ccc(cc1)F)CC,4
CCc1[nH]c2c(c1C1CCN(CC1)CCCSc1ccc(cc1)F)ccc(c2)F,7.522878745
CC(C)N1CCN(CC1)C(=O)N1CCC(CC1)c1ccccc1,4.279840697
N#Cc1cccc(c1)c1nnc(n1C)CCCCN1CC2[C@@](C1)(C2)c1ccc(cc1)C(F)(F)F,6.602059991
CN1Cc2cncn2Cc2ccc(C#N)c(Oc3ccc4cccc(N5CC[C@H]1C5=O)c4c3)c2,5.356547324
CSc1nc(c2ccccc2Cl)c2c(n1)N(C(=O)NC2)c1c(Cl)cccc1Cl,5.167491087
CNCc1cc(Br)ccc1Oc1ccc(Cl)c(Cl)c1,5.795880017
Cc1cnc2c(c1)nnn2-c1ccc(C(=O)N(c2ncccc2Cl)[C@@H]2CCCNC2)nc1,5.443697499
O=C(NC(c1ccccc1)c1ccccc1)NS(=O)(=O)c1ccc(OCCCN2CCCCC2)cc1,4
Fc1cccc(c1)C(=O)Nc1ccc(cc1)-c1nnc(NCCCN2CCCCC2)o1,5.102372909
O=C1CN(C(=O)N1CC1CC1)Cc1ccc(cc1)c1cccc(n1)CN1CCCCC1,5
CN1Cc2ccccc2C(N=C1CCc1ccccc1)c1ccccc1,7.045757491
COc1ccc2c(c1)c(/C=N/NS(=O)(=O)c1ccc(C)cc1)cn2CC(=O)Nc1ccc(Cl)cc1,3.378460227
N#Cc1ccc(cc1)Cn1cncc1CN(C1CCN(C1=O)Cc1cccc(c1)Cl)CCCNC(=O)OCc1ccccc1,6.958607315
Cc1cn(cn1)-c1cc(NC(=O)c2ccc(C)c(Nc3nccc(n3)-c3cccnc3)c2)cc(c1)C(F)(F)F,6.920818754
O=C(c1ccc(nc1)OCCC(F)(F)F)NC1COc2c(C1)c(ccc2)c1cncnc1,5.200659451
CO/C=C(\[C@H]1CC2N(C[C@@H]1CC)CCC12C(=O)Nc2c1cccc2)/C(=O)OC,3.111820506
ONC(=O)CCCCCCC(=O)Nc1ccccc1,4.522878745
NC(=O)CNCC1CCC2(CC1)OOC1(O2)C2CC3CC1CC(C2)C3,5.568636236
O=C(C1CC(C1)(F)F)NCC(c1ccccc1)CCN1C2CCC1CC(C2)n1c(C)nnc1C(C)C,5
COc1cccc2c1nc(C)n(-c1ccc(OCCCN3CCCC3)cc1)c2=O,5
COCC(F)(F)COCc1ccc(cc1)[C@@]1(O)CCNC[C@@H]1c1ccc(cc1C)-c1ccccc1CCNC(C)=O,5.008773924
N[C@H]1CCCN(C1)c1ncc(C(N)=O)c(Nc2cccc(c2)C(F)(F)F)n1,6.100015437
O=C1[C@@H](CCc2c(N1CC(F)(F)F)cccc2F)n1nnc(c1)c1ccc(cc1)n1cnc(c1)C,5.045757491
Cc1nnc2c3cc(-c4ccccc4)c(nc3ccn12)-c1ccc(CN2CCC(CC2)c2nnc([nH]2)-c2ccccn2)cc1,5.556267759
CCCCCCCN(CC)CC#CCOCc1ccc(Cl)cc1,6.078833949
FC1CCN(C1)C(=O)C(C(c1ccc(cc1)c1ccc(=O)[nH]c1)C)N,5.080921908
CN(C1CCN(Cc2ccc(c(F)c2)C(F)(F)F)CC1)C(=O)Cc1ccc(cc1)-n1cnnn1,5.552841969
Cc1cccc(c1)C(CC[C@H](N)C(O)=O)(c1ccccc1)c1ccccc1,4.602059991
CN(C/C=C/c1ccc(C(F)(F)F)cc1)Cc1cccc2ccoc12.Cl,5.43062609
CC(=O)N[C@H]1CC(C)(C)Oc2nc(-c3ccc(Cl)cc3Cl)c(cc12)-c1ccc(Cl)cc1,5.575118363
CCSc1ccc2Sc3ccccc3N(CCCN4CCN(C)CC4)c2c1,4.629999781
O=C1S/C(=C\c2ccc(Oc3ccc([N+](=O)[O-])cc3)cc2)C(=O)N1c1ccc(OCCCCN2CCN(CC3CC3)CC2)cc1,4.257274869
Clc1ccc(cc1)C(NC(=O)C1(N)CCCN(C1)c1ncnc2c1cc[nH]2)CCCN1CCCC1,4
C[C@H]1N(CCn2c1nnc2-c1nc(C)ns1)C(=O)c1ccc(cc1)-c1cccs1,5.096910013
CC(C)Cc1ccc2OC3(CCC3)C3(COC3)C3(COC(N)=N3)c2c1,5
FC(F)(F)Oc1cccc(c1)-n1nnc2cc(Cl)c(NCC3CCNCC3)nc12,6.400007822
CC(C)C(N1CCOCC1)C(O)(c1cccnc1)c1cccnc1,4.124938737
Cc1nnc2ccc(N3CC[C@H](c4cc(F)c(F)cc4F)[C@@H](N)C3)nn12.O=C(O)C(F)(F)F,4.692503962
O=C(C1CCC(CC1)(F)F)NCC(c1ccccc1)CCN1C2CCC1CC(C2)n1c(C)nnc1C(C)C,5
Cc1cc(=O)oc2cc(OCCCCN3CCC(c4noc5cc(F)ccc45)CC3)ccc12,6.798602876
CC(C)CN([C@H]1CCNC1)C(=O)c1cccc(Cl)c1Cl,4.698970004
Clc1cccc(c1)C1N2CC[C@@H](NCc3cncn3Cc3ccc(C#N)c(Oc4cccc1c4)c3)C2=O,6.522878745
Clc1ccc2oc(=O)cc(NC3CCN(Cc4ccc5OCOc5c4)CC3)c2c1,5.657577319
Fc1ccc(c(c1)F)C(=O)N1CCN(C(=O)C1)c1ccc(cc1)OCCCN1CCCC1C,5.795880017
Cc1c([C@@H](O)CN2CCC3(CC2)CCN(c2ccc(C#N)nc2)C3)ccc2c1COC2=O,5.920818754
FC(F)(F)CN1c2ccccc2C(=N[C@@H](NC(=O)Cc2ccc(Cl)cc2Cl)C1=O)c1ccccc1,5.619788758
CC(=O)NC(=O)C1CCC(CC1)C1N=CC(=N1)c1cccc(Br)c1,6.301029996
COc1ccc(C(=O)Oc2cc(O)cc3oc(-c4ccc(OC)cc4)cc(=O)c23)cc1,5.387216143
COc1ccc(cc1)-n1nc(s\c1=N/c1nc(cc(-c2ccccc2)c1C#N)-c1ccccc1)C(C)=O,4.754487332
CCOC(=O)C1=C(CN2CCOC(CO)C2)NC(c2nccs2)=NC1c1ccc(F)cc1Br,5.134896025
COc1cncc(NC(C(=O)c2c[nH]c3ccccc23)c2ccccc2)c1,5.455931956
C[C@@H]1CCCN1CCc1ccc2nc(ccc2c1)-c1ccc(cc1)N1CCCCC1,5.552841969
COCc1ccc(-c2ccc3ncc(C(N)=O)c(N[C@@H](C)c4ccn(C)n4)c3c2)c(F)n1,4.853871964
FC(F)(F)c1cnc2CCN(Cc2c1)C(=O)[C@@]12CCC[C@@H]1C[C@H](C2)NC(=O)C1CCOCC1,4.301029996
CC(=O)N1C[C@H](C[C@@H]1C(=O)N1CCCN(CC1)C1CCC1)Oc1cccc(F)c1,5.22184875
CN1CCC24C3Oc5c(O)ccc(CC1C2C=CC3O)c45,3
FC(F)(F)c1cccc(c1)C(=O)NCC(=O)NC1CN(C1)[C@H]1CC[C@@H](CC1)c1ccc(cc1)N1CCCC1,5.102372909
CCN(CC)C(C)CCCNc1nccc(NCc2ccc(Cl)cc2Cl)n1,6.522878745
C[C@@H](N1[C@H]2CC[C@@H]1C[C@H](C2)Oc1cccc(c1)C(N)=O)c1ccc(Cl)nc1,9
Cc1nc(CN2CCN(CC2)c2c(Cl)cnc3[nH]c(nc23)-c2cn(C)nc2C)no1,5.022276395
CCCCCCCCCC[N+](CCCCCCCCCC)(C)C,8.301029996
Fc1ccc(cc1)C(=O)N1CCc2nc(COc3cccc(F)c3)oc2C1,5
Nc1n[nH]c(N2CCC(N(CCc3ccc(Cl)cc3)Cc3ccccc3Cl)CC2)n1,5.698970004
N#Cc1ccc(NC(=O)[C@H](COCCO)Oc2ncnc3c2cnn3-c2ncccc2Cl)nc1,4.300000202
OC(=O)[C@H](N1CCC(CN2CCC(CC2)Oc2ccc(Cl)c(Cl)c2)CC1)c1ccccc1,4.800000875
NC1=NC2(CO1)c1cc(ccc1OCC21CC(F)(F)C1)-c1cncnc1,5
Cc1cccc(c1)NC(=O)NC1N=C(c2ccccc2)c2c(N(C1=O)C)cccc2,5.301029996
OCCOc1ccc2c(c1)c(ccn2)[C@H]([C@@H]1CC2CCN1C/C/2=C\C)O,3.962573502
Fc1ccc(Cl)cc1N1CCN(CCN2Cc3ccccc3C2)C1=O,4.7000571
NC(=O)c1cccc(c1)OC1CC2CCC(C1)N2C1CCCc2c1cccc2,5.769551079
Cc1nc2ccccc2n1C1CC2CCC(C1)N2CCC1(CCN(CC1)C(=O)c1cc(c(F)cc1Cl)S(=O)(=O)NC1CC1)c1cccc(F)c1,4.920818754
CC(C)Oc1cc2c(OC[C@@H]3CCC(=O)N3)nccc2cc1C(N)=O,4.522878745
NC1=NC2(CO1)c1cc(Nc3ncccc3Cl)ccc1OCC21COC1,5
Cc1nc(C)c(-c2ccc3cc(CCN4CCCC4C)ccc3n2)cc1C#N,5.075720714
CCCCN1CCC[C@H]1Cn1nc(Cc2ccc(cc2)Cl)c2c(c1=O)cccn2,8.397940009
Cc1ncoc1-c1nnc(SCCCN2CCC3(CC3C2)c2ccccc2)n1C,5.301029996
O=C(NC1CCN(C1)C1CCC(CC1)(O)c1ccncc1)CNC(=O)c1cccc(c1)C(F)(F)F,4.522878745
CN(C)c1nc2c(CCC34CCC(CC3)(CO4)NCc3ccc4OCC(=O)Nc4n3)ccnc2cc1C(F)(F)F,9
OCC[C@@]1(CCCNC1)c1ccc(Cl)c(Cl)c1,4.48148606
CCCC1NC(=NC1(c1ccc(cc1)F)c1ccc(cc1)F)c1nccc(c1)C#N,6.30980392
C[C@H]1Cc2c(ncnc2Oc2ccc3c(ccn3C(=O)Nc3cc(C4(C(F)(F)F)CC4)on3)c2)CN1,5.13076828
CC1(c2ccc(NS(C)(=O)=O)cc2)NC(=O)N(CC(=O)c2ccc(F)cc2F)C1=O,4.400000186
CCOC(CN1CCN(CCc2ccc(C#N)c(OC)c2)CC1)c1ccc2C(=O)OCc2c1C,5.455931956
OCCN(CCCOc1cc2ncnc(c2cc1OC)Nc1[nH]nc(c1)CC(=O)Nc1cccc(c1F)F)CC,4.522878745
COc1cc(ncn1)N1C(=O)N(C(=O)C11CCN(Cc2ncccc2C)CC1)c1ccc(cc1)-c1ccc(s1)C(O)=O,4.920818754
Brc1cccc2nc(ccc12)C#Cc1ccccn1,4.643974143
OC(=O)\C=C\c1ccc(Cc2c(-c3ccccc3)c(=O)oc3cc(O)ccc23)cc1,4
FC(F)(F)c1ccccc1C(=O)N([C@H]1CCNC1)c1ccccc1,4.698970004
Clc1cc2cc(oc2cc1)C(=O)NCc1ccc(OC)cc1OC,4.777283529
COc1cc(ncn1)N1C(=O)N(C(=O)C11CCN(Cc2ncccc2C)CC1)c1ccc(cc1)-c1ccc(cc1)C(=O)N(C)C,5.050609993
CC(C)S(=O)(=O)N[C@H]1CN(C)C[C@@H]1c1ccc(cc1)-c1cccs1,5.397940009
CC(C)(C#N)CC#Cc1c(Cl)c2c(Cl)cc(C(N)=O)nc2n1[C@H]1CCCNC1,8.522878745
COc1cc(ccc1Nc1ncc(Cl)c(n1)-c1cnc2ccccn12)N1CCNCC1,5.337242168
COc1ccc(Oc2cc(C)c(-c3csc(NC(=O)c4ccnc(F)c4)n3)c(C)c2)cc1,5
CN1CCN(Cc2ccc-3c(Cc4c-3n[nH]c4-c3csc(c3)C#CCOCC(N)=O)c2)CC1,5
OC(=O)[C@H](Cc1ccccc1Cl)N1CCC(CN2CCC(CC2)Oc2ccc(Cl)c(Cl)c2)CC1,5
CO\N=C1/CN(CC11CNC1)c1nc2N(CC(C(O)=O)C(=O)c2cc1F)C1CC1,3.659999925
Cc1cc(CN2CCN(CC2)c2c(Cl)cnc3nc([nH]c23)-c2cn(C)nc2C)no1,5.200659451
Cc1c([C@@H](O)CN2CCC3(CC2)CCN(c2cc(-c4ccccc4)no2)C3=O)ccc2c1COC2=O,7.26760624
OCCN(CCCOc1ccc2c(c1)ncnc2Nc1[nH]nc(c1)CC(=O)Nc1cccc(c1)F)CC,4.522878745
Cc1cccc(Nc2nc(N[C@H]3CCCC[C@H]3N)ncc2C(N)=O)c1,5.200659451
CO[C@H]1C[C@@H](n2c(=O)n(C)c3cnc4ccc(-c5ccc(OCCCN6CCCCC6)nc5)cc4c32)C1,4.853871964
Fc1ccc(Cn2cc(NCCN3CCC(F)(F)CC3)nn2)cc1,5
CC1=NN(c2ccc(C)c(C)c2)C(=O)/C1=N\Nc1cccc(-c2cccc(C(=O)O)c2)c1O,2.799999998
Cc1oc(nc1COc1cccc(CN(CC(O)=O)C(=O)Oc2ccc(C)cc2)c1)-c1cccc(Cl)c1,5.13667714
Fc1cccc2n(C3CCN(CCCN4C(=O)COc5ccccc45)CC3)c(=O)[nH]c12,5.468521083
O=C(NC1CN(C1)C1CCC(CC1)C(=O)O)CNc1nn(c2c1cc(cc2)C(F)(F)F)C,4.602059991
CSc1ncccc1C(=O)N1CC[C@H](NCc2cncn2Cc2ccc(cc2)C#N)C1=O,5.107905397
Clc1ccc(cc1)c1cc2C(NC(=O)c3n[nH]c(c3)C)CC(Oc2nc1c1ccc(cc1Cl)Cl)(C)C,6
O=C(Cc1ccc(OCC[C@@H]2C[C@@H]2C2CCN(c3ncc(Cl)cn3)CC2)cc1F)N1CCCCC1,5.48148606
O=C(C1=CC(=O)c2c(C1)cc(c(c2)F)Cl)NC1CCN(CC1)Cc1ccc2c(c1)OCO2,4.978810701
N#Cc1c(ncc2c1OCCO2)CNC12CCC(CC1)(OC2)CC1(O)Cn2c3c1c(F)cnc3ccc2=O,4.22184875
Fc1cccc(c1F)c1nc2c(n1)cn(nc2)Cc1ccc(nc1)c1ccc(cc1C(F)(F)F)C(F)(F)F,5
CS(=O)(=O)N[C@H]1CC[C@H](CC1)N1CC(C1)NC(=O)CNc1n[nH]c2ccc(cc12)C(F)(F)F,4.638272164
COc1cc(NC(=O)c2ccc(o2)-c2ccc(Cl)cc2)cc(OC)c1,4.522878745
Cc1nc(cn1-c1ccc(F)cc1)C#Cc1ccnc(C)c1,5
CCCCCCC[N+](CC#Cc1ccc(cc1)Cl)(CC)CC,7.397940009
Fc1cncc(c1)c1ccc(cc1)C1COCC1NS(=O)(=O)C(C)C,4.200659451
Cc1ncoc1-c1nnc(SCCCN2CCC3(CC3C2)c2ccc(cc2)C(F)(F)F)n1C,6.100015437
CNC[C@@H](O)CCN1c2ccccc2N(c2c(F)cccc2F)S1(=O)=O,4.698970004
Fc1cnc2c3c1C(O)(Cn3c(=O)cc2)CC12CCC(CC1)(CO2)NCc1ncc2c(c1)OCCS2(=O)=O,4.22184875
Cc1c(NC(=O)c2ccc(cc2)C(C)(C)C)cccc1-c1nc(Nc2ccc(cc2)C(=O)N2CCOCC2)c2nc[nH]c2n1,4.096910013
COc1cc2nc(nc(N)c2cc1OC)N(C)CCCNC(=O)C1CCCO1,4.8569852
CN1CCN(CC1)C(c2ccccc2)c3ccc(Cl)cc3,5.499996932
CC(C)NCc1nn(c(c1C)-c1ccc(Cl)cc1)-c1ccc(Cl)cc1Cl,9
NC(=O)c1cccc(C[C@@H]2C[C@@H]3CC[C@H](C2)N3Cc2ccccc2)c1,5.823908741
CC(=O)N1CCC(n2nc(C)c(Nc3ncc(Cl)c(-c4cnc5ccccn45)n3)c2C)CC1,4.568636236
C[C@@H](OC(=O)N1CCC(CC1)O[C@H]1CC[C@@H](CC1)Oc1cnc(cn1)S(C)(=O)=O)C(F)(F)F,3.288192771
NC(=O)c1cccc(O[C@@H]2C[C@@H]3CC[C@H](C2)N3CC2CCCCC2)c1,5.698970004
NC(=O)c1cccc(O[C@H]2C[C@@H]3CC[C@H](C2)N3CC2CCCCC2)c1,9
Cc1cccc2c1nc(C)n(-c1ccc(OCCCN3CCCC3)cc1)c2=O,5.795880017
CC(=O)Nc1cncc(-c2nc(NCc3ccccn3)c3c(-c4ccccc4)cccc3n2)c1,5.698970004
Fc1ccc(c(c1)F)c1nnc(n1C)CCCCCN1CC2[C@@](C1)(C2)c1ccc(cc1)C(F)(F)F,7.096910013
Fc1ccc(C(OC2CC3CCC(C2)N3CC2CC2)c2ccc(F)cc2)cc1,5.402304814
COc1cnc2c(n1)c(c(cc2)F)[C@@H]([C@@H]([C@@H]1CC[C@H](CO1)NCc1nnc2c(c1)SCCO2)O)O,4
CC1(C#Cc2c(Cl)c3c(Cl)cc(C(N)=O)nc3n2[C@H]2CCCNC2)COC1,8.522878745
NC1CCCN(C1)c1c(cccc1c1ccccc1)/C=C/1\SC(=O)NC1=O,4.522878745
Cc1cccc2CCCN(C(=O)CSc3ccc(cn3)C(F)(F)F)c12,4.522878745
COc1cc(OC)cc(C(=O)N[C@H]2CC[C@H](Nc3nc(C)cc(N(C)C)n3)CC2)c1,5.399996913
CN1CCC(CC1)NC(=O)c1ccc(cc1)Oc1ccc(cc1)C#CC1(O)CN2CCC1CC2,4
CNCC1Cc2ccccc2C(C1)c1ccc(c(c1)Cl)Cl,5.793174124
OC(=O)c1ccccc1Oc1ccc(Cl)cc1NS(=O)(=O)c1ccc(Cl)c(Cl)c1,5.102372909
CCC(C)(C)c1ccc(cc1)S(=O)(=O)Nc1ccc(cc1)[C@@]12C[C@@H]1CNC2,5.900008766
Cl.FCCOc1ccccc1CCC1CCN(CCc2ccccc2)CC1,6.119186408
Cc1nc(nc2ccc(NC(=O)\C=C\c3ccc(cc3)C(F)F)cc12)N1CCC(O)(CC1)C1CC1,5.602059991
c1ccc(cc1)OCC#Cc1scc(c1)c1n[nH]c2c1Cc1c2ccc(c1)n1cncn1,5
CN1CC=CC[C@@H](C1)c1ccc(Cl)c(Cl)c1,5.055517328
C1CC(=O)Nc(c12)cc(cc2)OCCCC[NH+](CC3)CCN3c(c4Cl)cccc4Cl,5.959991364
Fc1ccc(c(c1)F)[C@]([C@H](N1CCc2c(C1)sc(n2)c1cncnc1)C)(Cn1cncn1)O,4.397940009
Cl.FCCOc1cccc(CCN2CCC(CCc3ccccc3)CC2)c1,6.387216143
Oc1ccc(nc1)[C@@H]1CC[C@@H](CC1)N1CC(C1)NC(=O)CNc1ncnc2ccc(cc12)C(F)(F)F,4.88941029
Clc1ccc(cc1Cl)[C@]12CNCC2CCCC1,5.188424994
CCC(n1c(N)nc2c1ccc(c2)Cl)CC(=O)NCC1CCCCC1,5.124938737
COc1ccc(cn1)-c1cnc2nc(sc2c1)N1CCC(CC1)N1CCCCC1,7
Clc1ccc(c(c1)Cl)CC(=O)NC1N=C(c2ccccc2)c2c(N(C1=O)CC(F)(F)F)cccc2,5.619788758
CC(C)S(=O)(=O)N[C@@H]1COC[C@@H]1c1ccc(cc1)-c1ccc(cc1)C#N,4.899629455
C[S+]([O-])c1ccc(-c2cnc3ccc(Nc4cnccn4)nn23)cc1,5.105683937
CN1CCCC[C@H]1CCN1c2ccccc2Sc2ccc(cc12)S(C)=O,6.260032303
Cc1c(Cl)c(ccc1OC1CCN(CC2CCN(CC2)[C@@H](Cc2ccc(F)cc2)C(O)=O)CC1)C#N,4.801342913
Cc1nnc(s1)Sc1nc2cc(Cl)c(cc2nc1C(F)(F)F)Cl,5
FC(F)(F)Oc1ccc(CNC(=O)C2N(CCc3cnccn3)C(=O)c3ccccc23)cc1,5.036212173
CCOC(=O)[C@@H]1CC[C@@H](CC1)N1CC(C1)NC(=O)CNc1nn(CC=C)c2ccc(cc12)C(F)(F)F,5.431798276
COc1ccccc1-c1n[nH]c2nc(N[C@H]3CC[C@H](NS(=O)(=O)CCC(F)(F)F)CC3)nc(OC)c12,4.756961951
CCN1CCN(CC1)c1cc2[nH]c(S[C@@]3(C)CC[C@@H](CC3)c3nnn(C)n3)nc2cc1Cl,5.356547324
CCS(=O)(=O)N1C[C@@H]([C@H](C1)C(=O)Nc1ccc(cc1F)-n1ccccc1=O)C(=O)Nc1ccc(Cl)cn1,5
O=C(NC(c1ccc(Cl)cc1)c1ccc(F)cn1)[C@@H]1CC[C@@H](N2CCOCC2)C[C@H]1c1ccc(Br)cc1,6.744727495
COc1cc(cc(OC)c1OC)C(=O)N1CCC(CNC(=O)CCCCC(c2ccc(F)cc2)c2ccc(F)cc2)C1,6.124938737
N#Cc1ccc2c(c1)[nH]c(n2)C1CCC2(CC1)OC(=O)N(C2)c1ccccc1,5
Cc1ccc(N2CCC3CN(CCCSc4nnc(-c5cnccn5)n4C)CC32)cc1,6.400007822
CC[C@@H](NC(=O)c1cc(C(=O)N[C@H](C)c2ccc(F)cc2)n2CCOCc12)c1ccc(nc1)C(F)(F)F,5
OC(COc1ccc(cc1)CCC(=O)O)CNC(Cc1ccc2c(c1)cccc2)(C)C,4.41453927
OC[C@H](NCCOCCOc1cccc(c1C)C)C,4.301029996
Cc1cc(nc2c(CCC34CCC(CC3)(CO4)NCc3ccc4OCC(=O)Nc4n3)ccnc12)S(C)(=O)=O,9
CCC[C@@H]1C[C@@H](CC[C@@H]1NC(=O)CNC(=O)c1cccc(c1)C(F)(F)F)N(C)C(C)C,4.494850022
COc1ccc(cc1CO)c1ccc2c(n1)nc(nc2N1CCOC[C@H]1C)N1CCN(CC1)C,4.494850022
Clc1ccc(cc1)Cc1nn(C[C@@H]2CCCN2CCCCc2ccc(cc2)OCCCN2CCCCCC2)c(=O)c2c1cccc2,7.301029996
Fc1cccc(c1)-c1cc(NC(=O)CCCN2CCCCC2)[nH]n1,5.88941029
CCCN(C(=O)c1cccc(c1Cl)Cl)C1CNCC1,4.732828272
CCCCN1CCC[C@H]1Cn1nc(Cc2ccc(cc2)Cl)c2c(c1=O)ccnc2,7.301029996
C[n+]1c(cccc1C#Cc1cccc(Cl)c1)C#Cc1cccc(Cl)c1,5.397940009
Cn1cc2c(OCC3CCN(CCN4CCOCC4)CC3)nc3ccccc3c2c1,5.920818754
C1CCC(CC1)C1N[C@H](Cc2c1[nH]c1ccccc21)c1nc(c[nH]1)-c1ccccc1,7.113509275
Cn1c(SCCCN2CC[C@]3(C[C@@H]3c3ccc(C(F)(F)F)cc3)C2)nnc1-c1ccc(S(N)(=O)=O)cc1,6.649945906
Fc1cc2c([N+](=CC(C2=O)C(=O)[O-])C2CC2)c(OC)c1N1CC[N+][C@H](C)C1,3.89279003
CN(Cc1ccc2c(c1)CC[C@@H](C2)N(C(=O)c1ccc(cc1)c1ccncc1)C)C,5
Fc1ccc2c(c1)CC[C@@](OC(=O)COC)(CC[N@@H+](C)CCCc1[nH0]c3ccccc3[nH]1)[C@@H]2([C@H](C)C),5.841637508
CCc1ccn2ccnc2c1N1CCCN([C@@H](CC(N)=O)C2CCN(C(=O)[C@H]3C[C@@H]4CC[C@H]3O4)CC2)CC1,5.080921908
O=C(c1cccc(c1)C(=O)C(c1nnn[nH]1)(C)C)N1CCC(CC1)(CCN1[C@@H]2CC[C@@H]1C[C@@H](C2)n1c(C)nc2c1cccc2)c1ccccc1,4.739928612
CCCCOC(=O)c1ccc(N)cc1,4.509999358
C[C@@H]1CN(CC2(CCC2)C(N)=O)CCN1S(=O)(=O)c1ccc(cc1)C(C)(O)C(F)(F)F,4.187086643
FC(F)(F)c1ccccc1C(=O)N(C1CCC1)[C@H]1CCNC1,5
Cn1cnc(c1)C(=O)N(Cc1cccc(Cl)c1)[C@@H]1CC[C@H](N)CC1,4.183096161
Nc1nc2c(s1)CC[C@H]2C(=O)Nc1ccc(C[C@@H]2CC[C@H]([C@H](O)c3ccc(F)cc3)N2)cc1,5.251811973
N#Cc1cnc(s1)Nc1ncnc(c1)N1CCNCC1,4.66756154
Clc1c(cccc1Cl)OC(c1cccnc1)C1CCCNC1,5.180456064
NC(=O)c1ccc2cc1NCC1CCCN1CCCc1n2c2CC(C)(C)CC(=O)c2c1C,5.585026652
O=C(N1CCC(CC1)CNc1ccncn1)OCc1ccccc1,5
NS(=O)(=O)c1cccc(c1)CN(c1cccc2c1cc[nH]2)C1CCNCC1,5
OC1(O)[C@@]23N(CC1)C(N[C@H]([C@@H]2NC(N3)=N)COC(=O)N)=N,6.301029996
Fc1ccc(-c2c[nH]c([C@H]3Cc4c([nH]c5ccccc45)[C@@H](C4CCOCC4)N3)n2)cc1F,6.455931956
COc1ccc(-c2ccc3ncnc(-c4cccc(C(=O)N5CCN(C)CC5)c4)c3c2)cn1,4.920818754
CC1(C)CC[C@]23CC[C@]4(C)[C@]([C@@H]2C1)(N(C1CCCCC1)C3=O)C(=O)C=C1[C@@]2(C)C=C(C#N)C(=O)C(C)(C)[C@@H]2CC[C@@]41C,4.397940009
C[N+](=C1C=C/C(=C(/c2ccc(cc2)N(C)C)\c2ccccc2)/C=C1)C,5.721246399
OC(=O)[C@H](Cc1ccc(F)cc1)N1CCC(CN2CCC(CC2)Oc2ccc(Cl)cc2Cl)CC1,4.500312917
FC1CCN(C1)C(=O)C(C(C1CCC(CC1)N(C(=O)C)C)C)N,4.045757491
NC(CC(=O)N1CCC[C@H]1C(=O)NCc1ccc(C(F)(F)F)cc1)Cc1ccccc1F.O=C(O)C(F)(F)F,6.060480747
CCCC1(CCCN1)C(=O)c1ccc2[nH]ccc2c1,5
COc1cnc2ccc(=O)n(C[C@H](N)[C@H]3CC[C@@H](CC3)NCc3ccc4OCC(=O)Nc4n3)c2c1,3.477555766
COCCOc1ccc(cc1)C1CN(NS(C)(=O)=O)C(=O)N1CCc1ccc(OC)cc1,4.48148606
C[C@@H]1CCCN1CCc1ccc2ncccc2c1,4.397940009
Clc1cc(C(=O)NC[C@H]2OCC[NH+](C2)Cc2ccc(F)cc2)c(OCC)cc1N,5.110138279
C[C@H](c1c(CCN2CCC2)sc2ccccc12)c1ccccn1,5.37675071
O(C[C@H](O)CN)c1ccccc1C(=O)CCc1ccccc1,3.619969752
Fc1cccc(c1)N1CNC(=O)C11CCN(CCNC(=O)c2ccc(F)c(F)c2)CC1,4.698970004
COc1ccc2c(n1)c(C[C@@H]([C@]13CC[C@](CC1)(CO3)NCc1nc3NC(=O)COc3cc1F)O)c(cn2)F,5.619788758
NC(=O)[C@@H]1CC[C@H](c2cccc(OCc3ccccc3)c2)N1,4.599999383
O=C(NC[C@H]1[C@@H]2CN(C(=O)OCc3cc(C(F)(F)F)cc(C(F)(F)F)c3)C[C@H]12)c1ccc2[nH]c(=O)oc2c1,5.283996656
COc1ccc(CCN2C(CN(NS(C)(=O)=O)C2=O)c2ccc(C)c(C)c2)cc1,4.801342913
Clc1ccc(Cn2c(CN3CCCC3=O)nc3ccccc23)cc1,5.15490196
COCCC1C[C@H]2CN3C1C(C2)(C(=O)OC)c1[nH]c2c(c1CC3)cccc2,4.826813732
CCOc1cccc(-n2cc3nc(-c4cccnc4C)n(C[C@H]4CCCN(C[C@H]5CCCO5)C4)c(=O)c3n2)c1,4.853871964
N#Cc1cc(C(C)C)c2c(c1)nc(o2)c1ccc(cc1)C(=O)NCC1(C)OC(=O)N(C1)c1ccc(cn1)c1ccccc1OC(F)(F)F,4.522878745
COc1cc(ccc1Nc1ncc(Cl)c(n1)-c1cnc2ccccn12)N1CC2CNCC(C1)O2,5.27572413
OC(=O)C1CN(Cc2ccc(-c3nc4cc(Cc5ccccc5F)ccc4s3)c(F)c2)C1,5
C[n+]1c(cccc1C#Cc1ccccc1Cl)C#Cc1ccccc1Cl,5.408935393
COCCN1CCN(CC1)c1ncnc(c1)Nc1ncc(s1)C#N,5.397940009
CC[C@H]1OC(=O)[C@H](C)[C@@H](O[C@H]2C[C@@](C)(OC)[C@@H](O)[C@H](C)O2)[C@H](C)[C@@H](O[C@@H]2O[C@H](C)C[C@@H]([C@H]2O)N(C)C)[C@](C)(O)C[C@@H](C)[C@H](N)[C@H](C)[C@@H](O)[C@]1(C)O,3.562249437
C[C@H]1N(CCn2c1nnc2-c1cncc(C)n1)C(=O)c1ccc(cc1)-c1cccs1,5.327902142
CC(=O)NC1CC2CCC(C1)N2CCOc1ccc(Oc2nc3ncccc3s2)cc1,5
Cc1c(CNC2CCCC2)nn(c1-c1ccc(Cl)cc1)-c1ccc(Cl)cc1Cl,9
CC(CN(C(=O)c1cc(Cl)ccc1Cl)C1CNCC1)C,4.698970004
Cc1nc(-n2cnnn2)ccc1[C@@H](O)CN1CCC2(CC1)CCN(c1ccc(=O)n(C)n1)C2=O,4.764471553
CCc1nc2ccccc2c(=O)n1-c1ccc(OCCCN2CCCC2)cc1,5.301029996
OC(C1CCNCC1)(c1ccccc1)c1ccccc1,4
Clc1c(cccc1Cl)OC(c1ccccn1)C1CCNC1,5
Cc1c[nH]c2ncnc(O[C@H]3CC[C@H](N4CCO[C@@H](C)C4)CC3)c12,4.599999383
Cn1c(SCCCN2CC[C@]3([C@@H](C2)C3)c2cccc(c2)C(F)(F)F)nnc1c1ocnc1C,6.698970004
CC(C)(C)OC(=O)N1Cc2ccc(\C=C\C(=O)NO)cc2C1,4.522878745
Cc1ncc(cc1C(O)=O)N1CCC(CN2CCC(CC2)Oc2ccc(CO)c(Cl)c2)CC1,1.430000268
O1[C@H]2[C@]34[C@H]([C@H]([NH+](CC3)C)Cc3c4c1c(O)cc3)C=C[C@@H]2O,3
Cc1cc(N2CC[C@@H](N3CCC[C@@H]3C)C2)ccc1NC(=O)c1cc(F)ccc1C,5.744727495
NC(=O)c1cccc(O[C@H]2C[C@@H]3CC[C@H](C2)N3C2CCCCC2)c1,9
CNC(=O)c1ccc(cc1)-c1ccc2C(=O)N(CCN3CCC[C@H]3C)CCc2c1,4.769551079
COc1cc2nc(nc(N)c2cc1OC)N1CCN(CC1)C(=O)[C@H]1CCCO1,4.749999856
Cc1nc(NCC(=O)NC2CN(C2)[C@H]2CC[C@](O)(CC2)c2cncs2)c2cc(ccc2n1)C(F)(F)F,4.590066877
COn1cc(ccc1=O)C1=NC(C(N1)(c1ccc(cc1)F)c1ccc(nc1)F)C,5
FC(F)(F)c1cc(Cl)nc(COCC2(CCNCC2)c2ccccc2)c1,4.552841969
OC(=O)CC1CCC(CC1)c1ccc(cc1)NC(=O)c1nnc(o1)Nc1ccc(c(c1)F)F,4.522878745
CCNC(=O)[C@@H](NC(=O)[C@@H](N(C(=O)[C@H](Cc1ccc(cc1)F)NC)C)C(C)C)Cc1ccc(c(c1)C(C)(C)C)O,5
Cc1ccnc2nc(Oc3ccc(CN4CCCCC4)cc3)sc12,5.091514981
c1ccc(C)c(c1C)NC(=O)CN2CC[NH+](CC2)C[C@@H](O)COc3c(OC)cccc3,5.090000276
Cl.NC[C@H]1C[C@@H]1c1cc(Cl)ccc1OCCF,5.698970004
CCN1CCN(C(=O)N[C@@H](C(=O)N[C@H]2[C@H]3SC(C)(C)[C@@H](N3C2=O)C(=O)[O-])c4ccccc4)C(=O)C1=O,4.820000358
O=C(N1CCC(C1)NC1CCC(CC1)(O)c1ccccn1)CNC(=O)c1cccc(c1)C(F)(F)F,4.522878745
C[n+]1c(cccc1C#Cc1ccc(Cl)cc1)C#Cc1ccc(Cl)cc1,5.935916564
CC(C)NC(=O)c1cn(-c2cccc(Br)c2)c2ncccc2c1=O,4.500312917
COc1cc(-c2cn([C@H]3C[C@H](C)c4ccccc4N(CC(F)(F)F)C3=O)nn2)ccc1-n1cnc(C)c1,5.175223538
OCCn1cc(cn1)-c1cnc2nnn(Cc3ccc4ncccc4c3)c2n1,4.522878745
COc1ccc(cc1)[C@H]1CN(CCc2ccc(OC)c(OC)c2)C[C@@H]1CC(=O)NCc1cccc(Cl)c1,9
Clc1cccc(C(=O)N([C@H]2CCNC2)C2=CCOC=C2)c1Cl,4.397940009
Fc1ccc(cc1)CNC(=O)c1nc(n(c(=O)c1O)C)C(NC(=O)C(=O)N(C)C)(C)C,4.301029996
CC(=O)C1CCN(CCOc2ccn(n2)-c2ccc(Cl)c(Cl)c2)CC1,5.346787486
CC1=NC(N=C1N)(C1CC1)c1cccc(c1)-c1cncc(Cl)c1,4.906578315
CN(C/C=C/c1ccc(-c2ccccc2)cc1)Cc1ccc2c(c1)CCO2.Cl,4.946921557
O(C[C@H]([NH3+])C)c1c(cccc1C)C,5
COc1ccc(cc1)CC(NCC(COc1cccc2c1[nH]c(=O)[nH]2)O)(C)C,4.928117993
Cc1cc2c(nc(N3CCC[C@@H](N)C3)n(Cc3ccccc3C#N)c2=O)[nH]1,3.522878745
Cl.CC(C)N(CC1CNC1)Cc1ccc(Cl)c(Cl)c1,5.259637311
Nc1nc(cn1CC(O)c1ccc(cc1Cl)C(F)(F)F)-c1ccc(F)cc1,4.602059991
O=C(c1cc(ccc1N1CCCCC1)S(=O)(=O)N1CCOCC1)N[C@H](c1cc2c(o1)cccc2)C,5.09420412
O=CN(C(CS(=O)(=O)N1CCC(CC1)OCc1ccc(cc1Cl)Cl)CC(c1ncc(cn1)F)C)O,5.301029996
CC(C)n1ccc(NC(=O)c2cc(Oc3ccc(C(=O)N4CCC4)cc3)cc(O[C@@H](C)CO)c2)n1,4.508638306
N#Cc1ccc(-c2ccc(C[C@@H](C#N)NC(=O)[C@@H]3CCCC[C@@H]3N)cc2)cc1,5.26760624
S1c2c(N(c3c1cccc3)C[C@@H](CN(C)C)C)cc(cc2)C#N,6.327902142
CCOC(=O)c1ncn2c1C3CCNC3C(=O)c4cc(OC)ccc24,5.890016705
CNCc1ccc(cc1Oc1ccc(Cl)c(Cl)c1)C(F)(F)F,5.924453039
COc1cccc2nc(C)n(-c3ccc(OCCCN4CCCC4)cc3)c(=O)c12,5
CCN1CCN(CC1)c1cc2[nH]c(nc2cc1Cl)C(=O)[C@]1(CC)CC[C@@](C)(O)CC1,4.958607315
O=C(O)c1ccc2cccnc2c1N1CCN(CCc2ccc(OCCCN3CCCCCC3)cc2)CC1,4.499999679
Clc1ccc(cc1)COC(c1ccc(cc1Cl)Cl)Cn1cncc1,5.455931956
O=C1N(C[C@@H]2CCCc3c2c1ccc3)[C@H]1C2CCN(C1)CC2,3.69036962
OC(=O)C(N1CCCC(CN2CCC(CC2)Oc2ccc(Cl)c(Cl)c2)C1)c1ccccc1,4.600326279
NCCC(Oc1ccc(C(F)(F)F)cc1)c1ccccc1,5.639993868
O=C(Cn1cnc2ccccc2c1=O)Nc1ccc(C[C@@H]2CC[C@H]([C@H](O)c3ccccc3)N2)cc1,5.698970004
Fc1ccc(-n2cc(c3c2cccc3)C2CC[NH+](CC2)CCN2CCNC2=O)cc1,4.628932138
CC(C)n1c(C)ncc1-c1nc(Nc2ccc(C(N)=O)c(F)c2)ncc1F,4.698970004
Fc1ccc2c(c1)c(C)c(s2)S(=O)(=O)NCCCCN1CCN(CC1)c1nsc2c1cccc2,4.698970004
C[C@H]1N(CCn2c1nnc2-c1nc(C)ns1)C(=O)c1cc(F)cc(F)c1,4.337242168
O=C1OCc2cc(CCN3CCN(C(=O)Cc4ccc(-n5cnnn5)c(F)c4)CC3)ccc21,4.568636236
CCOc1cc2nccc(Oc3cnc(CC(=O)Nc4[nH]nc(CC)c4C)c(OC)c3)c2cc1OC,4.119186408
CC(C)[C@@H]1NC(=O)[C@H](Cc2ccccc2)N(C)C(=O)[C@@H](NC(=O)[C@H](Cc2ccccc2)N(C)C1=O)C(C)C,4.619788758
CS(=O)(=O)c1ccc(cc1)-c1cnc(N)c(c1)-c1ccc(nc1)C(F)(F)F,5.327902142
COc1ccc(COc2cnn(CC(=O)c3ccc(CN(C)C)cc3C)c(=O)c2)nc1,4.795880017
O=P(NCc1ccccc1-c1cccnc1)(c1ccccc1)c1ccccc1,4.48148606
c1ccc(cc1)OCC#Cc1scc(c1)c1n[nH]c2c1Cc1c2ccc(c1)n1cncc1,5.844663963
Cc1cc2[nH]c(nc2cc1Cl)C1CCN(CCn2c3cc(F)cnc3ccc2=O)CC1,5.920818754
Fc1ccccc1-c1nc2ccn(Cc3ccc(-c4ccc(C(F)(F)F)cc4C(F)(F)F)nn3)cc-2n1,6.102372909
CC(C)(CNC(=O)N1CCC(CC1)c1nc(no1)-c1ccc2ccccc2n1)N1CCOCC1,4.552841969
N#Cc1ccc2c(c1)CC(=CC2=O)C(=O)NC1CCN(CC1)Cc1ccc2c(c1)OCO2,5.301029996
CC(C)n1nc(C(=O)NCC2CCN(CCN3CCOCC3)CC2)c2ccccc12,4.488116639
Cc1noc(n1)-c1ccc2n(CCCSc3cc(F)cc(F)c3)c3CCCCc3c2c1,5
C[C@@H]1CCCN1CCc1ccc2nc(ccc2c1)-c1cnc(nc1C)N1CCCC1,4.982966661
O=C(c1cc(F)cc(F)c1)N1CCN(c2ccc(OCCCN3CCCCC3)cc2)C(=O)C1.O=CO,4.400000186
FC(F)(F)c1cnc2CCN(Cc2c1)C(=O)[C@@]12CCC[C@@H]1C[C@H](C2)NC1CCCCCC1,4.832682665
C[C@H]1CCCCN1CCCNCc1ccc(CNCCCN2CCCC[C@H]2C)cc1,4
O=C(Nc1ccc(cc1)-c1nnc(NCCCN2CCCCC2)o1)c1ccccc1,4.801342913
Cn1cc(cn1)-c1ccc2c(c1)[nH]c1c(cnc(NC(C3CC3)C3CC3)c21)C(N)=O,5.769551079
CCc1cc(ccc1NC(=O)c1ccccc1F)-c1nnc(NCCCN2CCCCC2)o1,4.600326279
OCC(COc1nc(C#N)c(c2c1ccc(c2)OC)c1ccccc1)O,4.688246139
O=C(Nc1ccc(F)cn1)[C@H](COCCO)Oc1ncnc2c1cnn2-c1c(Cl)cccc1Cl,4.700000504
CN1C(CC(O)c2ccccc2)CCCC1CC(O)c3ccccc3,6.140021558
CN1CCCC(CC2c3ccccc3Sc4ccccc24)C1,5.230002696
FC(F)(F)Oc1ccc(CNC(=O)C2N(Cc3ccc(cn3)C(F)(F)F)C(=O)c3ccccc23)cc1,5.48148606
O=C1CN(CCN1c1ccc(cc1)OCCCN1CCCCC1)C(=O)c1cnn2c1nccc2,4.200659451
OCc1ccc(OC2CCN(CC3CCN(CC3)c3cccc(n3)C(O)=O)CC2)cc1Cl,1.180000294
Cn1c(CCCCN2CC3[C@@](C2)(C3)c2ccc(cc2)C(F)(F)F)nnc1c1cccc2c1cccn2,5.899629455
CN(C[C@@H](O)CN1CCC(CC1)Oc1ccc(Cl)c(Cl)c1)C(=O)c1c[nH]c(=O)c2ccccc12,5.699991797
Nc1nc(N2CCC(N3Cc4ccccc4OC[C@@H]3Cc3ccc(Cl)cc3)CC2)n[nH]1,4.638272164
COc1cc(cc(OC)c1OC)C(=O)NCCCCCC(=O)O,4.979999398
C1CCC(CC1)C1N[C@H](Cc2c1[nH]c1ccccc21)c1nc(c[nH]1)-c1ccncc1,7.045757491
n1ccc(cc1)c1noc(n1)C1=CC2(c3c1cccc3)CCN(CC2)CC1CCCO1,5.494850022
CC[C@H]1OC(=O)[C@@H](C)C(=O)[C@@H](C)[C@@H](O[C@H]2O[C@H](C)C[C@@H]([C@@H]2O)N(C)C)[C@@](C[C@@H](C(=O)[C@H]([C@@H]2[C@@]1(C)OC(=O)N2C1CN(C1)Cc1ccnc2c1cccn2)C)C)(C)OC,4.096910013
FC(F)(F)c1ccc2ncnc(NCC(=O)NC3CN(C3)[C@H]3CC[C@H](CC3)c3cccnc3)c2c1,4.795880017
COc1ccc(-c2nc3cc(F)c(F)cc3n2[C@@H](C2CCCCC2)C(=O)N[C@H]2CC[C@@H](CC2)C(O)=O)c(OC)n1,5
COc1ccc(cc1)COC(=O)N1CCC(CC1)CNc1ncccn1,5
CC(C)Cc1cc(CNS(=O)(=O)c2ccc(CCc3ccccc3)cc2)nn1-c1ccccc1,5.058985756
CCN1CCN(CC1)c1cc2[nH]c(nc2cc1C)C(=O)[C@@]1(C)CC[C@@H](CC1)NC(=O)OC,5.522878745
CC(=O)Nc1cccc(Nc2ncnc(n2)N2CCC(CC2)OCc2ccc(cc2)C(F)(F)F)c1C,5
C[C@H](c1c(CCN(C)C)sc2ccccc12)n1cccn1,5.698970004
CNC(C)c1cc(F)ccc1Oc1ccc(Cl)cc1,5.283996656
CCc1oc(CCc2cc(cc(NC(C)C)n2)N2CCOCC2)nc1C,6.301029996
COc1ccc(c(c1)F)CN1CCC(CC1)NC(=O)C1=CC(=O)c2c(C1)cc(cc2)F,4.832682665
c1cncc(C(Cc2ccccc2-c2cncc3ccccc23)c2cccnc2)c1,4.920818754
CC(C)S(=O)(=O)N[C@H]1CN(C)C[C@@H]1c1ccc(cc1)-c1cccc(c1)C(C)=O,5.102372909
O=C(/C=C/c1ccc2c(c1)C(=O)CC1(CCN(Cc3ccccc3)CC1)O2)NO,5.419075024
O=C(c1c[nH]nc1)NCC1CCC(CC1)CCOc1ccccc1,4.522878745
O=C(N[C@H]1CCCC[C@@H]1CN1CCC[C@H](C1)Cc1ccc(cc1)F)Nc1cccc(c1)C(=O)C,6.397940009
CO[C@@H]1COCC[C@@H]1N[C@@H]1CC[C@](C1)(C(C)C)C(=O)N1CCN(CC1)c1ccnc(c1)C(F)(F)F,4.045757491
CCOc1cc([C@](O)(CCN(C)C)[C@@H](c2cc3cc(C#N)ccc3nc2OC)c2cccc3c2OCCO3)cc(OCC)n1,5.346787486
FC(F)(F)C1CCN(CCN2CCN(C2=O)c2cccc(I)c2)CC1,6.7000571
Cc1cc(-c2cc(OC(F)(F)F)ccc2Cl)cc(C)c1OCCCC(=O)O,4.263046046
O[C@@]1(CC23CCC(CC2)(CO3)NCc2cc(Cl)c3OCCOc3c2Cl)Cn2c3c1c(F)cnc3ccc2=O,4.22184875
O=S(=O)(c1ccc(cc1)C(F)(F)F)Nc1ccc(cc1)C12CNCC2C1,6.096910013
CC(C)=CCn1c(N2CCC[C@H](N)C2)c(C#N)c2n(C)c(=O)n(Cc3ncccc3C#N)c(=O)c12,4.772113295
CN1CCCC(CN2CCN(CC2)C(=O)Nc2ccc(Cl)c(Cl)c2)C1,5.795880017
CC(C(O)c1ccc2NC(=O)COc2c1)N1CCC(O)(CC1)c1ccc(F)cc1,5.795880017
Fc1cccc(c1)C(C1CCN(CC1)S(=O)(=O)C)CCN1CC2C(C1)CN(C2)C(=O)c1c(C)ncnc1C,4.812479279
O1CCC[C@H]1C(=O)N1CCN(CC1)c1nc(N)c2cc(OC)c(OC)cc2n1,4.76700389
CC(=O)NCCN(CCc1ccc(Cl)cc1)C1CCN(c2nc(N)n[nH]2)CC1,5.48148606
CNc1nc(c2ccccc2Cl)c2c(n1)N(C(=O)NC2)c1c(Cl)cccc1Cl,5.193820026
CS(=O)(=O)c1ccc(N2CCC(F)(F)CC2)c(C(=O)N2Cc3cn(-c4cncc(F)c4)nc3C2)c1,5.173925197
Cc1cnc(F)c(c1)-c1ccc2OC3(CCC3)C3(COC3)C3(COC(N)=N3)c2c1,5
c1ccc(-c2cc(NC3=NC[C@@]4(CN5CCC4CC5)O3)ncn2)cc1,5.397940009
Cc1cc(N[C@H](CCCCNCc2ccc(F)cc2)C(=O)NO)cc(C)c1F,5.920818754
CN(C)C(=O)[C@@H](c1ccc(-c2ccn3ncnc3c2)cc1)[C@H](N)C(=O)N1CCC(F)(F)C1.O=C(O)C(F)(F)F,4.795880017
N#Cc1c2n(C)c(=O)n(c(=O)c2n(c1N1CCCC(C1)N)CC=C(C)C)Cc1cnc2c(n1)cccc2,5.301029996
CS(=O)(=O)NCC(NC(=O)C1(N)CCN(CC1)c1ncnc2[nH]ccc12)c1ccc(Cl)cc1,4.477555766
C[C@H]1CCC[C@@H](C)N1CCNc1cn(Cc2ccc(F)cc2)nn1,6.22184875
O=C(C1CC(Oc2ccc(Cl)cc2)CN1)N1CCCN(C2CCC2)CC1,5.698970004
O=C(c1cc(F)cc(Cl)c1)N1CCc2oc(-c3ccc(F)cn3)nc2C1,4.721246399
CC(C)(C)NC(=O)C1N(Cc2ccccc2-c2ccc(F)c(F)c2)C(=O)c2ccccc12,4.494850022
CO[C@H]1CN(CC[C@@H]1NCc1ccc2c(n1)NC(=O)CO2)CCn1c(=O)ccc2c1cc(C#N)cc2,3.906578315
CCN(C1CCN(CCC(N2CCN(CC2)c2ccccc2)c2ccccc2)CC1)C(=O)Cc1ccc(cc1)S(C)(=O)=O,4.886056648
COC(C)(C)CC#Cc1c(Cl)c2c(Cl)cc(C(N)=O)nc2n1[C@H]1CCCNC1,8.397940009
CC#CCn1c(N2CCCNCC2)c(C#N)c2n(C)c(=O)n(Cc3c(cnc4ccccc34)C#N)c(=O)c12,5.356547324
CCOC[C@H](Oc1ncnc2c1cnn2-c1ccccc1Cl)C(=O)Nc1cnc(C)cn1,4.300000202
COc1cc(-c2cn(C3CCc4c(ccc5ccccc45)N(CC(F)(F)F)C3=O)nn2)ccc1-n1cnc(C)c1,6.045757491
COc1ccc2ncc(F)c(CCN3CC[C@@H](NCc4cc5OCCOc5cn4)[C@@H](O)C3)c2n1,5.30980392
Cc1c(CN2CCOCC2)cc(-c2ccc(C(C)C)cc2)n1-c1ccc(F)cn1,5.096910013
CN1CCC(COCc2cc(cc(n2)C2CCCC2)C(F)(F)F)(CC1)c1ccc(F)cc1,4.920818754
Cc1coc(n1)[C@H]1C[C@H]2CSC(N)=N[C@]2(CO1)c1ccc(F)cc1F,5.638272164
COc1cc(-c2nc3n(n2)CCC[C@@H]3c2ccc(F)cc2C)ccc1-n1cnc(C)c1,6.100179498
COc1cnc2ccc(=O)n(CCN3CCC(CC3)c3nc4cc(ccc4[nH]3)C#N)c2c1,5.346787486
CN(CC1(O)CCCCC1)C(=O)NC1CCN(Cc2ccn(c2)-c2ccc(cc2)C(F)(F)F)CC1,5.665546249
COC1=CC2=C3CCNC(=C3N=C2C=C1)C,4.790000026
FC(F)Oc1cnc(cn1)-c1ccccc1CCNC(=O)c1ccc(OCCC(F)(F)F)nc1,5.200659451
Cc1ncoc1-c1nnc(SCCCN2CC3CC3(C2)c2ccc(F)cc2)n1C,5.843662899
Fc1ccc2c(c1)c(=O)cc(o2)C(=O)NC1CCN(CC1)C1CCc2c1c1OCOc1cc2,5.232102384
CC(C)(C)CCN1CCC(CNC(=O)c2ccc(Cl)c(Cl)c2)CC1,6
C[C@@H](c1c(CCN(C)C)sc2ccccc12)c1cccnc1Cl,5.823908741
COc1ccc(cc1)c1ccc(nn1)CCCNc1ccc(cc1)CN1CCCCC1,5
Clc1cccc(OC(C2CCNCC2)c2cccnc2)c1Cl,5.443697499
FC(F)(F)c1cccc(c1)C(=O)NCC(=O)NC1CN(C1)C1CCC(CC1)c1c[nH]c2ccccc12,5.619788758
Clc1cccc(c1)N1CCN(C1=O)CCN1CC2CC1CC2,4.899629455
COc1cc(N(C)CCN(C)C)c(NC(=O)C=C)cc1Nc1ncc(C)c(n1)-c1cn(C)c2ccccc12,4.806875402
COc1cc(C(O)(CCn2ccnc2)C(c2cc3cc(Br)ccc3nc2OC)c2ccnc(OC)c2OC)cc(OC)n1,5.236572006
CN1[C@@H]2CCC[C@@H]1CC(C2)NC(=O)c1cccc2oc(nc12)N1CCOCC1,5.853871964
CCCCc1oc2c(c1C(=O)c1cc(I)c(c(c1)I)OCCN)cccc2,6.657577319
COC1COCCC1N[C@@H]1C[C@H]2CCC[C@]2(C1)C(=O)N1CCc2ncc(Br)cc2C1,4.310691141
COC(=O)N1CC[C@@H](C1)N(c1ccc(c(c1)Cl)C#N)Cc1cccc(c1F)F,5.397940009
Oc1cccc2c1[nH]c(n2)Cc1ccc(cc1)Oc1ccccc1,6.065501549
COc1ccc(cc1Nc1ncc(Cl)c(n1)-c1cnc2ccccn12)N1CCNCC1,5.318758763
O=C1OCc2c(N1)ccc(c2)[C@@H]([C@H](N1CC[C@](CC1)(O)c1ccc(cc1)F)C)O,5.619788758
CCOC(=O)c1nn(-c2ccccc2)\c(=N\c2nc(cc(-c3ccccc3)c2C#N)-c2ccccc2)s1,4.982966661
Cc1ncc(OC[C@]2(C[C@H]2C(=O)Nc2ccc(F)cn2)c2cc(F)cc(F)c2)c(C)n1,5.318758763
OCCN(CCc1c[nH]c2ccccc12)Cc1ccc(\C=C\C(=O)NO)cc1,4.987162775
CN1C2CCCC1CC(C2)NC(=O)c1cccc2c1nc(o2)N1CCOCC1,5.853871964
OC1CCC(CC1)NC(=O)C(n1c(nc2c1cc(F)c(c2)F)c1ccc(cc1)Cl)C1CCCCC1,5.13667714
COc1cc(C(O)(CCN(C)C)C(c2cc3cc(Br)ccc3nc2OC)c2ccnc(OC)c2OC)c(OC)nc1OC,5.568636236
C(C1COc2ccccc2C1)N1CCC2(CCc3ccccc23)CC1,5.823908741
CC(C)CNc1nc(nc(N2CCNCC2)c1N)C#N,4.283996656
N#Cc1c2n(C)c(=O)n(c(=O)c2n(c1N1CCCC(C1)N)Cc1ccccc1)Cc1nccc2c1cccc2,5.552841969
CC[C@H]1OC(=O)[C@H](C)[C@@H](O[C@H]2C[C@@](C)(OC)[C@@H](O)[C@H](C)O2)[C@H](C)[C@@H](O[C@@H]2O[C@H](C)C[C@@H]([C@H]2O)N(C)C(C)C)[C@](C)(O)C[C@@H](C)[C@H](O)[C@H](C)[C@@H](O)[C@]1(C)O,9
C[C@H]1Cn2c(CN1C(=O)c1cccc(Cl)c1Cl)nnc2-c1ccccn1,5
COc1cc(N2CCN(C)CC2)c(NC(=O)C=C)cc1Nc1nccc(n1)-c1c[nH]c2ccccc12,5.040958608
CCn1cc(cn1)[C@]1(N[C@H](Cc2c1[nH]c1ccccc21)c1nc(c[nH]1)-c1ccc(F)cn1)c1nnc(o1)N(C)C,5.259637311
COc1ccc(cc1)[C@]1(O)CCC(CC1)N1CC(C1)NC(=O)CNC(=O)c1cccc(c1)C(F)(F)F,5.050609993
Fc1ccc(-c2noc(n2)C2CCN(CC2)c2cnc3ccc(Cl)cc3c2)c(Cl)c1,6.301029996
OC1(CNCC(=O)N2CCc3ccccc3[C@H]2C2CCCCC2)CCCCC1,4.119186408
CCCCCCCCN[C@H](C)[C@@H](O)c1ccc(SC(C)C)cc1,5.270001453
Cc1nc(c(s1)c1nnc(n1C)SCCCN1C[C@@H]2[C@](C1)(C2)c1ccc(cc1)C(F)(F)F)C,6.455931956
CC(c1ccc(cc1)OS(=O)(=O)C(F)(F)F)C(=O)NCCCN1CCCC1,5
Cc1ccnn1-c1cccc([C@H](CC(=O)O)CN2CC[C@@H](CCc3ccc4c(n3)NCCC4)C2)c1,4.599999383
Nc1nc2cc3CCN(Cc4ccncc4)CCc3cc2s1,4.48148606
S(Cc1[nH]cnc1C)CCN\C(=[NH+]\C#N)\NC,2
Fc1cnc2c3c1C(O)(Cn3c(=O)cc2)CC12CCC(CC1)(CO2)NCc1ccc2c(n1)NCCO2,4.22184875
COc1ccc(-c2cc(=O)c3cc(Cl)ccc3o2)cc1,4.886056648
CC(C)c1ccc(COC2CCN(CC2)c2ncnc(Nc3cccc(NC(C)=O)c3C)n2)cc1,6.397940009
CC(C)CN(CCc1ccc(Cl)cc1)C1CCN(c2nc(N)n[nH]2)CC1,5.096910013
O=C1CCC[C@@H]2N1C[C@H]1CCCN3[C@H]1[C@H]2CCC3,3.386158178
N#Cc1c(N2CCCC(C2)N)n(c2c1n(C)c(=O)n(c2=O)CC(=O)c1cccc(c1)OC)Cc1ccccc1,7
CC1C(Oc2ccccc2S1(=O)=O)c1ccc(OCCCN2CCCC2)cc1,5.886056648
Oc1ccc(cc1)[C@H]1CC[C@@H](CC1)NC(=O)CCc1ccccc1,4.522878745
CC(CC(c1ccc(cc1)OCCOCC[N+](Cc1ccccc1)(C)C)(C)C)(C)C,6.008773924
O=C1[C@@H]2CCN1c1cccc3ccc(Oc4cc(Cn5cncc5CC(=O)N2)ccc4C#N)cc13,5
NC1(CCN(CC1)c1ncnc2[nH]ccc12)C(=O)NC(C1CC1)c1ccc(Cl)cc1,5.585026652
COc1cc2ccc(C#N)cc2cc1[C@@H](c1cccc(OC)c1OC)[C@@](O)(CCN(C)C)c1cccc2c1CCC2,6
N#Cc1cc(NCC(=O)NC2CN(C2)C2CCC(CC2)(O)c2cncs2)c2c(n1)ccc(c2)C(F)(F)F,4.454692884
COc1cc2CCN(C)[C@H](Cc3ccc(Oc4cc(C[C@H]5N(C)CCc6cc(OC)c(OC)cc56)ccc4O)cc3)c2cc1OC,5.590066877
C[C@@H]1CCCN1CCc1ccc2nc(C)ccc2c1,3.665546249
Cc1ccc(Cn2c(nc3ccccc23)C2CNCCO2)cc1C,5.677780705
Fc1ccc(F)c(c1)C(=O)N1CCN(CCN2CC[C@H](C2)NC(=O)CNC(=O)c2cccc(c2)C(F)(F)F)CC1,5
CC1CN(CC(=O)N[C@H]2C3CC4CC2C[C@](C4)(C3)C(N)=O)S(=O)(=O)N(C1)c1c(Cl)cc(Cl)cc1Cl,4.431798276
COc1ccc(cc1C)C1(N=C(C)C(N)=N1)c1cccc(c1)-c1cncnc1,4.48148606
CCCCCCCCc1cccc(CCCCCCCC)[n+]1C,9
N#Cc1cnc(s1)Nc1ccncn1,5.537602002
Brc1ccc(NC(=O)N2CCN(C[C@@H]3CCCN(C3)C3CC3)CC2)cc1,5.148741651
CC(CN(C(=O)c1ccccc1C(C)C)C1CCNC1)C,4.88941029
Fc1ccc(cc1)Oc1ccc2c(n1)c(=O)n(c(n2)C)CC1CCCN(C1)C(C)C,5.494850022
CNc1cc(Nc2cnc(C#N)c(O[C@H](C)CN(C)C)n2)ncc1C(F)(F)F,6
CC(C)(C)NC(=O)C1N(Cc2ccccc2-c2ccccc2)C(=O)c2cccc(O)c12,4.552841969
Cc1nc(C)c(s1)-c1nnc(SCCCN2CCc3ccc4oc(nc4c3CC2)C(F)(F)F)n1C,6.102372909
COc1cc2ccc(C#N)cc2cc1[C@@H](c1cccc(C)c1)[C@@](O)(CCN(C)C)c1cccc2c1OCO2,6.522878745
Fc1cccc(c1)c1nnc(n1C)CCCCN1CC2[C@@](C1)(C2)c1ccc(cc1)C(F)(F)F,6.602059991
ONC(=O)\C=C\c1ccc2CN(Cc2c1)C(=O)Cc1ccccc1,4.522878745
CNC(C)c1cc(F)ccc1Oc1ccc(Cl)c(Cl)c1,5.167491087
[NH2+](CCCC12CCC(c3c1cccc3)c1c2cccc1)C,5.508638306
Cc1ncoc1-c1nnc(SCCCN2[C@H]3CC[C@@H]2C[C@@H](C3)c2cccc(c2)C(F)(F)F)n1C,6.301029996
CCc1noc(n1)-c1nnc2[C@@H](C)N(CCn12)C(=O)c1ccc(cc1)-c1cccs1,4.494850022
o1c(ccc1C)-c1nc(NC(=O)CN2CCC(CC2)CN(C)C)cc(n1)-n1nccc1C,5.782516056
CC(C)N1CCC[C@@H](CN2CCN(CC2)C(=O)Nc2ccc(Cl)c(Cl)c2)C1,5.886056648
C[C@H]1CN(CCOc2cc(C)n(n2)-c2ccc3ccccc3c2)C[C@@H](C)O1,5.13076828
O=C1N(CC[C@@H]1[NH2+]Cc1n(cnc1)Cc1ccc(cc1)C#N)c1c2c(nccc2)ccc1,5.086186148
COc1cc(OC)c(\C=C\S(=O)(=O)Cc2ccc(OC)c(NS(C)(=O)=O)n2)c(OC)c1,4.602059991
CN1CCN(C)c2nc(CNC34CCC(C[C@]5(O)Cn6c7c5c(F)cnc7ccc6=O)(CC3)OC4)ccc12,4.514278574
O=C(c1ccc(nc1)N1CCC2(CC1)CCN(C2)C(=O)C)Nc1cc(ccc1N)c1cccs1,5
COCCOc1ccc-2c(Cc3c-2n[nH]c3-c2csc(c2)C#CCOc2ccccc2)c1,5
Cc1cc2ncc(C(=O)N3CCC(CC3)[C@H](N)Cc3cc(F)c(F)cc3F)c(C)n2n1,4.744727495
NC(=O)c1cc(O[C@@H]2C[C@@H]3CC[C@H](C2)N3Cc2ccccc2)ccn1,5.795880017
C1CCN(CC1)[C@@H]([C@H](N1CCCCC1)c1ccccc1)c1ccccc1,4.600326279
Oc1cccc(c1)N1CCN(CCN2CCC(CC2)C(F)(F)F)C1=O,4.801342913
NC(=O)CC(=O)N1CCc2c(C1)sc(n2)c1ccc(cc1)OC1CC(C1)N1CCCCC1,4.522878745
N#Cc1cnc(s1)Nc1ccnc(n1)N,5
CCN(CC)C(c1ccccc1)C(O)(c1cccnc1)c1cccnc1,4.22184875
O=C(C1CC(Oc2cccc(F)c2)CN1)N1CCCN(C2CCC2)CC1,5
OCc1cc(ccc1OC)c1ccc2c(n1)nc(nc2N1CCOC[C@H]1C)N1C[C@H](C)O[C@H](C1)C,5.397940009
CN(CCCC(c1ccc(cc1)Cl)NC(=O)C1(N)CCCN(C1)c1ncnc2c1cc[nH]2)C,4
Clc1ccc(cc1)C1(O)CCN(CC1)CCC[C@@H](O)c1ccc(F)cc1,5.585026652
COc1ccc(-n2cc(Cn3ccc4nc(-c5ccccc5F)nc-4c3)nn2)cc1,5.199998172
Brc1ccc2[nH]c3C(CCCc3c2c1)Nc1ccccc1,4.522878745
Cc1cc(-n2cc3c(n2)CN(C(=O)c2cc(C#N)ccc2OC(C)C)C3)ccn1,5
N#C[C@@H]1CCCN1C(=O)[C@@H]1CN(C[C@@H]1N)Cc1ccc(c(c1)C)C#N,4.698970004
FC(F)(F)CCOc1ccc(cn1)C(=O)N[C@@H]1COc2cccc(-c3cncnc3)c2C1,5.200659451
NC1=NC2(c3cc(ccc3OCC22CC2)-c2cncnc2)C(F)(F)CO1,5
CN(CCN1CCN(C2COOC2)C1=O)C[C@@]12CC[C@@H](CC1)C2(C)C,5.200659451
Cn1cc(Br)c(n1)C(=O)N1CCN(CC(=O)c2ccc(F)cc2)CC1,4.721246399
Cc1cc(Nc2cc(N[C@@H]3CCCC[C@@H]3N)cnc2C(N)=O)nc(C)c1-c1cnn(C)c1,6
CCn1n2c(nnc2cc(-c2cc(cc(F)c2C)C(=O)NC2CC2)c1=O)-c1c(F)cccc1Cl,4.522878745
CN1CCCCC(C1)c1ccc(Cl)c(Cl)c1,5
COc1ccc(Cn2c(nc3ccccc23)N2CC[C@H](C2)N(C)C)cc1,6.30980392
C[C@@H](O)C(=O)NC1CC(C)(C)Oc2nc(-c3ccc(Cl)cc3Cl)c(cc12)-c1ccc(Cl)cc1,7
CCN1CCc2cc(ccc2C1=O)C1=CC2(CCNCC2)Oc2ccccc12,4.869666232
COc1ccc(cc1)-c1cc(NC(=O)CCCN2CCCCC2)[nH]n1,5.337242168
CC[C@H]1C[C@H]2CN3[C@@H]1C(C2)(C(=O)OC)c1[nH]c2c(c1CC3)cc(cc2)OC,5.647817482
N#Cc1ccc(cc1)OCC(CN1CC2CC(C1)CN(C2)C(=O)OCC(C)C)O,7.397940009
S(=O)(=O)(Nc1cc2c(OC3(C[C@H]2O)CC[NH+](CC3)[C@@H]2CCc3cc(ccc3C2)C#N)cc1)C,7.677780705
CCOC1COCCC1NC1CCC(C1)(C(C)C)C(=O)N1CCN(CC1)c1nccc(c1)C(F)(F)F,5.187086643
OCC(=O)[C@@]1(O)C[C@H](O[C@H]2C[C@H](N)[C@@H]([C@@H](O2)C)O)c2c(C1)c(O)c1c(c2O)C(=O)c2c(C1=O)cccc2OC,3.522878745
O=C(C1NCCN(C1)C(C)C)C1CCN(CC1)C(=O)Nc1ccc(c(c1)Cl)Cl,4.22184875
NC1=N[C@@]2(c3cc(CNCC(F)(F)F)c(F)cc3F)CO[C@@H](CF)C[C@H]2CS1,5.366531544
O=c1c2cc(Cc3cccnc3)c3ccccc3c2ncn1[C@H]1CCCC[C@@H]1O,4.920818754
CCCN(c1cccc(c1)C#N)P(=O)(c1ccccc1)c1ccccc1,4.48148606
NC(=O)[C@@H]1CC[C@H](c2ccc(OCc3ccc(F)cc3)cc2)N1,5.099999035
O=C1NC(=O)\C(S1)=C/c1ccccc1OCc1nnc(o1)-c1ccccc1,4.387216143
CCCCNc1ncc2c(n1)n(nc2c1ccc(cc1)S(=O)(=O)NC)C1CCC(CC1)O,5
CN(C/C=C/c1ccc(-c2ccccc2)cc1)Cc1ccc2c(c1)OCCC2.Cl,4.493494968
O=C(NC1CN(C1)C1CCC(CC1)c1ccc2c(c1)[nH]cn2)CNC(=O)c1cccc(c1)C(F)(F)F,5.602059991
CN(Cc1ccc(C(F)(F)F)nc1)c1cc(C(=O)Nc2ccccc2)ncn1,5.251811973
CCn1cc(cc(c1=O)C)C1(N=C(c2c1cccc2F)N)c1cccc(c1)C#CC1CC1,5.070581074
CC(C)n1nc(C(=O)NCC2CCN(CCNS(C)(=O)=O)CC2)c2ccccc21.Cl,5.580044252
C[C@@H]1CCCN1CCCOc1ccc(N2CCN(C(=O)c3ccc(F)cc3)CC2=O)cc1.O=CO,4.700000504
CO[C@H](C)C(=O)N[C@@H](Cc1ccc2OCOc2c1)[C@H](O)CN[C@H]1CC2(CCC2)Oc2ncc(CC(C)(C)C)cc12,4.625251654
Cc1cc(Nc2ncc(Cl)c(Nc3ccccc3S(=O)(=O)C(C)C)n2)c(OC(C)C)cc1C1CCNCC1,4.337242168
C[C@@H]1CN(CCN1c1ncc(OCc2ccc(CS(C)(=O)=O)cc2F)cn1)C(=O)OC1(COC1)C(F)(F)F,4.522878745
C[C@H](Nc1cncc(Nc2cc(C)n[nH]2)n1)c1ncc(F)cn1,4.494850022
CC(C)N(C)[C@@H]1CC[C@@H]([C@H](CS(=O)(=O)C(C)(C)C)C1)N1CC[C@H](NC(=O)c2cc(F)cc(c2)C(F)(F)F)C1=O,4.096910013
CN(Cc1cnccn1)S(=O)(=O)Nc1ccc2ccc3ncc(cc3c(=O)c2c1)-c1cnn(C)c1,5.148741651
C[C@@H](c1ccc(-c2ccc(F)cc2)cc1)[C@H](N)C(=O)N1CC[C@H](F)C1.O=C(O)C(F)(F)F,5.958607315
CC(C)(N)c1nc(-c2ccc(OC(F)(F)F)cc2)c[nH]1,5.585026652
COc1cc2nnc(c(c2cc1N1CCN(CC1)C)Nc1ccc(cc1F)C)C(=O)N,4.522878745
ONC(=O)\C=C\c1ccc2CN(Cc3ccccc3)Cc2c1,4.560667306
Oc1c(Br)cc2c(c1Br)Oc1c(C32OC(=O)c2c3c(Cl)c(Cl)c(c2Cl)Cl)cc(c(c1Br)O)Br,4
CNCc1cc(OC)c(OC)cc1Oc1ccc(Cl)c(Cl)c1,4.995678626
Clc1ccc(cc1)[C@@]12CN(C[C@H]2C1)CCCSc1nnc(n1C)c1ocnc1C,6.958607315
COCCNC(=O)c1nc2c(nc(cn2c1C)-c1cnc(N)nc1)N1CCOCC1,4.522878745
CCS(=O)(=O)n1c2CCN(Cc2c2cc(ccc12)C(=O)N1CCC(C)CC1)C1CCOC1,4.602059991
O=c1cc(o[nH]1)[C@H]1CCN[C@@H](Cc2ccccc2)C1,0
COc1cccc(c1)C(=O)Nc1ccc(OCCN2CCOCC2)c(c1)-c1ccnn1C,4.958607315
Cc1cc(CNc2nc(N)nc3ccn(Cc4ncccc4Cl)c23)no1,6.045757491
COc1ccc(CN2CCC(CC2)NC(=O)c2cc(=O)c3ccc(F)cc3o2)c(F)c1,9
COc1cc(ccc1Nc1ncc(Cl)c(n1)-c1cnc2ccccn12)N1CCN(CC1)C(N)=O,4.48148606
CC(CN1CCN(CCc2ccc(cc2)[N+]([O-])=O)CC1)c1ccc(cc1)[N+]([O-])=O,9
CCOC(=O)C1=C(CN2CCOCC2)NC(c2nccs2)=NC1c1ccc(F)cc1Cl,5.63638802
COc1ccc2c(n1)c(ccn2)NC(=O)C1CCC(CC1)NCc1ncc2c(c1)OCCO2,4.537602002
CN1Cc2ccccc2C(N=C1OCc1ccc(cc1)NS(=O)(=O)C)c1ccccc1,6.677780705
CCN(CC)C(=O)N[C@H]1C[C@H]2[C@@H](Cc3c[nH]c4cccc2c34)N(C)C1,4.809999052
Cn1c(SCCCN2C[C@@H]3[C@](C2)(C3)c2ccc(cc2)C(F)(F)F)nnc1c1occc1C,6.698970004
Cc1ncc(OC[C@]2(C[C@H]2C(=O)Nc2cc(C)c(F)cn2)c2ccccc2)c(C)n1,5
CC(C)Cn1nc(-c2ccc3nc(OC4CC4)ccc3c2)c2c(N)ncnc21,5
CC(C)c1cc(C(=O)NC[C@H]2CCN(CCc3ccc(OC(F)(F)F)c(F)c3)C2)on1,6.795880017
COc1ccc(cc1)-c1nnc(o1)C(=O)N1CC(C1)Oc1ccc(CN(C)C)c(F)c1,4.823908741
CC(Cc1ccc(cc1)[N+]([O-])=O)N1CCN(CCc2ccc(cc2)[N+]([O-])=O)CC1,9
CCN1C(=CC=Cc2sc3ccccc3[n+]2CC)Sc4ccccc14,6.029978734
CCC1NC(=NC1(c1ccc(cc1)F)c1ccc(cc1)F)c1nccc(c1)C#N,6.30980392
COC1COCCC1N[C@@H]1C[C@H]2C[C@H](F)C[C@]2(C1)C(=O)N1CCc2ncc(cc2C1)C(F)(F)F,4.301029996
CNC(=O)c1cnc(Nc2ccc(N3CCOCC3)cn2)cc1Nc1ccccc1S(C)(=O)=O,4.397940009
CNCc1cc(Cl)ccc1Oc1ccc(Cl)cc1,5.319664487
O=C(c1cn(CCCNCc2ccc(Oc3ccc(Cl)cc3)cc2)nn1)N1CCOCC1,6.168770306
CC(C)S(=O)(=O)N[C@@H]1COC[C@@H]1c1ccc(cc1)-c1cncc(F)c1,4.200659451
COc1cc(O)c(cc1OC)C(=O)Nc1scc(n1)C(=O)N(C(=O)c1ncsc1)CCN(C(C)C)C(C)C,4.301029996
C[C@@H]1CCCN1CCc1ccc2nc(ccc2c1)-c1cnccn1,4.605548319
COc1ccc2nccc(CCN3CCC(NCc4cc5c(cn4)OCCO5)CC3)c2c1,5.721246399
C=CC(=O)N[C@H]1CCN(c2ccc(C(N)=O)c(Nc3ccc(N4CCCCC4)nc3)n2)C1,6.585026652
ONC(=O)/C=C/c1ccc(cc1)CNCCc1c([nH]c2c1cccn2)C(C)(C)C,4.522878745
CN1CCN(CC1)c1cccc2OC[C@H](Cc12)NC(=O)c1ccc(OC(F)(F)F)cc1,5.102372909
COc1ccc(cc1C(=O)N)c1ccc2c(n1)nc(nc2N1CCOC[C@H]1C)N1CCOC[C@H]1C,4.494850022
Cc1nc2ccc3CCN(CCCSc4nnc(-c5ocnc5C)n4C)CCc3c2s1,4.900001867
COc1cccc(c1)S(=O)(=O)N1CCC2=C[C@H]3[C@@H](C[C@]2(C1)C(=O)c1ccccn1)C=NN3c1ccc(cc1)F,4.721246399
COc1cccc(-c2cccc(C3(C)COCC(N)=N3)c2)c1,5.096910013
NC1Cn2c(CC1c1cc(F)c(cc1F)F)nc1c2ccc(c1)S(=O)(=O)C,4.420216403
CN1CCc2cccc3c2C1Cc1ccc(O)c(O)c1-3,5.62000596
CCOC(=O)C1=C(CN2CCS(=O)(=O)CC2)NC(c2nccs2)=NC1c1ccc(F)cc1Br,5.970616222
CN(CCOc1ccc(CC2SC(=O)NC2=O)cc1)c1ccccn1,4.725842151
CCCCc1oc2c(c1C(=O)c1cc(I)c(c(c1)I)OCC(=O)O)cccc2,4.13076828
CC1(C)[C@H](Nc2c(C(N)=O)cnn3cc(-c4cncc(F)c4)cc23)CC[C@]1(C)N,5.301029996
NCCCN(C1CCN(C1=O)Cc1cccc(c1)Cl)Cc1cncn1Cc1ccc(cc1)C#N,6.318758763
CC1(C)[C@@H]2CC[C@]11CCN(CCN3CCN(C3=O)c3cccc(Cl)c3)C1C2,6.100015437
O=C(Nc1ccc(cc1)-c1nnc(NCCCN2CCCCC2)o1)C1CCCCCC1,4.700000504
COc1ccc(cc1)-c1nnc(o1)C(=O)N1CC(C1)Oc1ccc(CN2CCCC2)cc1,5.259637311
CS(=O)(=O)c1ccc2n3C[C@H]([NH3+])[C@H](Cc3nc2c1)c1cc(F)c(F)cc1F,4.420216403
CC1(C)NC(=O)Cn2c(Nc3ccc(F)c(Cl)c3)c(nc12)-c1ccc(F)cc1,4.522878745
Cc1ncoc1-c1nnc(SCCCN2CCC3(C2)CCCc2cc(Br)ccc32)n1C,6.22184875
C(N1CCCCC1)c1ccc(Oc2nc3ncccc3s2)cc1,5
COc1cc(ccc1Nc1ncc(c(n1)c1cnc2n1cccc2)Cl)N1CCN(CC1)C(=O)C(O)C,5.091514981
Clc1cccc(c1)N1CCN(CCN2C[C@@H]3CC[C@H]2Cc2ccccc2C3)C1=O,7.199970641
FC(F)(F)c1ccc(cc1)/C(=N/OCC[NH3+])/CCCCOC,5.420216403
Cc1nc2cccnc2c(=O)n1-c1ccc(OC2CCN(CC2)C2CCC2)cc1,5
COc1cccc(c1)c1nnc(n1C)CCCCN1CC2[C@@](C1)(C2)c1ccc(cc1)C(F)(F)F,6.602059991
Cc1ccc(CCOCC#Cc2cccc(C#CCOCCc3ccc(C)cc3)[n+]2C)cc1,4.841637508
COCCCN1C[C@H]2[C@H](CNC(=O)c3nc(C(C)C)n4ccccc34)[C@H]2C1,5.292429824
O[C@@H]1CCCC[C@H]1CNC(=O)NC1CCN(Cc2ccn(c2)-c2ccc(cc2)C(F)(F)F)CC1,5.13667714
CCN(CC)C(=O)c1ccc(cc1)C(=C1CCN(Cc2ccc(F)cc2)CC1)c1cccnc1,5.886056648
Fc1ccc(c(c1)/C=C/NC12CCC(CC1)(OC2)CC1(O)Cn2c3c1c(F)cnc3ccc2=O)F,8.096910013
Clc1ccc(cc1)[C@@]12CN(C[C@H]2C1)CCCSc1nnc(n1C)c1cccc2c1ccc(n2)C,6.698970004
Cc1nc(C)c(s1)-c1nnc(SCCCN2CCC3(CCc4cc(Cl)ccc34)C2)n1C,5.602059991
OCc1cc(=O)n(cc1c1ccc(cc1)C(C(C(=O)N1CCC(C1)F)N)C)C,4
O=C1COc2c(N1)nc(cc2)CNC1CCC(CC1)[C@H](Cn1c(=O)cnc2c1cc(F)cc2)N,3.759450752
Cl.Fc1cc(C(Oc2ccccc2)C2CNC2)ccc1Cl,5.806875402
O=C1COc2ccc(CNC3CCN(CCN4C(=O)COc5ccc(cc45)-n4cnnn4)CC3)nc2N1,4
O=C(Nc1ccc(OC(F)(F)F)cc1)c1ccc(OCCN2CCCC2)c(-c2cncnc2)c1,8.045757491
ONC(=O)c1cnc(nc1)N1C[C@@H]2CN(Cc3ccc4ccccc4c3)C[C@@H]2C1,5.387216143
COc1ccc(N2C(=O)C(C)(C)C2c2ccccc2OC)cc1,4.886056648
NC(=O)c1cc(sc1Nc1cccc(CN2CCOCC2)n1)-c1ccccc1F,6.793174124
Fc1ccc2c(noc2c1)C1CCN(CCCOc2ccc(CCc3nc4ccccc4o3)cc2)CC1,6.22184875
NC1=NC2(CO1)c1cc(ccc1OCC21CCCO1)-c1cncnc1,5
ONC(=O)\C=C\c1ccc(CN2CCCC(C2)c2c[nH]c3ccccc23)cc1,4.53313238
N=C(NCCCOc1ccc(F)cc1)Nc1ccc(Cl)cc1,6.366531544
CC(C)(O)COc1ccc(C(N)=O)c(O[C@@H]2CCN(C(=O)Cc3ccc(OC(F)(F)F)cc3)C[C@H]2F)c1,4.537602002
Cc1nc(nc2ccc(NC(=O)COc3ccc(OC(F)(F)F)cc3)cc12)N1CCC(CC1)N1CCCC1=O,5.431798276
NC1(CCN(CC1)c1ncnc2[nH]ccc12)C(=O)NC(CCCN1CCCCC1)c1ccc(Cl)cc1,4.477555766
CCCN1C(=O)CC2(CCN(CC3CCN(C(=O)OCC)CC3)CC2)c2cccnc21,6.173925197
Cc1[nH]c2ccccc2c1C1CCN(Cc2ccc(\C=C\C(=O)NO)cc2)C1,4.872895202
O=C(c1ccc(nc1)N1CCC2(CC1)CN(C2)C(=O)C)Nc1cc(ccc1N)c1cccs1,5
COc1ccc2nc(C)n(-c3ccc(OC4CCN(CC4)C4CCC4)cc3)c(=O)c2c1,5
O[C@]1(CC23CCC(CC2)(CO3)NCc2ccc3OCC(=O)Nc3n2)Cn2c3c1c(F)cnc3cc(F)c2=O,4.22184875
Cl.CCOC[C@@H](CC(C)C)NC(=O)[C@@H]1CNC[C@@H](C1)C(=O)N(C1CC1)c1cc(OCCCOC)c(cc1F)C(C)C,5.259637311
O=C(C1CC(Oc2ccc(F)cc2)CN1)N1CCCN(C2CCC2)CC1,5
C[C@H]1COCCN1c1nc(N2CCOC[C@@H]2C)c2ccc(nc2n1)-c1ccc2nc[nH]c(=O)c2c1,4.494850022
O=C1CN(c2cn[nH]c(=O)c2Cl)CCN1Cc1ccccc1C(F)(F)F,5.060480747
CN(C(=O)c1c(C)onc1-c1ccccc1Cl)c1ccc(Cl)cc1,4.301029996
COc1ccc(CN[C@@H]2CC[C@@H](C(=O)N3CCC(CC3)(C(=O)N3CCCC3)c3ccccc3)C(C)(C)C2)cc1,6.045757491
COc1ccc(NC(=O)c2ccc(Cn3ccnn3)c3ccccc23)c(n1)C(=O)NCC1CCOCC1,4.958607315
CN1C[C@H]2[C@H](CN(Cc3cccc(OC(F)(F)F)c3)C(=O)c3cn(C)cn3)[C@H]2C1,5.420216403
O=C1NCc2c(N1c1c(Cl)cccc1Cl)nc(nc2c1ccccc1Cl)N1CCc2c(C1)cn[nH]2,5
O[C@]1(CC[C@@H](CC1)N[C@H]1CCN(C1)C(=O)CNC(=O)c1cccc(c1)C(F)(F)F)c1ccccn1,4.522878745
COCCOc1cc2ncc(C(N)=O)c(Nc3ccc(C)cc3F)c2cc1N1CCOCC1,5.045757491
CC(C)COc1ccc(cc1C(=O)N1CCN(CC1)c1ccc(cc1F)C#N)S(C)(=O)=O,6.15490196
NC(=O)c1cnc2cc(Cl)c(-c3cccnc3)cc2c1NC1CCOCC1,5.920818754
COc1cc(N(C)CCN(C)C)c(NC(=O)C=C)cc1Nc1nccc(n1)-c1cn(C)c2ccccc12,4.790484985
Fc1cc(F)cc(c1)C(=O)N1CCN(C(=O)C1)c1ccc(cc1)OC1CCN(CC1)C(C)C,4.200659451
Cn1c(SCCCN2CC[C@]3(C[C@@H]3c3ccc(C(F)(F)F)cc3)C2)nnc1-c1ccc(-c2ncco2)cc1,6.819874125
CC1(c2cccc(-c3cccc(Cl)c3)c2)N=C(N)CCO1,5.211124884
N[C@@H]1CCCN(C1)c1ccccc1C=C1SC(O)=NC1=O,4.522878745
CN(CCCC1(c2ccccc2)C(=NN2C1COc1c2cc(cc1)C)C(=O)C)C,5.619788758
COc1cc(ccc1-n1cnc(C)c1)-c1cn(CC(=O)N([C@H](C)c2ccccc2)[C@H](C)c2ccccc2)nn1,6.096910013
C[C@H]1SC(N)=N[C@]2(CO[C@H](C[C@@H]12)c1cnn(C)c1)c1ccc(F)cc1F,5.318758763
COc1ccc(cn1)[C@@H]1CC[C@@H](CC1)N1CC(C1)NC(=O)CNc1noc2ccc(cc12)C(F)(F)F,9
CCC(CC)CNc1c(C(N)=O)c(C)nc2ccc(-c3cccnc3)cc12,6.167491087
OC(=O)CCNC(=O)c1ccc(Cn2nc(cc2-c2ccc(OC(F)(F)F)cc2)-c2cc(Cl)cc(Cl)c2)cc1,5.292429824
OCCN1CCN(CC1)c1ncc2cc(-c3ccccc3)c(nc2n1)-c1ccc(CN2CCC(CC2)c2nnc([nH]2)-c2cc[n+]([O-])cc2)cc1,5
COc1cnc2c(c1)n(C[C@@H](C1CCC(CC1)NCc1ccc3c(n1)NC(=O)CO3)N)c(=O)cc2,3.477555766
Cc1oc(nc1COc1cccc(CN(CC(O)=O)C(=O)Oc2ccc(C)cc2)c1)-c1ccc(C)cc1,4.586700236
CCOc1cc2nnc(c(c2cc1N1CCN(CC1)C)Nc1cccc(c1F)Cl)C(=O)N,4.920818754
C1CCC(CN1)N(c1cccc2c1cc[nH]2)Cc1ccccc1,5
C[C@@H]1CCCN1CCc1ccc(-c2ccc(S(=O)(=O)N3CCCCC3)cc2)cc1,5.954833552
NC(=O)Nc1cc(sc1C(=O)NC1CCCNC1)c1cccc(c1)F,4.823908741
Cc1ccc(cc1)S(=O)(=O)NC(=O)N1CCC(CC1)N1CCC(CC1)Oc1ccc(Cl)cc1C,5
COC1COCCC1N[C@@H]1C[C@H]2CCC[C@]2(C1)C(=O)N1CCc2ncccc2C1,4.301029996
Cn1c2cc(N3CCC[C@@](C)(N)C3)n(Cc3cc(F)ccc3C#N)c2c(=O)n(C)c1=O,4.522878745
Cc1cccc2nc(C)n(-c3ccc(OC4CCN(CC4)C4CCC4)cc3)c(=O)c12,5
S1c2ccccc2N(CC[C@H]([N@@H+](C)CCCC2)2)c2cc(SC)ccc12,7.017728767
Cc1cnc(NC(=O)c2cc(Oc3ccc(S(C)(=O)=O)cc3)c3cc(C)oc3c2)cn1,4.657577319
CCCCN1CCC[C@@H]1Cn1nc(Cc2ccc(Cl)cc2)c2ccccc2c1=O,9
COC1COCCC1NC1CCC(C1)(C(C)C)C(=O)N1CCN(CC1)c1ccnc(c1)C(F)(F)F,4.045757491
Cc1cc(Nc2ccccc2)nc(NCc2ccccn2)n1,4.801342913
COc1c(ccc(c1F)n1cnc(c1)C)c1nnn(c1)[C@@H]1CCc2c(N(C1=O)CC(F)(F)F)cccc2F,5.124938737
N#Cc1ccc(S(=O)(=O)N2C[C@H](S(=O)(=O)c3ccc(Cl)cn3)[C@](O)(CN)C2)c(Cl)c1,5.096910013
CN1CCN(CC1)c1ncc2cc(-c3ccccc3)c(nc2n1)-c1ccc(CN2CCC(CC2)c2nc(n[nH]2)-c2ncccn2)cc1,5
O=C(c1ccc(F)cc1OC[C@@H](O)CN1CCC2(CC1)Cc1cc(Cl)ccc1O2)N1CC[C@H](O)C1,6.15490196
OC1(CC23CCC(CC2)(CO3)NCc2ccc3OCC(=O)Nc3n2)Cn2c3c1c(F)cnc3cc(Cl)c2=O,4.22184875
CCN1CCN(CC1)Cc1cnc(c(c1)C)c1ccc(cc1)C(=O)Nc1ccccc1N,4.602059991
O=C1[C@H](N2CCC(c3ccc(O)cc3)CC2)CCN1Cc1ccc(F)cc1,6.207608311
O=C(c1nn(nc1C)c1ccccc1)NC1COc2c(C1)c(ccc2)c1ccncc1,5.397940009
Clc1ccc(NC(=O)N2CCN(C[C@@H]3CCCN(C3)C3CC3)CC2)cc1Cl,5.698970004
Cn1c2cc(ccc2c2nc(N3CCC[C@@H](N)C3)n(Cc3cc(F)ccc3Cl)c2c1=O)C(O)=O,5
Cc1ccc2c(n1)cccc2N1CCN(CC1)CCc1cccc2c1OCc1n2ccc1C(=O)N1CCOCC1,6
CCOC(=O)N1CCC(C)(CN2CC[C@@H](C2)N2C(=O)Cc3ccccc23)CC1,5.455931956
O=C(Nc1ccccc1-c1cn2c(CN3CCNCC3)csc2n1)c1cnc2ccccc2n1,5
N#Cc1ccc(cc1)N1N=C(C[C@@H]1c1ccc(cc1)c1ccc2c(c1)oc(=O)[nH]2)F,7.537602002
CCc1nc(C)cn2nc(-c3cc(=O)n4cc(C5CCN(C)CC5)cc(C)c4n3)cc12,5.744727495
Fc1ccc(CNC(=O)N(C2CCN(Cc3ccnnc3)CC2)c2ccc(Cl)cc2)cc1,4.920818754
CN(C/C=C/c1ccc(-c2ccccc2)cc1)Cc1coc2ccccc12.Cl,4.458420756
CCOC(=O)N1CCC(CN2CCC3(CC2)CC(=O)N(C)c2ncccc23)CC1,5.595166283
COc1cc(N(C)CCN(C)C)c(NC(=O)C=C)cc1Nc1ncc(Cl)c(n1)-c1cnn2ccccc12,5.173925197
O=c1n(-c2ccc(OCCCN3CCCC3)cc2)c(nc2ccccc12)-c1ccccc1,5.958607315
Cc1cccc(Nc2nc(NCC3CCCCN3)ncc2C(N)=O)c1,5.602059991
O=C(NC1CN(C1)C1CC[C@](CC1)(O)c1ccccc1)CNC(=O)c1cccc(c1)C(F)(F)F,5
CC(C)(C)NC(=O)c1c[nH]c2ncc(nc12)-c1nn(CCCS(C)(=O)=O)c2cc(F)ccc12,5
CCN(C1CCN(CC[C@H](N2CCN(CC2)S(C)(=O)=O)c2cc(F)cc(F)c2)CC1)C(=O)Cc1ccc(cc1)S(C)(=O)=O,9
CN(C)Cc1ccc(OC2CN(C2)C(=O)c2nnc(o2)-c2ccccc2)c(C)c1,5.065501549
Fc1cnc2ccc(=O)n3CC(CC45CCC(CC4)(CO5)NCc4ccc5OCC(=O)Nc5n4)c1c23,4.706637445
Cc1ccc(cc1C)C(SC[C@H](N)C(O)=O)(c1ccccc1)c1ccccc1,4.602059991
COc1ncc(-c2ccc3ncnc(-c4cccc(C(=O)N5CCN(C)CC5)c4)c3c2)cc1C(F)(F)F,5.795880017
CCCn1c(C)c(cc1-c1ccccn1)C(=O)NCCCN1CCN(CC1)c1cccc(Cl)c1Cl,6
CCCCc1oc2c(c1C(=O)c1cc(I)c(c(c1)I)OCCNC(=O)CC)cccc2,5.075720714
CCOc1cc(Nc2nc3n(cnc3cc2F)[C@@H](CO)c2ccc(F)cn2)[nH]n1,4.494850022
CC(C)[C@@H](Oc1ccc(CNC(=O)[C@@H]2CCCN2C(=O)CC([NH3+])Cc2cc(F)ccc2F)cc1)C(O)=O,4.119186408
Cc1ccc(NC(=O)[C@H](COC2CCC2)Oc2ncnc3c2cnn3-c2ncccc2Cl)nc1,4.400000186
CN(C[C@H]1COCCO1)S(=O)(=O)Nc1ccc2ccc3ncc(cc3c(=O)c2c1)-c1cnn(C)c1,4.522878745
OCc1ccc(OC2CCN(CC3CCNCC3)CC2)cc1Cl,2.530001358
CC1(C)Cc2cccc(CN3CCC4(CC3)CCN(CC4)C(=O)c3ncccc3N)c2O1,4.73754891
O=C(Nc1ccc(OC(F)(F)F)cc1)c1cnc(N2CC[C@@H](O)C2)c(-c2cncnc2)c1,4.769551079
CCN1CCN(CC1)c1nc(C)nc2sc(cc12)-c1ccccc1,5
Fc1ccccc1C(=O)Nc1ccc(-c2nnc(NCCCN3CCCCC3)o2)c(c1)C(F)(F)F,5.301029996
COc1cc(ncn1)N1C(=O)N(C(=O)C11CCN(Cc2ncccc2C)CC1)c1ccc(cc1)-c1ccc(cc1)C(N)=O,6.187086643
CN(C)CCN(Cc1ccc(Cl)cc1)c2ccccn2,6.450016389
Cl.O=C(CCc1ccccc1)c1ccccc1OCC(O)CN1CCN(C(c2ccccc2)c2ccccc2)CC1,5.585026652
CCCC[C@@H](CCO)Nc1nc(N)nc2cc(F)ccc12,5.30980392
COc1ccc2ncc(F)c([C@@H](O)CC[C@@H]3CCN(C4CC(c5cccc(F)c5F)C4)C[C@@H]3C(=O)O)c2c1,4.602059991
O=C1[C@H](CCN1c1cccc2ncccc12)NCc1cncn1Cc1ccc(cc1)C#N,5.086186148
CC(=O)NC[C@H]1CN(C(=O)O1)c1ccc(c(c1)F)n1ncc(c1)c1ccccn1,4.397940009
COc1ccc2ncc(F)c([C@@H](O)CC[C@@H]3CCN(C4CC(c5ncccc5F)C4)C[C@@H]3C(=O)O)c2c1,4.970616222
CC[C@H](C)[C@@H]1NC(=O)[C@H](Cc2ccccc2)N(C)C(=O)[C@@H](NC(=O)[C@H](Cc2ccccc2)N(C)C1=O)C(C)C,4.630784143
COCC(=O)N(Cc1ccsc1)C1CCN(CC1)[C@H](C)CCNC(=O)c1c(C)cc(Cl)nc1C,5.075720714
CC(C)N1CCC[C@H](Cn2c(C)nc3ccc(Oc4ccc(F)cc4)cc3c2=O)C1,5.795880017
CCCCCN=C(N)NN\C=C\1/C=Nc2ccc(OC)cc12,5.180002266
COc1ccc(cc1)C1(N=C(N)c2c1cccc2F)c1cccc(c1)-c1cncnc1,6.301029996
COc1ccc2c(c1)nc(C)n(-c1ccc(OC3CCN(CC3)C3CCC3)cc1)c2=O,5
CCC[C@@H](CCO)Nc1nc(N)nc2cccc(F)c12,5.050609993
Cc1nc(C)c(s1)-c1nnc(SCCCN2CCC3CC3(CC2)c2ccc(cc2)C(F)(F)F)n1C,6.22184875
Cc1ncoc1-c1nnc(SCCCN[C@@H]2CC[C@@]3(CC23)c2ccc(cc2)C(F)(F)F)n1C,6.346787486
CCOC1CN(CC1NC(=O)CNC(=O)c1cccc(c1)C(F)(F)F)C1CCC(CC1)(O)c1ccc2c(c1)OCO2,4.886056648
CC(C)(C)CCN1CCC(CNC(=O)c2cc(cc(c2)C(F)(F)F)C(F)(F)F)CC1,5.744968837
CN(C)[C@@H]1CCC[C@H]1Nc1nc(Nc2ccc(cc2)S(C)(=O)=O)ncc1C(F)(F)F,5.327902142
C[C@@H]1C[C@H](N)CN(c2ccncc2Nc2ncc3ccc(-c4c(F)cccc4F)nn23)C1,6
CCN(CC)C(=O)c1ccc(cc1)C(=C1CCN(Cc2ccc(F)cc2)CC1)c1cccc(NC(C)=O)c1,5.522878745
O=C(c1ccccc1C(F)(F)F)N(C1CNCC1)CC1CCCC1,4.869666232
CN[C@H]1CCc2cc(OC)c(OC)c(OC)c2C3=CC=C(OC)C(=O)C=C13,4.559999796
FC(F)(F)Oc1cccc(-c2c[nH]c([C@H]3Cc4c([nH]c5ccccc45)[C@@H](C4CCOCC4)N3)n2)c1,7.236572006
Fc1ccc(cc1)c1nnc(n1C)CCCCN1CC2[C@@](C1)(C2)c1ccc(cc1)C(F)(F)F,6.102372909
O=C(O)C[C@H](CN1CC[C@@H](CCc2ccc3c(n2)NCCC3)C1)c1cccc(O[C@@H]2CCOC2)c1,4.400000186
COc1ncc(cn1)-c1ccc2cc(CCN3CCC[C@H]3C)ccc2n1,4.649751982
Nc1cccc(C(Cc2cccnc2-c2cc(Cl)cc(Cl)c2)c2cccnc2)n1,4.991399828
CCc1nn(C2CCN(C(C)=O)CC2)cc1Nc1ncc(Cl)c(-c2cnn3ccccc23)n1,5.283996656
CCOc1ccccc1CC(c1ccccc1)N1CCNCC1,5.158015195
Clc1ccc(cc1)c1cc2C(NC(=O)c3cccc4c3[nH]nc4)CC(Oc2nc1c1ccc(cc1Cl)Cl)(C)C,4.522878745
CCN(CC)C(=O)c1cc(cs1)C1=CC2(CCNCC2)Oc2ccccc12,5.460923901
CS(=O)(=O)C1(CCNCC1)c1cc(nc(n1)-c1cccc2[nH]ccc12)N1CCOCC1,4.48148606
Fc1ccc(cc1Cl)C1CNCC=CC1,4.638272164
CN1CCC(COCc2cncc(Br)c2)(CC1)c1ccccc1,4.886056648
ONC(=O)C=Cc1ccc2c(c1)CN(C2)S(=O)(=O)C,4.522878745
OC(CN(Cc1ccccc1F)CCc1ccc(c(c1)Cl)Cl)COc1ccc(cc1)NS(=O)(=O)C,5.920818754
Cc1cccc(Nc2cc(N[C@@H]3CCCC[C@@H]3N)nnc2C(N)=O)n1,5
Cc1ccc(-c2cc3ncncc3c(NC[C@H]3CCCNC3)n2)cc1,5
Cc1cnc(COc2nc(N)nc3ccn(Cc4ccccn4)c23)s1,4.349692477
O[C@@]1(CC23CCC(CC2)(CO3)NCCCc2cc(F)ccc2F)Cn2c3c1c(F)cnc3ccc2=O,9
CN1C[C@@H]2CCC[C@@]2(C1)c1ccc(Cl)c(Cl)c1,5.251811973
CCS(=O)(=O)Nc1cccc(c1)C(=C2CCCCC2)c3cnc[nH]3,5
COc1cc2nnc(C(N)=O)c(Nc3ccc(C)cc3F)c2cc1N1C[C@H](C)N[C@H](C)C1,4.698970004
CCN[C@H]1CCC[C@@H](c2c[nH]c3ccc(NC(=N)c4cccs4)cc23)C1.Cl,4.787812396
ONC(=O)/C=C/c1ccc(cc1)CNCCc1c[nH]c2c1cncc2,4.301029996
Cc1cccc(c1)N1CCN(CC1)CCCCCCN1CCN(CC1)c1ccnc2c1cccc2,6.045757491
CCOc1cc(CN2CCC(COc3cccc4cccnc34)CC2)cc(OCC)c1-c1ccc(F)cc1,6.677780705
CN(C)CCCn1nc(-c2cnc3[nH]cc(C(=O)NC(C)(C)CO)c3n2)c2cc(OC(F)F)ccc12,5.200659451
Cn1c(SCCCN2CC3CCN(c4ccc(C(F)(F)F)cc4)C3C2)nnc1-c1cnccn1,6.886056648
[O-][N+](=O)c1ccc(CCN2CCN(CCc3ccc4C(=O)OCc4c3)CC2)cc1,7
COc1cc(-c2cn(C3CCc4c(ccc(Br)c4F)N(CC(F)(F)F)C3=O)nn2)ccc1-n1cnc(C)c1,6.27572413
COc1nc2ccc(Br)cc2cc1[C@@H](c1ccc(N(C)C)nc1)[C@@](O)(CCN(C)C)c1cccc(F)c1,6.050609993
O=C(O)C[C@H](CN1CC[C@@H](CCc2ccc3c(n2)NCCC3)C1)c1cccc(-n2cccn2)c1,6.100015437
Cc1nn(C)cc1-c1nc2c(N3CCN(Cc4ccc(Cl)cc4)CC3)c(Cl)cnc2[nH]1,4.602059991
OC(=O)[C@@H](CC1CCC1)N1C[C@H](CN2CCC(CC2)c2cnc3ccccn23)[C@H](C1)c1cccc(F)c1,5.568636236
Cc1nc2ccccc2n1C1C[C@@H]2CC[C@H](C1)N2CC[C@H](NC(=O)C1CCSCC1)c1cccc(F)c1,6.15490196
CC#Cc1cc(cs1)-c1[nH]nc-2c1Cc1cc(CN3CCN(C)CC3)ccc-21,5.853871964
C[C@@H]1CCCN1CCc1ccc(-c2ccc(S(=O)(=O)NC3CCC3)cc2)cc1,6.124938737
C[C@@H]1CCCN1CCc1ccc2nc(ccc2c1)-c1cnc2cc(C)nn2c1C,5.055517328
CS(=O)(=O)O.NC[C@H]1CC[C@]2(CC1)OOC1(O2)C2CC3CC(C2)CC1C3,5.744727495
COc1cnc2ccc(=O)n(CCN3CCC(CC3)c3nc4cc(ccc4[nH]3)C(F)(F)F)c2c1,6
CC1CN(CCN1S(=O)(=O)c1ccc(cc1)C(C(F)(F)F)(O)C)CC1(CC1)c1ccncc1,6.356547324
Cc1ccc(cc1)CC1CCN(CC1O)CCS(=O)(=O)c1ccc(cc1)O,5.431798276
COc1cc(NC(=O)c2ccccc2F)ccc1-c1nnc(NCCCN2CCOCC2)o1,4.801342913
NC(=O)C1CCN(CC1)c1c(Cl)cncc1Cl,5
CN1CCC(COCc2cc(cc(n2)N2CCCC2)C(F)(F)F)(CC1)c1ccccc1,5.13076828
Cc1ccc(cc1)CCCN1CCC(CC1)C(c1ccccc1)(c1ccccc1)O,6.522878745
COc1cncc(c1)-c1ccc2OC(C)(C)C3(COC3)C3(COC(N)=N3)c2c1,5
C[C@H]1N(CCn2c1nnc2-c1cccc(O)n1)C(=O)c1ccc(cc1)-c1cccs1,4.698970004
CCOC(=O)N1CCC(C)(CN2CCC3(CN(c4ncccc34)S(C)(=O)=O)CC2)CC1,5.443697499
Cc1ccc([C@H](CCN2[C@H]3CC[C@@H]2C[C@@H](n2c(C)nnc2C(C)C)C3)NC(=O)C2CCC(F)(F)CC2)s1,5.4710833
COc1ccc(cc1)C1CN(C(=O)N1CCc1ccc(cc1)OC(F)(F)F)NS(=O)(=O)C,5.251811973
Cc1cc(cc(C)c1Oc1nc(Nc2ccc(cc2)C#N)nc(N)c1Br)C#N,3.712422191
Fc1ccc2OCC(=O)N(CCN3CCC(CC3)NCc3ccc4OCC(=O)Nc4n3)c2c1,5.057991947
CO[C@H]1C[C@@H](n2c(=O)n(C)c3cnc4cc(F)c(-c5ccc(N(C)CCN(C)C)nc5)cc4c32)C1,5.244125144
O=C(Nc1ccc(F)cn1)[C@H](COCCO)Oc1ncnc2c1cnn2-c1c(F)cccc1Cl,4.499999679
CC(C)(C)n1ncc2CC3(CCN(CC3)C(=O)c3ccc4[nH]ncc4c3)CC(=O)c12,4.677780705
COc1ccc(cc1)c1noc(n1)C1=CC2(c3c1cccc3)CCN(CC2)C(=O)[C@@H]1CCCN1C,4.619788758
CCOc1cc2nnc(c(c2cc1N1CCN(CC1)C)Nc1ccc(cc1F)C)C(=O)N,4.886056648
NC1Cn2c(CC1c1cc(F)c(cc1F)F)nc1c2cc(nc1)C(F)(F)F,4.244125144
NC1CCC(CC1)N(C(=O)c1ncn(c1)C)Cc1cccc(c1)Cl,4.183096161
CN(C1CCN(CC1)C(C)=O)C(=O)N1CC(=C[C@H]1c1ccccc1)c1cc(F)ccc1F,5
CC(C)(C)CCN1CCC(CNC(=O)Cc2ccc(cc2)C(C)(C)C)CC1,6
CCN(CC)Cc1ccc2C[C@H](CCc2c1)N1CCN(CCC2CCCCC2)CC1=O,5.48148606
CCc1ccc(cc1)COC(=O)N1CCC(CC1)CNc1ncccn1,5.283996656
CC(=O)Nc1ccc2CCN(c2c1)c1cc(NC2CC2)n2ncc(C#N)c2n1,4.48148606
COc1ccc2ncc(F)c(C(C)(O)CC34CCC(NCc5ccc6c(n5)NC(=O)CO6)(CC3)CO4)c2n1,5.187086643
OCCN(C(=O)[C@H](Oc1cccc2c1c(ncn2)Nc1ccc(c(c1)C)OCc1cnccc1C)C)C,4.920818754
CCc1nc2c(n1[C@@H]1C[C@H]3CC[C@H](C1)N3CC[C@@H](c1ccc(cc1)F)NC(=O)c1cc[n+](cc1)[O-])cccc2,6.178486472
NC1=N[C@](c2cccc(F)c12)(c1ccncc1)c1cccc(c1)-c1cncnc1,5.508638306
C[C@H]1CN(C[C@@H](C)O1)c1nc(N2CCOC[C@@H]2C)c2ccc(nc2n1)-c1ccccc1,5.397940009
C[C@H](C1=C(CCN(C)C)Cc2ccccc12)c1nccs1,5.431798276
CN(C)Cc1ccccc1-c1ccc(NC(=O)Nc2cccnc2Oc2ccccc2C(C)(C)C)c(F)c1,5.26760624
CN1CCC[C@H]1Cn1nc(Cc2ccc(cc2)Cl)c2c(c1=O)cncc2,5.899629455
CC(C)Oc1cc(C2CCNCC2)ccc1Nc1ncc(Cl)c(Nc2ccccc2S(=O)(=O)C(C)C)n1,5.27572413
Cc1nc(nc(OCCCN2CCCCC2)c1Cl)-c1ccc(cc1)C(F)(F)F,9
COc1cccc(CN2CCC(CC2)NC(=O)c2cc(=O)c3ccc(F)cc3o2)c1,9
c1ccc2c3c([nH]c2c1)C(C1CCOCC1)NC(c1nc(C2CCCCC2)c[nH]1)C3,6.866461092
Cc1nc(C(=O)NCCCN2CCN(CC2)c2cccc(C)c2C)c(C)n1-c1ccc2OCCOc2c1,5.060480747
CC1(C)Cc2c(O1)cccc2CN1CCC2(CC1)CCN(CC2)C(=O)c1ccnc(N)c1,4.640164518
C[C@@H]1CN(CCN1c1ncc(OCc2ccc(OS(C)(=O)=O)cc2F)cn1)C(=O)OC1(COC1)C(F)(F)F,4.522878745
CN(C)C(=O)N1N=C(C[C@@]1(CCCN)c1ccccc1)c1cc(F)ccc1F,5.015472687
NC(=O)c1ccn(-c2cccc(OC(=O)NCCCN3CCN(c4ccccc4)CC3)c2)c1,5.450004148
N[C@H]1CCCC[C@H]1Nc1ccc(C(N)=O)c(Nc2cccc3cc[nH]c23)n1,4.522878745
CC(N1C(C(=O)NCc2ccccc2)c2ccccc2C1=O)c1ccccc1,4.48148606
CCn1cc(cn1)[C@]1(N[C@H](Cc2c1[nH]c1ccccc21)c1nc(c[nH]1)-c1ccc(F)cn1)c1nn(CC(N)=O)c(=O)o1,4.462180905
CN(c1ccc(cc1)[C@@]12C[C@@H]1CNC2)S(=O)(=O)c1ccccc1,4.199970641
OC(=O)CCNC1CC[C@]2(C1)Cc1ccccc1Cc1ccccc21,4.199970641
Cc1cc(C[C@H](CCCCNCc2ccc(F)cc2)C(=O)NO)cc(C)c1F,5.332547047
COc1cc(-c2cn(C3CCc4ccccc4N(Cc4ccncc4)C3=O)nn2)ccc1-n1cnc(C)c1,5.206209615
O=C(Nc1c(cccc1C)C)[C@H]1N(CCCC1)C,3.806318692
NC(=O)c1cccc(O[C@H]2C[C@@H]3CC[C@H](C2)N3CCc2ccccc2)c1,9
COc1ccc2ncc(F)c(CC(OCCO)C34CCC(NCc5ccc6c(n5)NC(=O)CO6)(CC3)CO4)c2n1,5.853871964
C[C@H](N1[C@H]2CC[C@@H]1C[C@H](C2)Oc1cccc(c1)C(N)=O)c1ccccc1,9
NC1=NC(c2ccccc12)(c1ccncc1)c1cccc(c1)-c1cncnc1,4.795880017
Clc1cccc(c1)N1CCN(CC1)CCCCCCN1CCN(CC1)c1cccc(c1)Cl,6.522878745
CCN1CCNC(CN2CCN(CC2)C(=O)Nc2ccc(Cl)c(Cl)c2)C1,5.050609993
CNc1cc(Nc2cnc(C#N)c(O[C@H](C)CN(C)C)n2)ncc1C(=O)OC,5.301029996
O=c1[nH]c2ccccc2n1C1CCN(CCOc2ccccc2)CC1,5.677780705
Clc1ccc(cc1Cl)C1CCCCNC1,5.214670165
FC1CCN(CCCCNc2nnc(o2)-c2ccc(NC(=O)c3ccccc3F)cc2)CC1,4.801342913
Fc1ccc(cc1)N(CCNCCc1ccccc1)c1ccc(F)cc1,9
COc1cc(ccc1-n1cnc(C)c1)-c1cn(CC(=O)N(c2ccccc2)c2ccccc2)nn1,5.522878745
c1ccc([C@]2(CCNCc3cccs3)CCOC3(CCCC3)C2)nc1,5.638272164
Nc1nc2cc3CCN(CC(F)(F)F)CCc3cc2s1,4.48148606
COc1ccc(CCNC(=O)c2ccc(OCCC(F)(F)F)nc2)c(c1)-c1cnc(OC)nc1,5.200659451
OC(=O)[C@]12C[C@H]1CN(C2)C1CC[C@@]2(C1)Cc1ccccc1Cc1ccccc21,4.400116928
Cn1cc(cn1)-c1cnc2ccc3ccc(NS(=O)(=O)N4CCC4)cc3c(=O)c2c1,4.522878745
FC(F)(F)Oc1ccc(CNC(=O)C2N(C3CCC(F)(F)CC3)C(=O)c3ccccc23)cc1,4.853871964
COCCNCCC(=O)N[C@H]1c2ccccc2C[C@@H]1NC(=O)c1cc2ccccc2n1C,5.799998135
COc1cc(ccc1SC)Oc1ccncc1CN(C)C,5.616184634
CC(C)(C)c1cc(C(=O)Nc2nc(CN)cs2)n(Cc2ccccc2)n1,5.431798276
C[C@@H]1CNC[C@H]2Cc3ccc(COCC4CC4)nc3N12,4.522878745
COc1ccc2nccc(NC(=O)[C@@]3(O)CC[C@@H](CC3)NCc3cc4OCCOc4cn3)c2c1,3.698970004
CCN1CCCC(C1)OC(=O)C(c2ccccc2)c3ccccc3,6.160019442
CC1CCCN(C1C)C(=O)c1csc(n1)Nc1ccc(cc1)C,4.301029996
CN(C)CCOC(c1ccccc1)c2ccccc2.CN3C(=O)N(C(=O)[O-])c4nc(Cl)[nH]c4C3=O,5.0400004
CO[C@H]1C[C@@H](n2c(=O)n(C)c3cnc4cc(F)c(-c5ccc(NCCN(C)C)nc5)cc4c32)C1,4.619788758
c1cncc(-c2c[nH]c([C@H]3Cc4c([nH]c5ccccc45)[C@@H](C4CCOCC4)N3)n2)c1,5.568475416
CN(C)Cc1ccc2CN(CCc2c1)C(=O)c1cc2cc(Cl)ccc2n1C,5.30980392
CN1CCC(COCc2cc(cc(Cl)n2)C(F)(F)F)(CC1)c1ccc(F)cc1,5.22184875
COCCNc1nc(c2ccc(cc2Cl)Cl)c2c(n1)N(C(=O)NC2)c1c(Cl)cccc1Cl,5.522878745
Cc1ccc2Nc3nc(ccc3CN(c2c1C)S(=O)(=O)c1ccc(cc1)C(C)(C)C)C(F)(F)F,5
Cc1c([C@@H](O)CN2CCC3(CC2)CCN(c2cnsn2)C3=O)ccc2c1COC2=O,5.214670165
Cc1cc(Nc2ccccc2)nc(NCc2ccc3OCOc3c2)n1,5.022276395
O=c1ccc(n[nH]1)-c1ccc(OC2CCN(CC2)C2CCC2)nc1,5.045757491
COc1ccc2CCCC3(CCN(CCCSc4nnc(-c5ocnc5C)n4C)C3)c2c1,5.200659451
CN(CCN1CCN(C1=O)c1cccc(Cl)c1)Cc1cc2ccccc2s1,5.801342913
CN1Cc2ccccc2[C@@H](c2ccccc2)N=C1OCc1ccc(NS(C)(=O)=O)cc1.O=C(O)/C=C/C(=O)O,4.420216403
COc1ccccc1c1oc2c(n1)c(ccc2)C(=O)NC1CN2CCC1CC2,6.698970004
C[C@@H]1CN(c2nc(C(F)(F)F)no2)CCN1c1ncc(OCc2ccncc2C#N)cn1,5.229147988
COc1cc(F)c2nccc(NC(=O)[C@@]3(O)CC[C@@H](CC3)NCc3cc4OCCOc4cn3)c2c1,3.946921557
Cc1nc2ccccc2n1C1CC2CCC(C1)N2CCC1(CCN(CC1)C(=O)c1cc(c(F)cc1Cl)S(N)(=O)=O)c1cccc(F)c1,4.500312917
CC(CN(C(=O)c1ccccc1c1ccccc1)C1CNCC1)C,5.841637508
Cn1cnc(c1)C(=O)N(C[C@H]1[C@@H]2CN(CC3CC3)C[C@H]12)Cc1cccc(OC(F)(F)F)c1,6.301029996
Cc1nocc1C(=O)Nc1ccc(c(N)n1)-c1ccccc1OC(F)(F)F,4.522878745
C[C@@H](N[C@@H]1CCCc2c1[nH]c1ccc(Br)cc21)c1ccccc1,5.769551079
CNC(=O)Nc1ccc(O)cc1OC[C@@H](O)CN1CCC2(CC1)Cc1cc(Cl)ccc1O2,5.337242168
Clc1ccc(c(c1)F)Oc1ncc2c(c1)c(=O)n(c(n2)C)CC1CCCN(C1)C(C)C,6.886056648
O=C1N(C=Cn2c1nc(c2)C)CC1(CC1)c1ccccc1,4
Clc1cccc(Cl)c1COc1nnc(COc2ccccc2\C=C2\SC(=O)NC2=O)o1,4.537602002
CCN1CCN(CC1)Cc1cnc(c(c1)C#N)c1ccc(cc1)C(=O)Nc1ccccc1N,4.602059991
CC(C)c1cc(CN2Cc3ccccc3S2(=O)=O)nn1-c1ccc(F)cc1,4.832682665
CCSc1ccc([C@H](c2cc3cc(Br)ccc3nc2OC)[C@@](O)(CCN(C)C)c2cccc(F)c2)cn1,6.337242168
COc1ccc2[C@H](OC(=O)c2c1OC)[C@@H]3N(C)CCc4cc5OCOc5cc34,5.239999953
CNC(=O)c1cccc(c1)C1CCN(CC1)[C@@H]1C[C@H]2OCC[C@]2(C1)C(=O)N1COc2ccc(cc2C1)C(F)(F)F,5.508638306
O=C1O[C@@H](CC)[C@](O)(C)[C@H](O)[C@H](C)C(=O)[C@H](C)C[C@@](OC)(C)[C@H](O[C@H](O[C@H](C)C[C@H]([N@@H+](C)C)[C@@H](O)2)2)[C@@H](C)[C@@H](O[C@H](O[C@@H](C)[C@H](O)[C@@](OC)(C)C2)2)[C@@H](C)1,4.229147988
ONC(=O)CCCCCCC(=O)Nc1ccc2ccnc(Nc3cccc(Cl)c3F)c2c1,4.397940009
Cc1ncoc1-c1nnc(SCCCN2CCc3ccc4oc(nc4c3CC2)C(C)(F)F)n1C,5.602059991
Cn1cc(Cl)c(n1)C(=O)N1CCN(CC(=O)c2ccc(F)cc2)CC1,4.522878745
CS(=O)(=O)N(CC(=O)NCC1CC1)c1cc(ccc1Cl)C(F)(F)F,5
Cn1c(SCCCN2CC[C@]3(C[C@@H]3c3ccc(C(F)(F)F)cc3)C2)nnc1C1CC2CCC(C1)O2,5.610001577
COC(=O)N1CCc2c(C1)nc(C)n2[C@@H]1C[C@@H]2CC[C@H](C1)N2CC[C@H](NC(C)=O)c1cccc(F)c1,5.698970004
N#Cc1ccccc1OCC(CNC(Cc1ccc2c(c1)cccc2)(C)C)O,5.494850022
S=C1N=CNc2nc[nH]c12,5.219999702
CNc1nc(NCCCN(C)C)c2sc(-c3ccc(OC)nc3)cc2n1,5.167491087
CS(=O)(=O)c1ccc(CC(N2CCC(CN3CCC(CC3)Oc3ccc(CO)c(Cl)c3)CC2)C(O)=O)cc1,1.070000019
O=C1N(CCN2Cc3ccccc3C2)CCN1c1ccc2sccc2c1,5.699991797
C[C@H](O)C(=O)N1CC[C@@H](C1)N(Cc1cc(Cl)ccc1Cl)c1ccc(C#N)c(Cl)c1,5.657577319
Cn1c(CCCCN2CC3[C@@](C2)(C3)c2ccc(cc2)C(F)(F)F)nnc1c1ccccc1Cl,5.899629455
C[S+]([O-])c1ccc(-c2cnc3ccc(Nc4ccc(S(C)(=O)=O)cc4)nn23)cc1,4.583359493
C[C@@H]1COCCN1c1nc(cc2n(C)cnc12)-c1cncc2[nH]ccc12,4.886056648
ONC(=O)\C=C\c1ccc2CN(Cc2c1)S(=O)(=O)c1ccncc1,4.522878745
CCC1(NC(=O)N(C)C1=O)c2ccccc2,4.959999286
CCN(CC)C(=O)c1ccc(C2=CC3(CCNCC3)Oc3ccccc23)c(O)c1,4.366531544
N#Cc1cnc(s1)Nc1ncnc(c1)N1CCN(CC1)CCN1CCOCC1,5.301029996
Cc1nc(cs1)-c1nnc2CN(CCn12)C(=O)c1ccc(cc1)-c1cccs1,4.576754126
OC(=O)c1ccc(NC(=O)[C@H](C2CCCCC2)n2c(nc3ccccc23)-c2ccc(Cl)cc2)c(c1)C(F)(F)F,4.698970004
O=C(Nc1ccccc1N1CCCC1=O)COc1c(ccc2c1cccc2)C(=O)NCc1ccccc1,4.877456476
CCNC1CCCC(C1)c1c[nH]c2c1cc(cc2)NC(=N)c1cccs1,4.787812396
c1ccc(cc1)OCC#Cc1scc(c1)c1n[nH]c2c1Cc1c2ccc(c1)n1nncc1,5
O=C(N1CCC(C1)NC1CCC(CC1)(O)c1ccc(cn1)c1ncccn1)C1CCN(CC1)c1nccc(n1)C(F)(F)F,4.585026652
c1ccc2c3c([nH]c2c1)[C@@H](C1CCOCC1)N[C@@H](c1nc(-c2ccncc2)c[nH]1)C3,5.123897679
C[C@@H](NC(=O)Cc1ccc(cc1)C1CC1)c1ccc(OCC(F)(F)F)cn1,5
O1[C@H](CC)[C@](O)(C)[C@H](O)[C@@H](C)[C@@H]([NH3+])[C@@H](C[C@@](O)(C)[C@H](O[C@@H]2O[C@@H](C[C@H]([NH+](C)C)[C@@H]2O)C)[C@@H](C)[C@H](O[C@@H]2O[C@@H](C)[C@H](O)[C@](OC)(C2)C)[C@H](C)C1=O)C,3.562407968
FC(F)(F)c1ccc(cc1)-n1ccc(CN2CCC(CC(=O)N3CCN(CC3)C(=O)N3CCCC3)CC2)c1,4.853871964
COc1cc2ccc(C#N)cc2cc1[C@@H](c1cccc(F)c1)[C@@](O)(CCN(C)C)c1cccc2ccoc12,6.22184875
OC(=O)[C@H](Cc1ccc(cc1)C#N)N1CCC(CN2CCC(CC2)Oc2ccc(Cl)c(Cl)c2)CC1,5.301029996
CC(Oc1ccc(cc1C(=O)N1CCN(CC1)c1ccc(cc1)C(F)(F)F)S(C)(=O)=O)C(F)(F)F,5
C[C@@H]1CCCN1CCc1ccc(cc1)-c1ccc(cc1)S(=O)(=O)CCO,5.113509275
Cn1c(SCCCN2CC[C@]3(C[C@H]3c3ccc(C(F)(F)F)cc3)C2)nnc1-c1csnn1,6.950007143
NC(=O)Nc1ccccc1OC[C@@H](O)CN1CCC2(CC1)Cc1cc(Cl)ccc1O2,6.397940009
Cc1ccc2[nH]c(=O)n(C3CCN(CC3)C3CCOCC3)c2c1,4.600326279
FC(Oc1ccc2c(c1)CC(=CC2=O)C(=O)NC1CCN(CC1)Cc1ccc2c(c1)OCO2)F,5.443697499
O=C/1N/C(=N\C=C\1)NCC5CCN(c3nc2ccccc2n3Cc4ccc(F)cc4)CC5,6.356547324
Cn1c(SCCCN2CC3CCN(c4cccc(F)c4)C3C2)nnc1-c1cnccn1,6.7000571
Cc1cccc(n1)N1CCN(CC1)CCCCCCN1CCN(CC1)c1ccccc1,5.193820026
FC(F)(F)Oc1cccc(c1)-n1nnc2ccc(NCC3CCNCC3)nc12,5
CC1(C)Oc2ccc(cc2C2(CSC(N)=N2)C11COC1)-c1cncnc1,5
CC(=O)Nc1ccc2c3c(cccc13)C(=O)N(CCCCN1CCC(Nc3nc4ccccc4n3Cc3ccc(F)cc3)CC1)C2=O,6.739928612
Fc1ccc(cc1)CCN1CCN(C(=O)C1)[C@H]1CCc2c(C1)ccc(c2)CNCC(F)(F)F,5
COc1cc(C)nc(Nc2cc(N[C@@H]3CCCC[C@@H]3N)cnc2C(N)=O)c1,5.769551079
COc1cc(ccc1C#N)C(C)CN1CCN(CCc2ccc3C(=O)OCc3c2C)CC1,5.958607315
NC(=O)c1cc2cc(ccc2[nH]1)C1(Cc2ccccc2)CCNC1,5
Clc1ccc(cc1)COc1ccn(c(=O)c1)c1ccc2n(c1)c(C)c(n2)C1CC1,5
Cc1c(C(F)CN2CCN(CC(F)c3ccc4c(c3C)COC4=O)CC2)ccc2c1COC2=O,4.397940009
COc1cccc(-n2cc3nc(-c4ccccc4C)n(CC4CCCN(C(C)C)C4)c(=O)c3n2)c1,4.823908741
CNc1nn2cc3CN(C)CCc3nc2c1S(=O)(=O)c1ccccc1,6.301029996
OC(=O)C1(CCC1)CC1CCC(CC1)CNC(=O)n1c(=O)n(c2c1cccc2)C(C)C,4.244125144
OCC1NC(=NC1(c1ccc(cc1)F)c1ccc(cc1)F)c1nccc(c1)C#N,5.214670165
CC(C)(C)c1ccc(CN2CCC3(CCCCO3)CC2)cc1,4.801342913
COc1ccc(CCN2CCN(CCc3ccc(cc3)[N+]([O-])=O)CC2)cc1,9
N[C@H]1CCCC[C@H]1Nc1ccc(C(N)=O)c(Nc2cccc(c2)-n2nccn2)n1,5.070581074
Clc1cccc(c1)N1CCN(CCN2CCCC(C2)OCc2ccccc2)C1=O,7.102372909
N#Cc1cnc(cn1)Nc1ncc(c(c1)NC[C@@H]1CNCCO1)c1cccc(c1)F,5.091514981
COc1cccc2nc(ccc12)C#Cc1ccccc1,4.209714836
CS(=O)(=O)c1ccc(cc1)-c1cnn2ccc(cc12)-c1cccc(c1)S(=O)(=O)C1CC1,5.853871964
COc1ccc(cc1)[C@H](N[C@@H]1CC[C@@H](C(=O)N2CCC(CC2)(C(=O)N2CCCC2)c2ccccc2)C(C)(C)C1)C(F)(F)F,5.13076828
FC(F)(F)Oc1ccc(CNC(=O)C2N(C3CC(F)(F)C3)C(=O)c3ccccc23)cc1,4.638272164
Cn1cnc(c1)C(=O)N(Cc1ccc(F)c(c1)C(F)(F)F)[C@@H]1C[C@@H]2CNC[C@@H]2C1,5.366531544
COC(=O)c1coc(CN2CCN(CC2)C(=O)CC(c2ccc(F)cc2)c2ccc(cc2)C(F)(F)F)n1,5.420216403
COC(=O)N[C@@H](C(C)C)C(=O)N1C[C@@H](C)C[C@H]1c1ncc([nH]1)-c1ccc(cc1)-c1ccc(s1)-c1cc2[nH]c(nc2s1)[C@@H]1C[C@H](C)CN1C(=O)[C@@H](NC(=O)OC)C(C)C,4.600326279
Cc1sc(nc1COc1cccc(CN(CC(O)=O)C(=O)Oc2ccc(C)cc2)c1)-c1ccc(Cl)cc1,5
C[C@H](O)CN(CCc1ccc(Cl)cc1)C1CCN(c2nc(N)n[nH]2)CC1,4.853871964
CC(C)N1CCN(CC1)C(=O)c1ccc(CN2CCCCC2)cc1,4.522878745
Oc1ccc(c(F)c1)-c1ccc2[nH]nc(-c3cncc(O[C@H]4CNCCC44CC4)n3)c2c1,6.096910013
O[C@@]1(CC23CCC(CC2)(CO3)NCc2ncc3OCCOc3c2C#N)Cn2c3c1c(F)cnc3ccc2=O,4.22184875
COc1ccc(cc1)-n1cnc2c(csc2c1=O)-c1ccccc1,4.966576245
CN([C@@H]1CCN(Cc2ccc(cc2)C(F)(F)F)C[C@@H]1F)C(=O)Cc1ccc(cc1)S(C)(=O)=O,5.37675071
OCCc1cc(cc(c1)C(F)(F)F)S(=O)(=O)N1CCN(CC1)C(=O)C1CC1c1ccc(cc1)C(F)(F)F,6.045757491
CC(C)n1cc(Nc2nc(N)nc(-c3cccc(-n4ccc5cc(C6CC6)cc(F)c5c4=O)c3CO)n2)cc1C#N,4.522878745
Cc1nnc(o1)-c1ccc(CN2C[C@H](N)[C@@H](C2)C(=O)N2CCC[C@H]2C#N)cc1,3.782516056
CN(CCOc1ccc(cc1)-n1ccc(OCc2ccccc2)cc1=O)Cc1ccccc1,9
Cc1nnc(C(C)C)n1[C@H]1C[C@@H]2CC[C@H](C1)N2CC[C@H](NC(=O)C1CCCCC1)c1cccs1,5.68613278
C[C@]12CCC(F)=C[C@H]1C[C@@H](N1CCC[C@@H](N)C1)[C@@H]2Oc1ccc(C#N)cc1,5.065501549
NC1(CCN(CC1)c1ncnc2[nH]ccc12)C(=O)NC(CS(N)(=O)=O)c1ccc(Cl)cc1,4.477555766
O=C(C(c1ccccc1)NC1CC1)Nc1cc2cc[nH]c(=O)c2cc1Cl,4.522878745
ONC(=O)C=Cc1ccc(cc1)CNCCc1c2ccccc2[nH]c1C(C)(C)C,5.127843727
N[C@@H]1CC[C@@H](n2cc(-c3ccc4cc[nH]c4c3)c(C(F)(F)F)n2)C1,4.769551079
Fc1ccccc1C(=O)N1CCC(CCN2CC[C@H](C2)NC(=O)CNC(=O)c2cccc(c2)C(F)(F)F)CC1,5
S1[C@@H](NC=C1[C@@H](c1cc(OC(C)C)c(OC(F)F)cc1)c1cc[n+]([O-])cc1)C(O)(C(F)(F)F)C(F)(F)F,4.677780705
CO[C@@]12CC[C@@]3(C[C@@H]1[C@](C)(O)C(C)(C)C)[C@H]1Cc4ccc(O)c5O[C@@H]2[C@]3(CCN1CC1CC1)c45,5.119186408
O=C1c2ccccc2C(Cc2c(F)cncc2F)(Cc2c(F)cncc2F)c2ccccc21,4.920818754
CCOC(=O)N1CCC(O)(CN2CC[C@@H](C2)N2C(=O)Cc3ccccc23)CC1,5.408935393
COc1ncc(-c2ccc3ncnc(-c4cccc(C(=O)N5CCN(C)CC5)c4)c3c2)cc1C#N,4.958607315
Cc1c(ncn1Cc1cccc(c1)C(F)(F)F)C(=O)Nc1ccn(C)n1,4.539102157
OC1CCCCC1N2CCC(CC2)c3ccccc3,4.749999856
CCOc1c([C@H](C)n2nc(C)c3c(N)ncnc32)cc(Cl)c(F)c1[C@@H]1CNC(=O)C1,4.124938737
CCC#CC[C@H](C)[C@H](O)/C=C/[C@H]1CCC(=O)N1CCCCCCC(=O)O,4.537602002
CO[C@@H]1COCC[C@@H]1N[C@@H]1CC[C@](C1)(C(C)C)C(=O)N1CCN(CC1)c1cncc(n1)C(F)(F)F,5.119186408
CC(C)C1=NC(N=C1N)(c1ccccc1)c1cccc(c1)-c1cncnc1,4.48148606
COCCOCC#Cc1cc(cs1)-c1[nH]nc-2c1Cc1cc(Cn3cncn3)ccc-21,4.096910013
Cc1c(Cl)ccc(OC2CCN(C[C@H](O)CNC(=O)c3c[nH]c(=O)c4cc(ccc34)S(C)(=O)=O)CC2)c1Cl,4.500312917
CN1CCN(CC1)c1cccc2OC[C@H](Cc12)NC(=O)c1ccc(OCCC(F)(F)F)nc1,4.900001867
Clc1cccc(c1)N1CCN(CCN2C[C@H]3CC[C@@H]2C3)C1=O,4.900001867
Fc1ccc(cc1)C(=O)CCC[N@H+](CC=C([N+]1=C2C=CC=CC2=NC1=O)CC1)1,7.494850022
OC(=O)c1ccc(cc1)N1N=C(CC1c1ccc(F)cc1)c1ccc2[nH]c(=O)oc2c1,4.522878745
CNC(=O)c1ccc(Nc2ncc(F)c(n2)-c2cnc(C)n2C(C)C)cc1,4.920818754
CC(C)NC(=O)NS(=O)(=O)c1ccc(OCCCCN2CCCC2)cc1,4
CCn1cc(cn1)[C@]1(N[C@H](Cc2c1[nH]c1ccccc21)c1nc(c[nH]1)-c1ccc(F)cn1)c1nnc(S)o1,4.982966661
Nc1nc2ccc(OCC(F)(F)F)nc2n1CC(O)c1ccc(cc1Cl)C(F)(F)F,4.477555766
ONC(=O)c1cccc(c1)C(=O)N1CCC(CC1)(CCN1[C@@H]2CC[C@@H]1C[C@@H](C2)n1c(C)nc2c1cccc2)c1ccccc1,4.096910013
Clc1ccc(cc1)C(=O)C1CC[N+](CC1)(CCc1ccccc1)Cc1ccccc1,8
COc1cccc2c1OC(C(C)S2(=O)=O)c1ccc(OCCCN2CCC[C@@H]2C)cc1,5.420216403
c1ccc2c3c([nH]c2c1)C(C1CCOCC1)NC(c1nc(C24CC5CC(CC(C5)C2)C4)c[nH]1)C3,6.295849483
CS(=O)(=O)Nc1ccc(c(F)c1)-c1ccc2[nH]nc(-c3cncc(O[C@H]4CNCCC44CC4)n3)c2c1,5.638272164
CCCCCCCN(CCCC(c1ccc(cc1)Cl)O)CC,7.091514981
Cl.O=c1n(C[C@@H](O)CO)c2ccccc2n1C1CCN(C[C@H]2[C@H]3CC[C@H](C3)C23CC3)CC1,4.602059991
O=C1OCc2cc(CCC3(O)CCN(C(=O)Cc4ccc(-n5cnnn5)cc4)CC3)ccc21,5.187086643
CN(C)c1ncc(cn1)[C@H]1CC[C@@H](CC1)N1CC(C1)NC(=O)CNC(=O)c1cccc(c1)C(F)(F)F,5.008773924
CN(C)CCCOc1nn(Cc2ccccc2)c3ccccc13,5.250001023
Cc1ncccc1N1C[C@@]2(CC[C@@H](CC2)c2nc3ccc(OC(F)(F)F)cc3[nH]2)OC1=O,4.300162274
C[C@H]1Cn2c(nnc2-c2cnccn2)C(=O)N1Cc1cccc(c1Cl)C(F)(F)F,5
[NH3+][C@H]1Cn2c(C[C@@H]1c1cc(F)c(F)cc1F)nc1ccc(F)cc21,4.769551079
O=C1OCc2cc(CCC3CCN(C(=O)Cc4ccc(-n5cnnn5)nc4)CC3)ccc21,5.26760624
Fc1ccc(cc1)C(CCCCC(=O)N1CC[C@@H](CNC(=O)c2cc(cc(c2)C(F)(F)F)C(F)(F)F)C1)c1ccc(F)cc1,6.124938737
Cc1c(cc(-c2ccccc2)n1C)C(=O)NCCCN1CCN(CC1)c1cccc(Cl)c1Cl,7
CC(C)C1=C(CN(C)C(C)Cc2ccccc2)N(C)N(C1=O)c3ccccc3,4.670000424
CC(C)COc1cccc(/C=C2\SC(=O)NC2=O)c1N1CCC[C@@H](N)C1,4.638272164
CN1CCN(CC1)c1cccc2c1CC(CO2)NC(=O)c1nn(nc1C)c1ccc(cc1C)C,5
O=C(NC1CC1c1ccccc1)N1CCC(CC1)c1nnco1,4.568636236
NC(=O)Nc1sc(cc1C(=O)N[C@H]1CCCNC1)-c1ccccc1,4.500312917
CC[C@@H]1CN2CCc3c([C@H]2C[C@H]1C[C@@H]1NCCc2c1cc(OC)c(c2)O)cc(c(c3)OC)OC,5.27572413
NS(=O)(=O)c1ccc(Oc2cnc3ccc(=O)n(CCN4CCC(CC4)c4nc5cc(Cl)ccc5[nH]4)c3c2)cc1,4.48148606
COc1ccc2ncc(F)c(CCC34CCC(CC3)(CO4)N(C)C(=O)c3ccc4OCC(=O)Nc4n3)c2n1,4.522878745
CS(=O)(=O)c1ccc(-c2noc([C@@H](CC3CC3)[C@H](N)C(=O)N3CC[C@H](F)C3)n2)c(F)c1.O=C(O)C(F)(F)F,4.232844134
CN(C1CCN(Cc2ccc(nc2)C(F)(F)F)CC1)C(=O)Cc1ccc(cc1)-n1cnnn1,4.886056648
COc1cc2nnc(c(c2cc1N1CCN(CC1)C)Nc1cccc(c1F)Cl)C(=O)N,5
CN(C/C=C/c1ccc2ccccc2c1)Cc1ccc2c(c1)CCO2.Cl,5.173925197
O=C(CN1C(OC2(C1=O)CCCCC2)c1cc(F)cc(c1)F)Nc1ccc2c(c1)C[C@@]1(C2)C(=O)Nc2c1cccn2,4.853871964
Clc1cccc(OC([C@@H]2CCCNC2)c2cccnc2)c1Cl,5.180456064
OC[C@H]1O[C@H](C[C@H]1N=[N+]=[N-])N2C=CC(=O)NC2=O,5.119998612
CN1CCc2cccc-3c2[C@H]1Cc1ccc(O)c(O)c-31,5.619788758
CN1C(C)(C)CC(Nc2nc3c(-c4ccc(C(=O)N5C[C@@H]6C[C@H]5CO6)cc4)cnn3c(N)c2-c2ccccc2)CC1(C)C,5.327902142
c1cncc(C(Cc2ccccc2-c2ccncc2)c2cccnc2)c1,4.655607726
O=C(COc1ccc(cc1)NS(=O)(=O)C)NCCCc1ccc(c(c1)Cl)Cl,4
Cn1cnc(S(=O)(=O)NCCOc2ccc3c(c2)[C@@H](Cc2ccccc2)[C@@H](N2CCC2)CC3)c1,4.823908741
NC1=NC2(CO1)c1cc(ccc1OC1(CCC1)C21COC1)-c1cccnc1F,5
CC(=O)Nc1cccc(Nc2ncnc(n2)N2CCC(CC2)OCc2ccc(C)cc2)c1C,5.721246399
O=C1[C@H]2[C@@H]3CC[C@@H](C3)[C@H]2C(=O)N1CCCCN1CCN(c2cccc3sccc23)CC1,5.123782159
C(N1CCN(Cc2ccccc2)CC1)c1nc(no1)-c1ccccc1,4.896196279
O[C@@]1(CC23CCC(CC2)(CO3)NC\C=C\c2c(F)cccc2F)Cn2c3c1c(F)cnc3ccc2=O,9
NCCC(c1ccno1)Oc1nc(ccc1C#N)C(F)(F)F,5
COc1ccc2ncc(F)c(C(=O)CC34CCC(NCc5ccc6c(n5)NC(=O)CO6)(CC3)CO4)c2n1,5.431798276
Fc1cc2c3N(C=C(C(=O)[O-])C2=O)[C@@H](COc3c1N1CC[NH+](CC1)C)C,2.850165396
Cc1cc(cnc1C(=O)Nc1ccc2OCC3(CC3)C3(COC(N)=N3)c2c1)C#N,5
Clc1cc2N(O)[C@H]([NH+]3CC[NH+](CC3)C)c3c(Nc2cc1)cccc3,3.875169851
O=C(O)c1cccc(-c2c[nH]c([C@H]3Cc4c([nH]c5ccccc45)[C@@H](C4CCOCC4)N3)n2)c1,6.076238039
COc1ccc(C(=O)Nc2ccc(OC(F)(F)F)cc2)cc1-c1cncnc1,5.958607315
N[C@@H](Cn1c2cc(F)ccc2ncc1=O)[C@H]1CC[C@@H](CC1)NCc1ncc2OCC(=O)Nc2n1,3.477555766
CN(Cc1ccc(C(F)(F)F)nc1)c1cc(C(=O)Nc2nncs2)ncn1,4.853871964
COc1ccc2ncc(C#N)c(CC(O)C34CCC(CC3)(CO4)NCc3ccc4OCC(=O)Nc4n3)c2n1,9
CC(C)Cc1ccc2nn(C)cc2c1NS(=O)(=O)c1ccc(CCCOC[C@@H]2CCCN2C)cc1,5.522878745
COc1cnc(cn1)-c1ccccc1CCNC(=O)c1ccc(OCCC(F)(F)F)nc1,4.700000504
COc1ccc(cc1)-n1cnc2c(sc3nccc(NCC#C)c23)c1=O,4.508638306
Clc1cc2c([nH]c(-c3ccccc3)c2[C@@H]2C[NH2+]CC[C@@H]2F)cc1,5.15490196
C[C@@H]1Oc2ccc(cc2[C@@]2(COC(N)=N2)C11COC1)-c1cncnc1,5
O=C1[C@@H](CCc2c(N1CC(F)(F)F)cccc2F)n1nnc(c1)c1ccc(cc1F)n1cnc(c1)C,5.045757491
COC[C@H](C)Oc1cc(Oc2ccc(C(=O)N3CCC3)nc2)cc(C(=O)Nc2cnc(C)cn2)c1,4.397940009
CC[C@@H]1NC(=NC1(c1ccc(F)cc1)c1ccc(F)cc1)c1cc(ccn1)C#N,6.30980392
Cc1nc(Nc2cc(N[C@@H]3CCCC[C@@H]3N)nnc2C(N)=O)ccc1Cl,5.399996913
CN([C@@H]1CCN(C1)C1CCCCC1)C(=O)c1ccc(cc1)-n1c(C)nc2ccccc12,5.552841969
COc1cccc(c1)[C@@]12CN(C[C@H]2C1)CCCSc1nnc(n1C)c1ocnc1C,5.801342913
Cc1ncccc1-c1nnc(SCCCN2C[C@@H]3C[C@@]3(C2)c2ccc(cc2)C(F)(F)F)n1C,5.568636236
CCCN(c1cccc(c1)S(C)(=O)=O)P(=O)(c1ccccc1)c1ccccc1,4.48148606
Clc1cccc(c1)N1CCN(C1=O)CCN1CCC23C1CC(C3(C)C)CC2,6.102372909
Cl.CCOC[C@@H](CC(C)C)NC(=O)[C@@H]1CNC[C@@H](C1)C(=O)N(C1CC1)c1cc(OCCCOC)c(cn1)C(C)C,4.522878745
Cc1ncoc1-c1nnc(SCCCN2CCC3CC3(C2)c2ccccc2)n1C,5.200659451
COc1cc2CCN(C)[C@@H]3Cc4ccc(O)c(Oc5cc6[C@@H](Cc7ccc(Oc(c1O)c23)cc7)N(C)CCc6cc5OC)c4,5.130000141
N[C@@H]1CO[C@@H]1COc1ccc2ncc(F)c(CCC34CCC(CC3)(CO4)NCc3ccc4OCC(=O)Nc4n3)c2n1,5.48148606
Cc1c(cc(n1C)C(C)(C)C)C(=O)NCCN1CCN(CC1)c1cccc(Cl)c1Cl,5.161150909
CN1CCN(Cc2ccc3oc(cc3c2)-c2cncc(C#N)c2Nc2ccc3[nH]ccc3c2C)CC1,4.522878745
Cc1cc(=O)n2nc(N3CC[C@H](c4cc(F)c(F)cc4F)[C@@H](N)C3)ccc2n1.O=C(O)C(F)(F)F,4.478861916
Oc1ccc(Cn2c(-c3cscn3)nc3ccccc32)c2cccnc12,4.744727495
CN([C@H]1CCNC1)C(=O)c1ccccc1Oc1ccccc1,5.036212173
CC(C)(C)c1[nH]c2ccccc2c1C1CCCN(Cc2ccc(\C=C\C(=O)NO)cc2)C1,4.869666232
Fc1ccc(-c2nc(N3CCOCC3)sc2-c2ccnc(Nc3ccc(N4CCNCC4)cc3)n2)cc1,5.26760624
Cc1cnc(cn1)c1nnc(n1C)CCCCN1CC2[C@@](C1)(C2)c1ccc(cc1)C(F)(F)F,6
CC(Cc1ccccn1)N1C(C(=O)NCc2ccc(OC(F)(F)F)cc2)c2ccccc2C1=O,5.065501549
O=C(NC1(CC1)C#N)[C@@H]1CCCC[C@H]1C(=O)N1CCN(CC1)c1nccs1,4
C[C@H]1OC(=O)[C@]2(CCC(N)=O)CC(F)(F)[C@@H](C)[C@H](\C=C\c3ccc(cn3)-c3cccnc3C#N)[C@H]12,4.22184875
CS(=O)(=O)N1CCN(C(=O)c2cnc3ccc(F)cc3c2-c2ccc(C3(C#N)CC3)cc2)CC1,4.960982678
Cc1ncc(CNC2CCN(CCn3c4ccc(=O)n(C)c4ccc3=O)CC2)cc1C#N,4.48148606
Fc1cc2[nH]c(C3CCCCCC3)c(c2cc1)[C@@H]1C[NH2+]CC[C@@H]1F,5.26760624
Cc1c(CN[C@H]2CC[C@@H](F)C2)nn(c1-c1ccc(C)nc1)-c1ncccc1Cl,4.537602002
C(N1CCC(CC1)Oc1ncnc2n(Cc3ccccc3)ccc12)c1cscn1,6.119186408
CC(C)S(=O)(=O)N[C@H]1CN(C)C[C@@H]1c1ccc(cc1)-c1ccc(cc1)C#N,5.698970004
COc1c(C)cc(cc1C)[C@]1(N=C(C)C(N)=N1)c1cccc(c1)-c1cncnc1,4.48148606
COc1ccc2ncc(F)c(C(CO)CC34CCC(NCc5ccc6c(n5)NC(=O)CO6)(CC3)CO4)c2n1,4.958607315
Cn1c(SCCCN2C3CCC2CC(C3)c2cccc(c2)C(F)(F)F)nnc1c1ocnc1C,6.301029996
CCCCCCCN(CC)CC#Cc1ccc(Cl)cc1,5.389339837
ONC(=O)C=Cc1ccc(cc1)CNCCc1c([nH]c2c1cccc2)c1ccccn1,5.812479279
COc1ccc2ncc(F)c(C[C@H](O)C3CCC(CO3)NCc3nc4NC(=O)COc4cc3F)c2n1,5.619788758
O=C1COc2ccc(CNC3CCN(CCn4c5cc(Oc6ccon6)cnc5ccc4=O)CC3)nc2N1,4
COCCN(c1cccnc1)P(=O)(c1ccccc1)c1ccccc1,4.48148606
N#Cc1ccc(cc1)Cn1cncc1CNC1CCN(C1)C(=O)c1cccnc1N,4.301029996
[2H]C(Nc1cc(C(F)(F)F)cc2ncc(N3CCN(CC([2H])([2H])O)CC3)cc12)c1cccc([N+](=O)[O-])c1,6.318758763
Cc1ccc2cccc(NC(=O)[C@@]3(O)CC[C@@H](CC3)NCc3cc4OCCOc4cn3)c2n1,5.698970004
Cc1c2CCCN3CCC[C@@H](C3)Nc3cc(ccc3C(N)=O)-n2c2CC(C)(C)CC(=O)c12,5.468521083
C[C@H]1CN(CCN1C(=O)c1ccc2cc[nH]c2c1)C(=O)c1ccc(cc1)-c1ccccc1F,5
Clc1ccc(cc1)c1cc2C(NC(=O)c3n[nH]c(n3)C)CC(Oc2nc1c1ccc(cc1Cl)Cl)(C)C,5.698970004
COc1cc(ccc1-n1cnc(C)c1)-c1cn(CC(=O)N(Cc2ccccc2)[C@H](C)c2ccccc2)nn1,6.397940009
COc1cccc(C(c2cc3cc(C#N)ccc3nc2OC)C(O)(CCN(C)C)c2cc(C)nc(C)c2)c1OC,5.283996656
Fc1ccc(cc1)C(OCC[NH+]1CC[NH+](CC1)CCCc1ccccc1)c1ccc(F)cc1,9
c1cc(F)ccc1C(c2ccc(F)cc2)OCC[NH+](CC3)CCN3CCCc4ccccc4,6.079981084
Fc1cc2oc(cc(=O)c2cc1F)C(=O)NC1CCN(Cc2ccc3OCOc3c2)CC1,9
CCC1COCCC1NC1CCC(C1)(C(C)C)C(=O)N1CCN(CC1)c1nccc(c1)C(F)(F)F,5.920818754
CN1CCN(c2cnc3cc(C(F)(F)F)cc(NCc4cccc5nonc45)c3c2)CC1,6.970616222
Cc1nc(NCc2ccccn2)c2c(-c3ccccc3)cccc2n1,5.337242168
CCCS(=O)CCCN(CC)CC(O)COc1ccc(cc1)C#N,7
CCOc1cc(CN2CC[C@H]3C(Nc4nc5ccc(C(=O)O)cc5o4)CC[C@H]32)cc(OCC)c1-c1ccc(F)cc1,4.823908741
CCOc1ccc(cc1)NS(=O)(=O)c1cccc(c1)C(=O)N(Cc1nc2c(s1)cccc2)C,5.074172425
CN1CCc2cccc-3c2[C@H]1Cc4c3c(c(cc4)O)O.Cl,5.619788758
COc1ccc(cc1)-c1nnc(o1)C(=O)N1CC(C1)Oc1ccc(CN(C)C)c(C)c1,5
Cc1ccc2c(n1)cccc2c1nnc(n1C)SCCCN1C[C@@H]2[C@](C1)(C2)c1ccc(cc1)C(F)(F)F,6.795880017
F[C@@H]1CN(CCn2c3cc(F)cnc3ccc2=O)CC[C@@H]1NCc1ccc2OCC(=O)Nc2n1,4
O=C(c1ccccc1C(C)C)N(C1CNCC1)CC1CC1,4.754487332
Cc1ccc(cc1)[C@]1(O)CC[C@@H](CC1)N1CC[C@H](C1)NC(=O)CNC(=O)c1cccc(c1)C(F)(F)F,4.879426069
COc1ccc(cc1)[C@@H](C)N[C@@H]1CC[C@@H](C(=O)N2CCC(CC2)(c2ccccc2)c2ccc(Cl)nc2)C(C)(C)C1,5.677780705
O=C(O[C@H](C[C@@H]([N@H+](C)[C@H](CC1)[C@H](C(=O)OC)2)1)2)c1ccccc1,5.142667504
O=C(NC1CN(C1)C1CCC(CC1)c1cnccn1)CNC(=O)c1cccc(c1)C(F)(F)F,6
Cc1ncoc1-c1nnc(SCCCN2CCc3ccc4oc(nc4c3CC2)C(F)(F)F)n1C,5.900008766
CC(C)[C@@H](N(CCCN)C(=O)c1ccc(C)cc1)c1oc2cc(Cl)ccc2c(=O)c1Cc1ccccc1,5.795880017
COCCc1ccc(cc1)OCC(CNC(C)C)O,4.700000504
FC(F)(F)c1ccc2nc([nH]c2c1)[C@H]1CC[C@@]2(CN(C(=O)O2)c2ccccn2)CC1,5.399996913
Cc1ccc(cn1)-c1cc2sc(nc2cn1)N1CCC(CC1)N1CCCCC1,5.091514981
Cc1cc(Cl)ccc1OC1CCN(CC2CCN(CC2)[C@@](C)(Cc2ccc(F)cc2)C(O)=O)CC1,4.500312917
COc1ncc(cn1)-c1ccccc1CCNC(=O)c1ccc(OCCC(F)(F)F)nc1,5
CCc1nn2c(C)cc(C)nc2c1Cc1ccc(CCC(O)C2CCNCC2)cc1,5.27572413
CC(=O)N1CCC(n2nc(C)c(Nc3ncc(Cl)c(-c4cnn5ccccc45)n3)c2C)CC1,4.638272164
CC(N1CCC(CC1)n1c(C)nnc1C(C)C)CC(c1ccccc1)NC(=O)C1CCC1,5.397940009
CCOC(=O)[C@@H]1CC[C@@H](CC1)N1CC(C1)NC(=O)CNc1nn(C2CCCC2)c2ccc(cc12)C(F)(F)F,5.387216143
COc1cc(-c2cn(C3CCc4cccnc4N(CC(F)(F)F)C3=O)nn2)ccc1-n1cnc(C)c1,5.058488567
NC(=O)c1cnc(N[C@H]2CCCNC2)c2cc(-c3ccsc3)sc12,4.552841969
COc1cc([C@](O)(CCN(C)C)[C@@H](c2cc3cc(Br)ccc3nc2OC)c2cccc(OC)c2F)cc(S(C)(=O)=O)n1,5.744727495
Cc1ccc(cc1)Cn1c(nc2c1cccc2)[C@H]1CNCCS1,5.245651664
Cc1cccc(n1)N1C[C@@]2(CC[C@@H](CC2)c2nc3ccc(OC(F)(F)F)cc3[nH]2)OC1=O,5.699991797
Cn1c(nc2ccccc2c1=O)-c1ccc(OCCCN2CCCC2)cc1,5.537602002
Fc1ccc2c(c1)N1N=C(C(C1CO2)(CCCN1CCC(=O)N(CC1)C)c1ccccc1)C(=O)C,5.017728767
Cc1ncoc1-c1nnc(SCCCN2CCc3ccc4nc(oc4c3CC2)C(C)(F)F)n1C,5.301029996
C[C@H](\C=C\[C@@H](O)C1CC1)[C@H]2CC[C@H]3\C(=C\C=C/4\C[C@@H](O)C[C@H](O)C4=C)\CCC[C@]23C,4.949999402
C[C@@H]1C[C@H]1C(=O)N1CCN(c2cnc(C#N)c(-c3cnn(C)c3)n2)C[C@H]1C,4.638272164
O=C(CCCc1c[nH]nn1)NC1CCN(C(=O)OCc2cc(Cl)cc(Cl)c2)CC1,4.679853714
O=C1COc2cccc(OC[C@@H](O)CN3CCC4(CC3)Cc3cc(Cl)ccc3O4)c2N1,6.22184875
CCN(CC)CCC(=O)N1c2ccccc2Sc3ccc(Cl)cc13,5.299997603
COC(CN1CCN(CCc2ccc(C#N)c(OC)c2)CC1)c1ccc2C(=O)OCc2c1C,5.045757491
COc1cc(ccc1Nc1ncc(Cl)c(n1)-c1cnc2ccccn12)N1CCNC(=O)C1,4.48148606
CCc1nn2c(C)cc(C)nc2c1Cc1ccc(/C=C/CN2CCNCC2=O)cc1,4.602059991
CNS(=O)(=O)Nc1cccc(c1F)Cc1c(=O)oc2c(c1C)ccc(c2)Oc1ncccn1,4.301029996
FC(F)(F)Oc1ccc(cc1)C(=O)N[C@@H]1COc2cccc(c2C1)-c1ccncc1,5.602059991
CN(C)CCC1=C(Cc2cnccn2)c2ccccc2C1,5.263603498
O=C(N(CC1CCC1)[C@H]1CCNC1)c1ccccc1Oc1ccccc1,6.119186408
CN1CCN(CC1)C(=O)c1ccc(cc1)-c1cnc(N)c(c1)-c1ccc(cc1)C(F)(F)F,4.787812396
Clc1ccc(cc1)CCCN1CC[C@H](C1)N(C(=O)N1CC[C@H](C1)N(C(=O)c1ccc(cc1)c1ccc(cc1)C(F)(F)F)C)C,6.769551079
O=C(N(C1CC[NH+](CC1)CCc1ccccc1)c1ccccc1)CC,5.739928612
COC(=O)N1CCN(CC1)c1ccc(Nc2ncc(Cl)c(n2)-c2cnc3ccccn23)c(OC)c1,4.48148606
Clc1ccc(cc1)c1cc2C(NC(=O)c3c[nH]nc3C)CC(Oc2nc1c1ccc(cc1Cl)Cl)(C)C,5.958607315
COc1ccc2c(n1)c(ccn2)C(C[C@@H]1CC[C@H](CO1)NCc1ccc2c(n1)NC(=O)CS2)O,6.301029996
Cc1c(ccc(F)c1C#N)[C@H]1CN2CCN(C[C@H]2CO1)C(=O)Cc1cnc(cn1)-n1cnnn1,4.910094889
OC1(CCN(CC1)c1cc(ccn1)C(F)(F)F)C(=O)N1CC[C@@H](C1)N[C@H]1CC[C@](O)(CC1)c1ccc(cn1)-c1ncccn1,4.522878745
CNc1cc(NS(=O)(=O)c2ccc(N)cc2)nc(NC)n1,5.610001577
C[C@]1(CCCN1c1nc(Nc2cc([nH]n2)C2CC2)c2cccn2n1)C(=O)Nc1ccc(F)nc1,5
Cn1c(nc2ccccc2c1=O)-c1ccc(OCCCN2CCCCC2)cc1,5.552841969
Cc1ccc2[nH]c(C(=O)N[C@H]3Cc4ccccc4[C@@H]3NC(=O)CCN(C)C)cc2c1,5.099999035
CC(=O)NC(c1cccc(c1)F)CCN1C2CCC1CC(C2)n1c(C)nc2c1CCN(C2)C(=O)C,5.301029996
CC(C)c1ccc(S(=O)(=O)Nc2ccc(C34CNCC3C4)cc2)cc1,6
OCCn1c2ccccc2c2ccnc(CN(CCCN3CCNCC3)C3CCCc4cccnc34)c12,5.619788758
Cn1nccc1-c1nnc(SCCCN2CC[C@]3(C[C@@H]3c3ccc(C(F)(F)F)cc3)C2)n1C,6.20999648
C[C@@H](C[C@@H](CS(=O)(=O)N1CCC(CC1)OCc1ccc(Cl)cc1Cl)N(O)C=O)c1ncc(F)cn1,5.301029996
COc1cc2c(cc1OC)nc(nc2N1CCC(CC1)CCNS(=O)(=O)N)/C=C/c1cccnc1,6.559090918
COc1cnc(cn1)-c1cccc2OC[C@H](Cc12)NC(=O)c1ccc(COCC(F)(F)F)nc1,4.900001867
CCN=C(NS(=O)(=O)c1cccc(Cl)c1)N1CC(CC)C=N1,5
CCNC(=O)N1CC2(CCN(CC3CCN(CC3)C(=O)OCC)CC2)c2cccnc12,6.698970004
Cn1cnc(c1)S(=O)(=O)N1Cc2ccc(\C=C\C(=O)NO)cc2C1,4.522878745
CN(c1ccc(-c2cc3ccccc3cc2O)nn1)C1CC(C)(C)NC(C)(C)C1,7.096910013
Cc1cc(C(N)=O)c(s1)-c1cccc(OC(=O)NCCCCCCc2ccccc2)c1,5
CN(C)C1C2CC3Cc4c(ccc(O)c4C(=C3C(=O)[C@]2(O)C(=O)\C(=C(/N)\O)\C1=O)O)N(C)C,5.090000276
O=C1[C@H]2CCN1[C@H]1CCc3ccc(Oc4cc(Cn5cncc5CN2)ccc4C#N)cc13,5.327902142
Fc1ccc(cc1)C(CCCN1CCC(CC1)(O)c1ccc(cc1)Cl)O,6.849857838
CC(C)=CCn1c(N2CCCNCC2)c(C#N)c2n(C)c(=O)n(Cc3ncc4ccccc4c3C#N)c(=O)c12,5.744727495
CC(=O)NCCc1ccccc1-c1ccc([C@@H](CN)Cc2ccc(OCCOc3c(Cl)cc(C)cc3Cl)cc2)c(C)c1.Cl,8.22184875
CC(C)NC(=O)c1ccc(cc1)-c1ccc2C(=O)N(CCN3CCCC3)CCc2c1,5.207608311
Fc1cnc2nc(oc2c1)N1CCN2CCC1CC2,5.060480747
C#Cc1cnc(cc1NC[C@@H]1CNCCO1)Nc1cnc(cn1)C#N,5.086186148
CCn1cc(cc(C)c1=O)[C@@]1(N=C(N)c2c1cccc2F)c1cccc(NC(=O)c2ccc(Cl)cn2)c1,5.886056648
Cc1cc(C)nc(n1)N1C[C@@H]2CN(C[C@@H]2C1)C(=O)c1ccccc1-n1nccn1,5
CC(=O)n1ccc2cc(ccc12)N1CCN(CCN2Cc3ccccc3C2)C1=O,5
Cc1cc(N2CC[C@H](N3CCC[C@@H]3C)C2)ccc1NC(=O)c1cc(F)ccc1C,5.958607315
CCN(C(C)C)c1nc(N)c(nc1Cl)C(=O)N=C(N)N,5.109998387
CN(C(=O)CC[C@@H](C1CCCCC1)N1Cc2cc(Oc3ccccc3)ccc2N=C1N)C1CCCCC1,6.853871964
O1c2cc(ccc2OC1)[C@@H]1N2[C@H](Cc3c1[nH]c1c3cccc1)C(=O)N(CC2=O)C,4
CO[C@H]1CN(CCn2c3cc(ccc3ccc2=O)C#N)CC[C@@H]1NCc1cc2OCCOc2cn1,3.754487332
Cc1nn(C2CCN(CC(=O)N(C)C)CC2)c(C)c1Nc1ncc(Cl)c(-c2cnn3ccccc23)n1,5.107905397
N#Cc1ccc(-c2ccc(C[C@@H](C#N)NC(=O)[C@@H]3CNCCCO3)cc2)cc1,4.769551079
CC(Oc1ccccc1CC=C)C1=NCCN1,4.777283529
CN1CCC[C@H]1Cn1nc(Cc2ccc(cc2)Cl)c2c(c1=O)cccc2,6.698970004
FC(F)(F)COc1ccc(cn1)C(=O)N[C@@H]1COc2cccc(-c3ccncc3)c2C1,5.200659451
OCCn1nc(c2c1ccc(c2)C(F)(F)F)NCC(=O)NC1CN(C1)C1CC[C@](CC1)(O)c1nccs1,4.301029996
CCC[C@@H]1C[C@@H](CC[C@@H]1N1CC[C@H](NC(=O)c2cc(ccc2NC(=O)NCC)C(F)(F)F)C1=O)N(C)C(C)C,4.853871964
Cn1c(SCCCN2CC3CCN(c4ccccc4C(F)(F)F)C3C2)nnc1-c1ccncc1,5.801342913
COc1cccc2OC(C(C)S(=O)(=O)c12)c1ccc(OCCCN2CCCC2)cc1,5.200659451
Fc1ccc(F)cc1C=1CN(C(=O)N(C)C)[C@H](C=1)c1cc(O)ccc1,4.48148606
Fc1ccc(cn1)-c1cnc2nc(sc2c1)N1CCC(CC1)N1CCCCC1,6.522878745
Fc1ccc(cc1)N1N=C[C@H]2[C@@H]1C=C1CCN(C[C@@]1(C2)C(=O)c1ccccn1)S(=O)(=O)c1ccc(cc1)F,6.008773924
CC(=O)Nc1cc(Nc2cc(NC3CC3)n3ncc(C#N)c3n2)ccc1C,4.677780705
Cc1cccc(Nc2nc(NC[C@H]3CCCN3)ncc2C(N)=O)c1,5.602059991
CS(=O)(=O)c1ccc2c(c1)nc1n2C[C@H](N)[C@@H](c2cc(F)c(F)cc2F)C1.O=C(O)C(F)(F)F,4.420216403
Clc1nccc2c3cnc(Nc4ccc(cn4)N4CCNCC4)nc3n(C3CCCC3)c12,5.698970004
CC(C)Cc1cc(CNC(=O)C2C3CN(C(=O)Cc4ccccc4)CC32)nn1-c1ccccc1,4.681936665
C[C@@H]1OCC2(CCN(c3cnc4c(-c5cccc(Cl)c5Cl)c[nH]c4n3)CC2)[C@@H]1N,8.15490196
Nc1nccn1CC(O)c1cccc(Cl)c1Cl,4.657577319
CC(=O)N1Cc2nnc(C3CCN(CC3)c3ccccn3)n2-c2ccc(Cl)cc2C1,4.453457337
COCCCOc1cc(ccc1OC)C(=O)N(C[C@@H]1CNC[C@H]1OC(=O)NCc1ccccc1)C(C)C,4.886056648
Cc1cnc(s1)[C@]1(O)CC[C@@H](CC1)N1CC(C1)NC(=O)CNC(=O)c1cccc(c1)C(F)(F)F,4.552841969
c1ccc2c3c([nH]c2c1)[C@@H](C1CCOCC1)N[C@@H](c1nc(-c2csc4ccccc24)c[nH]1)C3,7.060480747
CCc1nn(c2c1nc(nc2Nc1ccncn1)N1CCNC(C1)C)CCOCC(F)(F)F,5.853871964
Cc1c([C@@H](O)CN2CCC3(CC2)CCN(c2ccncn2)C3=O)ccc2c1COC2=O,4.659555885
COCc1ccc(-c2cc3c(cc2F)ncc2c3n([C@H]3C[C@@H](O)C3)c(=O)n2C)cn1,4.823908741
COc1ccc(CN2CCC(CNC(=O)c3cc(OC)cc(OC)c3)(CC2)C#N)cc1,5.494850022
CN(C)C(=O)CN1CCCC(C1)c1nc2ccccc2n1CCOc1ccccc1,6.346787486
CN1CCN(c2ccc(NC(=O)c3cc(N(C)Cc4ccc(C(F)(F)F)cc4)ncn3)cc2)CC1,6.045757491
[NH3+][C@H]1C[n+]2c(C[C@@H]1c1cc(F)c(F)cc1F)[nH]c1cnc(cc21)C(F)(F)F,4.244125144
Cc1cc(nn1C)C(=O)N[C@H]1CC[C@H](CC1)NC(=O)c1cc(F)cnc1Oc1cccc(c1)-c1ccc(O)cc1CN1CCOCC1,4.500312917
CC1CN(CCN1C(=O)C(=O)c1c[nH]c2c1cccn2)C(=O)c1ccccc1,4.096910013
O=C(NC(c1ccc(Cl)cc1)c1ccncc1Cl)[C@@H]1CC[C@@H](N2CCOCC2)C[C@H]1c1ccc(Br)cc1,6.161150909
O=C(N1CCC2(CCN(Cc3ccccc3Oc3ccccc3)CC2)CC1)c1ccncn1,6.698970004
Cc1nnc([nH]1)C(=O)N[C@@H]1CC(C)(C)Oc2nc(-c3ccc(Cl)cc3Cl)c(cc12)-c1ccc(Cl)cc1,5.698970004
OCC(N1CCOCC1)c1ccccc1,4.22184875
CC1CCCN1CCc1ccc(cc1)-c1ccc(cc1)S(=O)(=O)NC1CCC1,6.124938737
O=C1NC[C@@H](c2ccccc2)C12CCN(C1CCCCC1c1ccccc1)CC2,5.853871964
FC(F)(F)c1ccc(cc1)-n1ccc(CN2CCC(CC2)NC(=O)NC(Cc2cnccn2)c2ccccc2)c1,5.27572413
CN1C2CCC1C(C(=O)O)C(OC(=O)c1ccccc1)C2,2.400000001
COc1ccc(cc1)[C@H](C)N[C@@H]1CC[C@@H](C(=O)N2CCC(CC2)(C(=O)N2CCCC2)c2ccccc2)C(C)(C)C1,5.327902142
NC1=NC2(CO1)c1cc(ccc1OC1(CCC1)C21COC1)-c1cccnc1,5
C[C@H]1Cn2c(CN1C(=O)c1cccc(Cl)c1Cl)nnc2-c1ccc(F)cc1,5
NC(=O)C([C@@H]1CCN(CCc2ccc3OCCc3c2)C1)(c1ccccc1)c1ccccc1,7.113509275
O[C@@]1(CC23CCC(CC2)(CO3)NCc2ccc3OCOc3c2)Cn2c3c1c(F)cnc3ccc2=O,4.22184875
O=C(Cc1ccc(cc1)-n1cnnn1)N1CCN2C[C@H](OC[C@@H]2C1)c1ccc2C(=O)OCCc2c1,4.522878745
COc1cc(ccc1-n1cnc(C)c1)-c1cn(CC(=O)N(Cc2ccc(F)cc2)C2C3CC4CC(C3)CC2C4)nn1,6.698970004
OC(CNc1nccc(-c2sc(C3CCNCC3)nc2-c2ccc(F)cc2)n1)c1ccncc1,4.549750892
NC(=O)c1cccc(c1)OC1CC2CCC(C1)N2Cc1cccnc1,5.455931956
Cc1nccn1c1ncnc(c1)N1CCC(CC1)CCNS(=O)(=O)N,5
O=C(O)C[C@H](CN1CC[C@@H](CCc2ccc3c(n2)NCCC3)C1)c1cccc(Br)c1,5.900008766
CC(=O)N1CCC(CC1)C(=O)N(CCCN1CCN(Cc2ccc(F)cc2)CC1)c1ccc(C)c(Cl)c1,5.744727495
CC(=O)N[C@@H](CCN1[C@H]2CC[C@@H]1C[C@@H](C2)n1c(C)nc2ccccc12)c1ccccc1,5.823908741
OC(=O)CN(C1(CCC1)c1ccc(cc1)-c1ccccc1OC(F)(F)F)S(=O)(=O)c1ccc(OC(F)F)cc1,4.823908741
CO[C@@H]1COCC[C@@H]1N[C@@H]1CC[C@](C1)(C(C)C)C(=O)N1CCN(CC1)c1nc(cs1)C(F)(F)F,2.408935393
COc1ccncc1-c1[nH]c2ccccc2c1CCNCc1ccc(\C=C\C(=O)NO)cc1,5.071604148
CNC(=O)c1cccc(c1)-c1ccc2c(nc(nc2n1)N1CCOC[C@@H]1C)N1CCOC[C@@H]1C,4.32330639
CN(C)CCN1CCN(CC1)c1ccc2nc(-c3ccccc3)c(nc2n1)-c1ccc(CN2CCC(CC2)c2nc(n[nH]2)-c2ncccn2)cc1,5
O[C@]1(CC[C@@H](CC1)N[C@H]1CCN(C1)C(=O)CNC(=O)c1cccc(c1)C(F)(F)F)c1ccc(cn1)-c1cccnc1,4.522878745
COc1ccc(CCN2[C@H](CN(NS(=O)(=O)Cc3ccccc3)C2=O)c2ccc(OC)cc2)cc1,5.356547324
CN1CCN(C)C(C1)C(=O)N1CCN(CC1)C(=O)Nc1ccc(Cl)c(Cl)c1,4.886056648
O=C(N1CCC2(CC1)C(=O)Nc1c2cccn1)N[C@@H]1CC[C@H](Cn2c1nnc2CC(F)(F)F)c1cccc(c1F)F,4.522878745
Cc1ccc(cc1)Cc1cccc([n+]1C)Cc1ccc(cc1)C,7.619788758
s1cc(cc1)CN1CC(=O)N(CC1)[C@H]1CCc2cc(ccc2C1)CN(CC)CC,5.920818754
OCC[C@]1(CCCNC1)c1ccc(Cl)c(Cl)c1,4.48148606
CC(C)Oc1ccc(cn1)[C@]1(O)CC[C@@H](CC1)N1CC(C1)NC(=O)CNC(=O)c1cccc(c1)C(F)(F)F,4.950781977
Cc1cc(N2CC[C@H](N3CCC[C@@H]3C)C2)ccc1NC(=O)c1c(C)noc1C,4.431798276
COc1ccc2ncc(F)c([C@@H](O)CN3CCC(CC3)NCc3cc4OCCOc4cn3)c2n1,4.374687549
Cn1c(SCCCN2CC3CCN(c4ccc(C(F)(F)F)cc4)C3C2)nnc1N1CCOCC1,6.494850022
COc1ncc2ccc(=O)n(CCN3CCC(CC3)NCc3cc4OCCOc4cn3)c2n1,3.68613278
OC(=O)\C=C/C(O)=O.CC(C)N1CCN(CC1)C(=O)c1ccc(CN2CCOCC2)cc1,5
CCC1OC(=O)C(C)C(OC2CC(C)(OC)C(O)C(C)O2)C(C)C(OC2OC(C)CC(N(C)C)C2O)C(C)(O)CC(C)C(=O)C(C)C(O)C1(C)O,4.139999976
FCC1SC(=N[C@@]2([C@H]1CC(OC2)c1occ(n1)C)c1ccc(cc1F)F)N,4.707743929
CN(C)C(=O)c1cc(CN2CCOc3c(F)cccc32)c2oc(N3CCOCC3)cc(=O)c2c1,4.026872146
O=C(N1CCCN(CC1)C1CCC1)c1ccc(Oc2cccc(c2)C#N)nc1,5.26760624
ONC(=O)C=Cc1ccc2c(c1)CN(C2)C(=O)Cc1c(C)[nH]c2c1cccc2,4.522878745
CCCCOc1cc(Cl)cc(OCCCC)c1/N=N/c1c(O)ccc2ccccc12,6.397940009
O=C1CN(CCN1c1ccc(cc1)OCCCN1CCCCC1)C(=O)c1ccncc1,4.200659451
Cc1cccnc1CN1CCC2(CC1)N(C(=O)N(C2=O)c1ccc(cc1)-c1ccno1)c1cc(=O)[nH]cn1,4.657577319
Clc1cc(Cl)ccc1CO[C@@H](C[n+]1ccn(c1)C(c1ccc(Cl)cc1)c1ccc(Cl)cc1)c1ccc(Cl)cc1Cl,7.522878745
Brc1cncc(COCC2(CCNCC2)c2ccccc2)c1,4.823908741
C[C@H]1C[C@H]2CSC(N)=N[C@]2(CO1)c1nc(NC(=O)c2ncc(OC(F)F)cc2C)cs1,5.017728767
N#Cc1ccc2c(c1)N(CC(CN(C)C)C)c1c(S2=O)cccc1,5.815308569
O[C@H]1CN(C[C@H]2C[C@H](O)c3ncccc3C2)CC[C@@H]1c1ccc(F)cc1Cl,4.301029996
Cc1cn(cn1)-c1ccc(Nc2cccc3n(C)c(nc23)-c2ccc(F)cc2)nc1,5.283996656
OC(CN(Cc1ccc(c(c1F)F)F)CCc1ccc(c(c1)Cl)Cl)COc1ccc(cc1)NS(=O)(=O)C,5.769551079
CC(C)c1cccc(Nc2cc(N[C@@H]3CCCC[C@@H]3N)nnc2C(N)=O)n1,5.102372909
CC(Oc1ccccc1CC1CC1)C1=NCCN1,5.050609993
O=C(N1CCCC1)CN1C2CCC1CC(C2)Oc1cccc(c1)C(=O)N,4.522878745
COc1nc2ccc(CO)cc2cc1C(c1ccccc1)C(O)(CCN(C)C)c1cccc2ccccc12,5
CC(=O)N1CCC(n2cc(Nc3ncc(Cl)c(-c4cnn5ccccc45)n3)c(C)n2)CC1,5.142667504
COc1cc(N)c(Cl)cc1C(=O)N[C@H]1CCN(CC2CCN(C(=O)NC(C)C)CC2)C[C@H]1OC,5.12199553
N[C@H]1C[C@@H](N2Cc3cn(S(=O)(=O)C4CC4)nc3C2)CO[C@@H]1c1cc(F)ccc1F,4.677780705
O=c1ccc(OCCCN2CCCCC2)nn1-c1ccc(F)c(F)c1,5.723538196
COc1cccc(c1)[C@@H](C)N[C@@H]1CC[C@@H](C(=O)N2CCC(CC2)(C(=O)N2CCCC2)c2ccccc2)C(C)(C)C1,5
CC1(C)Oc2ccc(Br)cc2C2(COC(N)=N2)C11COC1,5
FC(F)(F)c1cc(COCC2(CCNCC2)c2ccccc2)nc(c1)C1CC1,5.259637311
CNC(C)C1(c2ccc(Cl)c(Cl)c2)CCCCC1.Cl,4.638272164
Cc1ccc2nc(CN3CCN(CC3)C(=O)CC(c3ccccc3)c3ccc(F)cc3)oc2c1,5.643974143
O1c2c3c(CC(=O)c4c(CC[NH+](C3)C)cc3OCOc3c4)ccc2OC1,3.782516056
NCC[C@@H](Oc1nc(ccc1C#N)C(F)(F)F)c1ccno1,5
Cl\C(=C(\c1ccc(OCC[NH+](CC)CC)cc1)/c1ccccc1)\c1ccccc1,6.744727495
N1CCC(CC1)C1NC(Cc2c1[nH]c1c2cccc1)c1[nH]cc(n1)c1ccccc1,5.292429824
Oc1ccc(cc1)[C@H]1CC[C@@H](CC1)N1CC(C1)NC(=O)CNC(=O)c1cccc(c1)C(F)(F)F,5.387216143
Fc1ccc(-c2nc(C3CCNCC3)sc2-c2ccnc(Nc3ccncn3)n2)cc1,6.22184875
C[C@@H](c1nnn[nH]1)c1ccc(cc1)Nc1scc(n1)C(F)(F)F,5
Fc1cccc2C(=O)N(CCc3ccccn3)C(C(=O)NCc3ccc(OC(F)(F)F)cc3)c12,5.251811973
C[C@@H]1CN(CCN1)c1nc(Nc2ccncn2)c2n(CCOCC(F)(F)F)nc(C)c2n1,6.045757491
CC(C)N1CCN(CC1)c2ccc(OC[C@H]3CO[C@@](Cn4cncn4)(O3)c5ccc(Cl)cc5Cl)cc2,5.130000141
COc1ccc(NC(=O)NS(=O)(=O)c2ccc(OCCCN3CCCCC3)cc2)cc1,4
CCCN(C(=O)c1ccccc1SC)C1CNCC1,4.698970004
CCC(CC)CNc1c(C(N)=O)cnc2ccc(-c3ccc(C)nc3)cc12,5.48148606
COc1ccc(cc1)-c1nnc(o1)C(=O)N1CC(C1)Oc1ccc(CN2CC3(C2)CCCO3)cc1,4.886056648
CCn1cc(cc(C)c1=O)[C@@]1(N=C(N)c2c1cc(F)cc2F)c1cccc(c1)-c1cncc(c1)C#CC,5.508638306
CN(C)CC(c1ccc(O)cc1)C1(O)CCCCC1,3.623423043
OC(=O)c1ccc(NC(=O)[C@H](C2CCCCC2)n2c(nc3cc(F)c(F)cc23)-c2ccc(Cl)cc2)c(F)c1,4.698970004
COc1cc(N)c(Cl)cc1C(=O)N[C@H]1CCN(CCCn2cncn2)C[C@H]1OC,5.112889297
COc1cc2ccc(Br)cc2cc1[C@@H](c1ccccc1)[C@@](O)(CCN(C)C)c1cccc2ccoc12,6.096910013
C[C@H]1NCc2c(C1)c(ncn2)Oc1ccc2c(c1)n(cc2)C(=O)Nc1noc(c1)C1(CC1)C(F)(F)F,5.065501549
COc1cccc(c1)N1CCN(CC1)CCCCCCN1CCN(CC1)c1cccc(c1)Cl,5.920818754
O=c1n(Cc2ccc(Cl)cc2)c2sc3c(c2c2ncnn12)CCN(CC1CCOCC1)C3,6.455931956
Cn1cc(cn1)-c1cnc2ccc3ccc(NS(C)(=O)=O)cc3c(=O)c2c1,6.48148606
C[C@@H]1CCCN1CCc1ccc(-c2ccc(S(=O)(=O)NCC3CC3)cc2)cc1,5.592507121
N\C1=N/C(=O)[C@@H]2CCCN2c2ccc(OCCCCCNCC(=O)Nc3c(Cl)cc(CN1)cc3Cl)cc2,4.886056648
Cc1cc(C(N)=O)c(o1)-c1cccc(OC(=O)NCCCCCCc2ccccc2)c1,5
C[C@@H]1CN(CC2(CC2)c2ccncc2)CCN1S(=O)(=O)c1ccc(cc1)C(C)(O)C(F)(F)F,6.397940009
C[C@H]1NCc2c(C1)c(ncn2)Oc1cc2c(cc1O)ccn2C(=O)Nc1noc(c1)C1(CC1)C(F)(F)F,5.13076828
Oc1csc(n1)-c1cc(cc(c1)S(=O)(=O)N1CCN(CC1)C(=O)[C@@H]1C[C@H]1c1ccc(cc1)C(F)(F)F)C(F)(F)F,5.397940009
CN1C(=O)CN=C(c2ccc(Cl)cc2)c3cc(Cl)ccc13,5.130000141
CC(C)n1c(C)ncc1-c1ccnc(Nc2ccc(cc2)N2CCN(CC2)C(=O)CN(C)C)n1,4.494850022
Cc1noc(n1)C1CCN(CC1)C(=O)NC1CC1c1ccccc1,4.522878745
CC(CCC1(CCCN1)C(=O)c1ccc(c(c1)Cl)N)C,5
CCOC(=O)[C@@H]1CC[C@@H](CC1)N1CC(C1)NC(=O)CNc1nn(CC)c2ccc(cc12)C(F)(F)F,5.119186408
Cc1cc(=O)oc2c(Cl)c(OCCCCN3CCC(c4noc5cc(F)ccc45)CC3)ccc12,5.79832982
c1ccc(cc1)C1Sc2ccccc2OC1c1ccc(cc1)OCCCN1CCCC1,7.920818754
N\C1=N/C(=O)[C@@H]2CCCN2c2ccc(OC\C=C\CNCC(=O)Nc3c(Cl)cc(CN1)cc3Cl)cc2,4.886056648
CCN(CC)C(=O)[C@@]1(C[C@H]1CN)c1ccccc1,5
ONC(=O)\C=C\c1ccc(CNCCc2c([nH]c3ccccc23)-c2cccs2)cc1,6.318758763
CCSc1ccccc1C(=O)N(C1CNCC1)CC1CCC1,5.12090412
C[C@@H](C1CCC(N(C)C(=O)C2CC2)CC1)[C@H](N)C(=O)N1CC[C@H](F)C1.Cl,4.408935393
N#Cc1ccc(NC(=O)[C@H](CN2CC(O)C2)Oc2ncnc3c2cnn3-c2ccccc2Cl)nc1,5
OC(=O)c1cc(CN2CCN(CC2)c2ccc(cc2)C(F)(F)F)c2ccccn2c1=O,7
Cc1c(C(F)CN2CCN(C(=O)Cc3ccc(-n4cnnn4)nc3)CC2)ccc2c1COC2=O,4.657577319
CCOC[C@H](Oc1ncnc2c1cnn2-c1ncccc1Cl)C(=O)Nc1ccc(F)cn1,4.200000237
Cc1c([C@@H](O)CN2CCC3(CC2)CCN(c2ccns2)C3=O)ccc2c1COC2=O,5.050609993
N[C@@H]1CCCN(C1)c1nc2[nH]c(cc2c(=O)n1Cc1ccccc1C#N)-c1cccnc1,3.522878745
Fc1cc2CC[C@@H](Oc2cc1)[C@H](O)CNC[C@@H](O)[C@@H]1Oc2c(cc(F)cc2)CC1,6.522878745
Cc1nc(nc2ccc(NC(=O)COc3ccc(Cl)cc3)cc12)N1CCC(CC1)N1CCCC1,6.346787486
CC(=O)c1ccc(CN2CCC(CC2)NC(=O)c2cc(=O)c3ccc(F)cc3o2)cc1,9
O=C1OC2(CN1c1cccc(n1)C)CCC(CC2)c1nc2c([nH]1)cc(cc2)OC(F)(F)F,5.698970004
OC1CCN(CC1)C(=O)c1ccc(cc1)OC1CC(C1)N1CCCCC1,4.522878745
CC(C)(C)NC(=O)c1c[nH]c2ncc(nc12)-c1nn(CCC(O)CO)c2cc(F)ccc12,5.522878745
CCCCCCCN(CC)C/C=C/Cc1ccccc1,6.754487332
COc1cnc2ccc(=O)n(CCN3CCC(CC3)C3C(=O)Nc4ccc(Cl)cc34)c2c1,5.318758763
Cc1c(nn(c1-c1ccc(Cl)cc1)-c1ccc(Cl)cc1Cl)C(=O)NN1CCCCC1,5.420216403
Nc1nnc(o1)c1ccc(cn1)C1(CCCO1)c1ccc(cc1)OCc1ccccn1,4.494850022
CNCc1ccc(Cl)cc1Oc1ccc(Cl)c(F)c1,5.920818754
Cn1c(SCCCN2CC[C@]3(C[C@@H]3c3ccc(C(F)(F)F)cc3)C2)nnc1-c1ccnnc1,5.599997654
Cc1ncc(s1)[C@@H]1CC[C@@H](CC1)N1CC(C1)NC(=O)CNc1nn(C)c2ccc(cc12)C(F)(F)F,4.602059991
COc1ccc2c(c1)[C@@H]1C[C@]1(C(=O)N1C3CCC1CN(C)C3)Cn1c-2c(C2CCCCC2)c2ccc(C(=O)NS(=O)(=O)C3CCC3)cc21,4.419075024
Fc1ccc2c(c1)n1CC(N)C(Cc1n2)c1cc(F)c(cc1F)F,4.769551079
O=C(NC1CCC(CC1)c1ccc(cc1C)O)CCc1ccccc1,4.522878745
COc1cc(OC)c(\C=C\S(=O)(=O)Cc2cnc(OC)c(N)c2)c(OC)c1,4.602059991
NC1=NC2(CO1)c1cc(ccc1OC1(CCC1)C21COC1)-c1cncc(c1)C(F)F,5
S1c2c(N(c3c1cccc3)CCC[NH+]1CC[NH+](CC1)C)cc(cc2)C(F)(F)F,6.630784143
[N+]1CCCC[C@H]1(CC(C1CCCCC1)C1CCCCC1),5.107905397
O[C@]1(CC[C@@H](CC1)N[C@H]1CCN(C1)C(=O)C1CCN(CC1)c1cc(ccn1)C#N)c1ccc(cn1)-c1ncccn1,4.522878745
Cc1ccc2c(cccc2n1)-c1nnc(SCCCN2C[C@@H]3C[C@@]3(C2)c2ccc(Br)cc2)n1C,6.698970004
COc1ccc2ncc(F)c(CCN3CCC(CC3)NCc3cc4OCCOc4cn3)c2n1,5.522878745
Cc1cc(ccc1-c1ccnc(NCc2n[nH]c3nc(F)ccc23)c1)C#N,5.568636236
COc1ccc2ncc(=O)n(CCN3CC[C@H](NCc4ccc5OCC(=O)Nc5n4)[C@H](F)C3)c2c1,4.602059991
FC(F)(F)c1ccc2[nH]nc(NCC(=O)NC3CN(C3)[C@H]3CC[C@H](CC3)c3cccnc3)c2c1,4.443697499
Cc1cc(ccc1-c1ccnc(NCc2[nH]nc(c2Cl)-c2ccccc2)c1)C#N,4.522878745
Fc1c(N2C[C@H]([NH2+][C@H](C2)C)C)c(F)c2[N+](=C[C@@H](C(=O)[O-])C(=O)c2c1N)C1CC1,4.744727495
Fc1cnc2c3c1C(O)(Cn3c(=O)cc2)CC12CCC(CC1)(CO2)NCc1ncc2c(c1)OCCS2,4.22184875
COc1cc(ncn1)N1C(=O)N(C(=O)C11CCN(Cc2ncccc2C)CC1)c1ccc(cc1)-c1csc(c1)C(O)=O,5.096910013
c1ccc(-c2cccc3nc(-c4ccncc4)nc(NCc4ccccn4)c23)cc1,5.173925197
CN1CC[C@@H](C1)N(Cc1ccccc1C(F)(F)F)c1ccc(C#N)c(Cl)c1,6.107905397
Oc1ccc(nc1)[C@@]1(O)CC[C@@H](CC1)NC(=O)CCc1ccccc1,4.522878745
Cc1ncoc1-c1nnc(SCCCN2CCC3(CCc4cc(F)ccc34)C2)n1C,5.602059991
CCCCN1CCCC[C@H]1C(=O)Nc1c(C)cccc1C,4.805949338
COc1cnc(cn1)-c1cccc(F)c1C(F)(F)CNC(=O)c1ccc(COCC(F)(F)F)nc1,4.700000504
COC[C@H](c1nc2nc(ccc2c(n1)N1CCOC[C@H]1C)c1ccc(c(c1)CO)OC)NC,4.769551079
C[C@@H](CN1CCC2(CC1)N(CNC2=O)c1cccc(C)c1)NC(=O)c1ccc(Br)cc1,4.698970004
CCOC(=O)N1CCN(Cc2nnc(o2)-c2cccc(Cl)c2)CC1,4.48148606
COc1cc(ccc1-n1cnc(C)c1)-c1cn(Cc2ccc3ccsc3c2)nn1,5
ONC(=O)C=Cc1ccc2c(c1)CN(C2)S(=O)(=O)Cc1ccccc1,4.522878745
Nc1ncnc2n(cc(-c3cccc(OCc4ccccc4)c3)c12)[C@@H]1C[C@H](CN2CCC2)C1,7
Fc1cccc2N(CCCN3CCC(CC3)n3c4ccccc4[nH]c3=O)C(=O)CCc12,5.27572413
O=C(Nc1ccccc1)OCC(CN2CCCCC2)OC(=O)Nc3ccccc3,5.599997654
CC#Cc1cncc(c1)-c1ccc2OC3(CCC3)C3(COC3)C3(COC(N)=N3)c2c1,6
Clc1ccc(NC(=O)N2CCN(C[C@@H]3CCCN(Cc4ccccc4)C3)CC2)cc1Cl,6.251811973
C[C@@H]1CCCN1CCc1ccc2nc(ccc2c1)-c1ccc(Cl)nc1,5.443697499
Cc1cc(C)nc(n1)N1C[C@@H]2CN(C[C@@H]2C1)C(=O)c1cccc(F)c1-n1nccn1,5.22184875
CCOC[C@@H](CC(C)C)NC(=O)[C@@H]1CNC[C@@H]([C@@H]1O)C(=O)N(C1CC1)c1cc(OCC)c(CC)cn1,4.522878745
CC(C)(O)[C@H]1CC[C@@H](CC1)Nc1ccc2ncc(-c3cccc(OC(F)(F)F)c3)n2n1,4.522878745
CC1CCCN1CCc1ccc(cc1)-c1ccc(cc1)S(=O)(=O)N1CCCCC1,5.958607315
C[C@@H](O)[C@@H]1[C@H]2[C@@H](C)C(S[C@@H]3CN[C@H](CNS(N)(=O)=O)C3)=C(N2C1=O)C(O)=O,2.188585874
C[C@@H](Oc1cccc2ncnc(Nc3ccc(OCc4ccccn4)c(Cl)c3)c12)C(=O)N1CCOCC1,5
ONC(=O)\C=C\c1ccc2CN(Cc2c1)S(=O)(=O)c1cccnc1,4.522878745
Cc1c(cccc1[C@H]1CN2CCN(C[C@H]2CO1)C(=O)Cc1ccc(nc1)-n1cnnn1)C#N,4.754487332
CCC[C@@H](CCO)Nc1nc(N)nc2cc(F)ccc12,5.040958608
COc1cccc(c1)C(=O)Cn1c(=O)n(C)c2c(C#N)c(N3CCC[C@H](N)C3)n(Cc3ccccc3)c2c1=O,7
COC1CCN(S(=O)(=O)c2ccc(-c3ccc(CCN4CCC[C@H]4C)cc3)cc2)CC1,5.698970004
CC(C)N1CCN(c2ccc(/C(=C(/CCCO)c3ccccc3)c3ccc(O)cc3)cc2)CC1.Cl.Cl,4.728158393
CS(=O)(=O)c1cccc(c1)-c1ccc2ncc(-c3ccc(cc3)C(=O)N3CCC(O)C3)n2n1,4.48148606
CNC(=O)c1cc(ccc1OC)-c1ccc2c(nc(nc2n1)N1CCOC[C@@H]1C)N1CCOC[C@@H]1C,4.494850022
CNc1nc(NCCCN(C)C)c2sc(-c3ccccc3)cc2n1,5.070581074
CS(=O)(=O)N1CCN(Cc2ccc3C[C@H](CCc3c2)N2CCN(CCc3ccc(F)cc3)CC2=O)CC1,4.886056648
CCC(NC(=O)C1(N)CCN(CC1)c1ncnc2[nH]ccc12)c1ccc(Cl)cc1,5.187420845
CCC(N(C(=O)c1cccc(c1Cl)Cl)C1CNCC1)CC,5.113509275
Cc1c2COC(=O)c2ccc1[C@@H](O)CN1CCN(CC(O)c2cc(C3CC3)c(cn2)C#N)CC1,4.93305197
O=C(NC1CCN(C1)C1CCC(CC1)(O)c1cccnc1)CNC(=O)c1cccc(c1)C(F)(F)F,4.522878745
Cc1c2COC(=O)c2ccc1[C@@H]1CN2CCN(C[C@@H]2CO1)C(=O)Cc1ccc(nc1)-n1cnnn1,4.172953983
CCCCC1=NC2(CCCC2)C(=O)N1Cc1ccc(cc1)-c1ccccc1-c1nnn[nH]1,3.714442691
O=C(c1cccc(c1)c1nnn[nH]1)N1CCC(CC1)(CCN1[C@@H]2CC[C@@H]1C[C@@H](C2)n1c(C)nc2c1cccc2)c1ccccc1,4.494850022
CC(C)S(=O)(=O)N[C@H]1CN(C[C@@H]1c1ccc(cc1)-c1ccc(F)nc1)c1ccccc1,7.096910013
Cc1ncc(cn1)-c1ccccc1CCNC(=O)c1ccc(OCCOCC(F)(F)F)nc1,4.500312917
OCc1ccc(OC2CCN(CC3CCN(CCC#N)CC3)CC2)cc1Cl,0.600000075
Cc1c(CNC2CCC(F)(F)C2)nn(c1-c1ccc(C)nc1)-c1ncccc1Cl,4.677780705
C[C@H](c1c(CCN(C)C)sc2ccccc12)c1ncccc1F,6.522878745
O=C1CSC(=N1)c1cc(cc(c1)C(F)(F)F)S(=O)(=O)N1CCN(CC1)C(=O)C1CC1c1ccc(cc1)C(F)(F)F,5.397940009
CC(=O)NCCc1ccccc1c1ccc(c(c1)C)[C@H]1CNCC[C@@]21OCc1c2cc(F)c(c1)F,5.292429824
Clc1ccc(CCCOCCCN2CCCCC2)cc1,5.769551079
C[Si]1(C)CCN(Cc2cc(-c3ccc(C(F)(F)F)cc3)n(C3CCCCC3)n2)CC1,5.602059991
CC(C)N(C)[C@@H]1CC[C@@H]([C@H](CS(=O)(=O)c2ccccc2)C1)N1CC[C@H](NC(=O)c2ccccc2)C1=O,4.096910013
CC(C)Oc1cc([C@@](Cc2ccccc2)(NC[C@H](O)CC(F)(F)F)c2cc(F)cc(OC(F)(F)C(F)F)c2)ccc1F,4.552841969
CC(C)(C)CN1CCC(c2ccccc2Oc2ncccc2NC(=O)Nc2ccc(OC(F)(F)F)cc2)CC1,5.337242168
CN(CCn1cc2c3c1cccc3C1=CC(CN(C1C2)C(=O)Nc1ccccc1)C(=O)N1CCCC1)C,4.522878745
[2H]C([2H])([2H])Oc1cc(ncc1C#N)C(O)CN1CCN(C[C@H](O)c2ccc3C(=O)OCc3c2C)CC1,4.625862294
CC(=O)N[C@@H](CCN1[C@H]2CC[C@@H]1C[C@@H](C2)n1c(C)nc2CN(CCc12)C(C)=O)c1cccc(F)c1,5.301029996
N#Cc1cccc(COc2ccc([C@H]3CC[C@@H](C(N)=O)N3)cc2)c1,4.900001867
COc1cc(OC(C)C)cc(c1)S(=O)(=O)c1ccc2c(c1)OC1C2CCNC1,5.48148606
OC(=O)Cc1ccccc1N1CCC(CN2CCC(CC2)Oc2ccc(Cl)c(Cl)c2)CC1,4.900001867
CN(C)CCCn1nc(C2=C(C(=O)NC2=O)c2cn(-c3ccc4ccccc4c3)c3ccccc23)c2ccccc12,9
O(c1cc2c([nH]c(C)c2C)cc1)c1ncnc2c1cc(OC)c(OCCN1CCN(CC1)CC(=O)C)c2,4.995678626
Clc1cc2N(c3c(CCc2cc1)cccc3)CCCN(C)C.O(C(=O)c1ccc(N)cc1)CCN(CC)CC,4.400007822
CNCc1cc(Cl)ccc1Oc1ccc(C)c(C)c1,5.283996656
Clc1cc(Cl)cc(c1)C(=O)NCC1(CCN(CCc2ccccc2)CC1)C#N,6.443697499
O=C(NCc1ccncc1)C1N(Cc2ccccc2-c2ccccc2)C(=O)c2ccccc12,4.48148606
Fc1ccc(O[C@@H]2CN[C@H](C2)C(=O)N2CCCN(CC2)C2CCCC2)cc1,5.337242168
COCCOc1ccc2ncc(F)c(CCC34CCC(CC3)(CO4)NCc3ccc4OCC(=O)Nc4n3)c2n1,4.761953897
CS(=O)(=O)NCCN(CCc1ccc(Cl)cc1)C1CCN(c2nc(N)n[nH]2)CC1,5.142667504
N#Cc1cc(C(C)C)c2c(c1)nc(o2)c1ccc(cc1)C(=O)NCC1CCC(CC1)c1cc(cc(c1)C(F)(F)F)C(F)(F)F,4.522878745
Cc1c([C@@H](O)CN2CCC3(CC2)CCN(c2ccc(C(C)(C)O)nc2)C3)ccc2c1COC2=O,4.537602002
COc1c(F)cccc1CC(N1CCNCC1)c1ccccc1,4.681936665
O=C(NC1CCN(C1)C1CCC(CC1)(O)c1ccccn1)CNC(=O)c1cccc(c1)C(F)(F)F,4.522878745
FC(F)(F)c1cccc(c1)C(=O)NCC(=O)NC1CN(C1)[C@H]1CC[C@@H](CC1)c1ccccc1,5.397940009
CC(=O)NC[C@H]1CN(C(=O)O1)c1ccc(c(c1)F)n1ncc(c1)c1nccnc1,4.397940009
CN[C@@H]1Cc2cccc3c2n(C1)c(=O)[nH]3,5
CN(C)CCC(c1ccc(Cl)cc1)c1ccccn1,4.771086594
COCc1ccc(-c2cc3c(cc2F)ncc2c3n([C@H]3C[C@@H](OC)C3)c(=O)n2C)cn1,5.045757491
CC(C)(C)c(cc1)ccc1C(=O)CCC[N@@H+](CC2)CC[C@@H]2OC(c3ccccc3)c4ccccc4,6.480172006
COc1ccc2ccc(=O)n(C[C@H](N)[C@@H]3CC[C@@H](NCc4ccc5c(n4)NC(=O)CO5)CO3)c2n1,4.283996656
Fc1ccc(c(c1)F)c1nnc(n1C)CCCCN1CC2[C@@](C1)(C2)c1ccc(cc1)C(F)(F)F,6.397940009
COc1cccc2c1n1CCN(Cc1c2)CCCCNC(=O)c1ncc2c(c1)cccc2,5.735182177
C[C@H](Nc1ccc(C(N)=O)c2[nH]c3cc(ccc3c12)-c1cnn(C)c1)C(C)(C)C,4.537602002
Cc1cc(Nc2nccc(-c3sc(C4CCNCC4)nc3C3CC3)n2)ccn1,5.37675071
Cc1cccc(Nc2nc(N[C@H]3CCNC3)ncc2C(N)=O)c1,5.602059991
C\C=C\c1cc(cc(COCC2(CCN(C)CC2)c2ccc(F)cc2)n1)C(F)(F)F,4.886056648
COc1cnc(nc1NCc1c(F)cc(F)cc1F)-c1ccccn1,4.602059991
Cc1cc2[nH]c(nc2cc1C#N)C1CCN(CCn2c3cc(Oc4ccc(cc4)S(N)(=O)=O)cnc3ccc2=O)CC1,4.48148606
OC(=O)Cc1cccc(c1)N1CCC(CN2CCC(CC2)Oc2ccc(Cl)c(Cl)c2)CC1,4.500312917
Clc1ccc(cc1)CC(C(=O)NC1CC2CCC(C1)N2)NC(=O)C1(CC1)c1ccc(cc1)Cl,5.795880017
Nc1ccc(-c2ccccc2)cc1NC(=O)c1ccc(C(=O)N2CCC3(CCCN3)CC2)cc1,4.906928694
N#Cc1cnc(cn1)Nc1ncc(c(c1)NC[C@H]1CNCCO1)c1cnn(c1)C,5.065501549
CC(N)C(=O)Nc1c(C)cccc1C,4.689999563
COc1ccccc1Oc1cccc(CN2CCC3(CC2)CCN(CC3)C(=O)c2cc[n+]([O-])cc2)c1,4.76700389
CC(C)OCc1ccccc1CNC(=O)c1c2c(c(Cl)n1C)CC(C)(C)CC2,4.782516056
Fc1ccc(cc1)COC(=O)N1CCC(CC1)CNc1ncccn1,5
NC(=O)c1cccc(O[C@H]2C[C@@H]3CC[C@H](C2)N3CC2CC2)c1,9
COc1ccc2ncc(=O)n(CCN3CCC(CC3)NCc3cc4OCCOc4cn3)c2n1,4.508638306
O=C(C(C(C(=O)N1CCC(C1)(F)F)N)c1ccc(cc1)c1ccn2c(c1)ncn2)N(C)C,4.795880017
Cc1cc(NC(=O)c2ccccc2F)ccc1-c1nnc(NCCCN2CCCCC2)o1,5.399996913
CCCOCCn1c2cc(ncc2nc(c1=O)N1CCN(CC1)C[C@@H](O)C)c1ccc(nc1)OC,6.638272164
OC1CN2[C@@H]3CC1C[C@H]2C[C@H](C3)OC(=O)c1c[nH]c2c1cccc2,4.91721463
CCCCN1CCCC1CNC(=O)c2cc(C#N)c3ccccc3c2OC,6.029978734
CN(CCC1CCN(CC1)c1nc2ccccc2c(c1)C(=O)NCC1CCC(CC1)CNC(=O)OCC(C)(C)C)C,4.853871964
CCN1CCC(CC1)N(C(=O)NCc1ccc(F)cc1)c1ccc(Cl)cn1,5.036684489
CC(C)(C)NC(=O)NCCN1CCOC(CNC(=O)c2cc(Cl)cc(Cl)c2)C1,4.48148606
O=C1[C@@H]2CCN1[C@H]1CCc3ccc(Oc4cc(Cn5cncc5CN2)ccc4C#N)cc13,5.568636236
COC(=O)N1CCC(C)(CN2CCC3(CN(c4ncccc34)S(C)(=O)=O)CC2)CC1,4.769551079
ONC(=O)\C=C\c1ccc2CN(Cc2c1)C(=O)C1CCCCC1,4.522878745
CCN1CCN(CC1)c1cc2[nH]c(S[C@@]3(C)CC[C@@H](CC3)c3nnnn3C)nc2cc1Cl,5.200659451
Clc1ccc(cc1)OC1CN(C1)S(=O)(=O)c1ccc2c(c1)CCNCC2,5.679853714
COc1ccc2ncc(F)c(CCC34CCC(CC3)(CO4)NCc3ccc4OC(C)C(=O)Nc4n3)c2n1,5.886056648
Oc1ccc(nc1)[C@H]1CC[C@@H](CC1)N1CC(C1)NC(=O)CNC(=O)c1cccc(c1)C(F)(F)F,5
COc1ccc(CN(CC(=O)N2CCC3(CC2)CNC3)c2ccc(C#N)cc2)cc1F,4.696803943
COc1ccc2nc(C)n(-c3ccc(OCCCN4CCCC4)cc3)c(=O)c2c1,5
C[C@H]1N(CCn2c1nnc2-c1nc(C)ns1)C(=O)c1cc(F)c(F)c(F)c1F,4.15490196
CCCC1(CC)Cc2c(O1)cccc2CN1CCC2(CC1)CCN(CC2)C(=O)c1ccc(N)cn1,5.425968732
CCOC(=O)C1C2CCC(CC1OC(=O)c1ccccc1)N2C,5.920818754
CC(C)n1nc(C(=O)NCC2CCN(CCc3ccc(N)cc3)CC2)c2ccccc12,4.645891561
Cc1c(CCN2CCN(C(=O)Cc3cncc(-n4cnnn4)c3)CC2)ccc2c1COC2=O,4.677780705
O=C(N1CCN(CC1)C[C@H](c1ccc2c(c1C)COC2=O)F)Cc1ccc(nc1)n1cnnn1,4.657577319
CN1CCN(CCCCn2c(O)cn(N=Cc3ccc(o3)-c3ccc(Cl)cc3)c2=O)CC1,6.057991947
O=c1ccc2cccc(OC[C@@H](O)CN3CCC4(CC3)Cc3cc(Cl)ccc3O4)c2[nH]1,6.22184875
CC(=O)Nc1cccc(Nc2ncnc(n2)N2CCc3ccccc3C2)c1,5.420216403
O=C1COc2c(N1)nc(cc2)CNC1CCN(CC1)CCN1C(=O)COc2c1cc(cc2)c1n[nH]nn1,4
CNc1cc(CCN2CCN(CCc3ccc4C(=O)OCc4c3)CC2)ccc1C#N,6.173925197
C[C@H](NC(=O)COc1cc(c2c(nn(C)c2n1)-c1ccccc1)C(F)(F)F)c1c(C)n[nH]c1C,4.522878745
COCc1ccc(-c2cc3c(cc2F)ncc2c3n(C3CCOCC3)c(=O)n2C)cn1,4.568636236
CC(C)(N)c1cc(C(=O)N[C@@H]2CCc3ccc(Oc4ccnc5c4CCC(=O)N5)cc3C2)cc(C(F)(F)F)c1.Cl.Cl,5.13076828
C[C@H]1CN(CCN1c1ncc(cc1F)C(F)(F)F)S(=O)(=O)C[C@]12CC[C@H](CC1=O)C2(C)C,4.200659451
FC(F)(F)c1ccccc1C(=O)N(CC1CCC1)[C@H]1CCNC1,4.698970004
CC(C)(C)S(=O)(=O)c1ccc2nccc(Nc3n[nH]c4ncc(F)cc34)c2c1,4.915781313
O/N=C(\c1ccc(CN2CCC3(CC2)OCc2cc(F)ncc23)cc1)c1ccc(F)c(F)c1,6.552841969
C[C@H]1C[C@H]2CSC(N)=N[C@@]2(c2nc(NC(=O)c3cnc(OC(F)F)cn3)cs2)CO1,4.627087997
CC(CCCC(CCCC(C)C)C)CCC/C(=C\CC1=C(C)C(=O)c2c(C1=O)cccc2)/C,5.240332155
COc1cc(C=Cc2nc3cc(ccc3c(=O)[nH]2)S(C)(=O)=O)ccc1-n1cnc(C)c1,5
COc1ccccc1-c1nc2c(cccc2o1)C(=O)N[C@@H]1CN2CCC1CC2,6.698970004
CN1c2ccccc2C(=N[C@@H](NC(=O)Nc2cccc(C)c2)C1=O)c1ccccc1,5.958607315
N[C@H]1CCCC[C@H]1Nc1nnc(C(N)=O)c(Nc2cccc3cc[nH]c23)n1,4.707006697
CN1CCN(c2ccccc2CNC(=O)c2ccc(F)c(NC(=O)c3cnc4cc(-c5ccnn5C)ccn34)c2)CC1,5.397940009
OCCNCc1cc(ccc1OC)c1ccc2c(n1)nc(nc2N1CCOCC1)N1C[C@H](C)O[C@H](C1)C,4.560667306
COc1cc(ccc1-n1cnc(C)c1)-c1cn(CC(=O)NC2C3CC4CC(C3)CC2C4)nn1,5.397940009
O[C@@]1(CC23CCC(CC2)(CO3)NCc2ncc3OCCOc3c2Cl)Cn2c3c1c(F)cnc3ccc2=O,4.22184875
O=C(NC1CN(C1)C1CCC(CC1)C1CCCCC1)CNc1nn(c2c1cc(cc2)C(F)(F)F)C,5.508638306
C[C@@H]1CCCN1CCc1ccc(-c2ccc(S(N)(=O)=O)cc2)cc1,5.112703476
COc1cnc2ccc(=O)n(CCN3CCC(CC3)NC(=O)c3cnc(C)c(c3)C#N)c2c1,4.13076828
O=C(Nc1cnc(Oc2ccc(F)cc2)nc1)N1CCc2ncccc2[C@@H]1c1ccc(F)cc1,4.974694135
CNC(=O)c1cc(Oc2ccc3nc(NC(=O)c4cc(C(F)(F)F)cc(C(F)(F)F)c4)sc3c2)ccn1,4.315334136
Cc1ccc2oc(nc2n1)N1CCN2CCC1CC2,4.397940009
CN1CCN(c2ncnc3c2nc(-c2ccc(Cl)cc2Cl)n3-c2ccc(Cl)cc2)CC1,6.455931956
COc1c(OC(C)(C)C)cc(CN2CC(=O)N(CCCCCC(c3ccc(F)cc3)c3ccc(F)cc3)CC2=O)cc1OC(C)(C)C,4
COc1ccc(Cn2c(=O)n3ncnc3c3c4c(sc32)CN(CC2CCOCC2)CC4)cc1,5.657577319
COc1ccc(cc1)[C@@H](C)N[C@@H]1CC[C@@H](C(=O)N2CCC(CC2)(N2CCCCC2)c2ccccc2)C(C)(C)C1,5.173925197
C[C@H]1Cc2c([nH]c3cc(Cl)c(F)cc23)[C@@]2(N1)C(=O)Nc1ccc(Cl)cc21,4.519993057
C[C@@H]1CCCN1CCc1ccc2nc(ccc2c1)-c1ccc(s1)-c1ccc(C)s1,5.698970004
Clc1cccc(c1)N1CCN(C1=O)CCN1CC2CCC1Cc1c(C2)cccc1,7.200659451
CN1CC(=O)N=C1N,5.359995853
O=C(Nc1ccc(cc1)-c1nnc(NCCCN2CCCCC2)o1)C1CCCC1,4.600326279
CC(C)N1CCO[C@@H](CN2CCN(CC2)C(=O)Nc2ccc(Cl)c(Cl)c2)C1,5.200659451
O=C(NC1CC1c1ccccc1)N1CCC(CC1)n1cncn1,4.522878745
CC1(C)Oc2cccc(CN3CCC4(CC3)CCN(CC4)C(=O)c3ccnc(N)c3)c2O1,5.060480747
COc1cc(N)c(Cl)cc1C(=O)N[C@H]1CCN(CCCn2ccnc2)C[C@H]1OC,5.139003563
CCCCN(CC)C/C=C/CCc1ccc(Cl)cc1,5.728623128
C[C@@H]1CN(CCN1C(=O)C(=O)c1c[nH]c2ccccc12)C(=O)c1ccccc1,4.096910013
O1[C@H](CC)[C@](O)(C)[C@H](O)[C@@H](C)C(=O)[C@@H](C[C@](O)(C)[C@H](O[C@@H]2O[C@@H](C[C@H]([NH2+]C)[C@@H]2O)C)[C@@H](C)[C@H](O[C@@H]2O[C@@H](C)[C@H](O)[C@](OC)(C2)C)[C@H](C)C1=O)C,3.832682665
CCCCN(C/C=C\CCc1ccc(cc1)Cl)CC,5.728158393
CC(C)OC(=O)C1=CN(CC(C)(C)c2c1[nH]c1cc(F)ccc21)C(=O)c1ccc(OCCCN2CCOCC2)cc1,4.522878745
ONC(=O)C=Cc1ccc2c(c1)CN(C2)S(=O)(=O)c1cccc(c1)C(F)(F)F,4.522878745
O=C(c1ccccc1)N1CCC(CC1)(CCN1[C@@H]2CC[C@@H]1C[C@@H](C2)n1c(C)nc2c1cccc2)c1ccccc1,5.698970004
Cc1cccc(C)c1C(=O)N1CCC(CC1)N1CCC(CC1)N(Cc1ccccc1)C(=O)C1CCC1,5.468521083
CC(C)(C)c1cc(cc(c1)C(C)(C)C)C(=O)NC[C@@H]1CCN(C1)C(=O)CCCCC(c1ccc(F)cc1)c1ccc(F)cc1,5.698970004
OC(=O)COc1ccccc1N1CCC(CN2CCC(CC2)Oc2ccc(Cl)c(Cl)c2)CC1,4.500312917
COc1ccc(/C=C/CN(C)Cc2ccc3c(c2)CCCCC3)cc1.Cl,5.494850022
CC(C)CN([C@H]1CCNC1)C(=O)c1cc(Cl)ccc1Cl,4.70333481
C[C@@H]1CCCN1CCc1ccc2nc(ccc2c1)-c1cc(C)nc(n1)-c1ccccc1,7
Cc1n[nH]c(=O)cc1-c1ccc(OC2CCN(CC2)C2CCC2)cc1,5.15490196
CC1(C)CC(NC(=O)C2(O)CC2)c2cc(-c3ccc(Cl)cc3)c(nc2O1)-c1ccc(Cl)cc1Cl,6.522878745
O[C@@]1(CC[C@@H](CC1)N1CC(C1)NC(=O)CNC(=O)c1cccc(c1)C(F)(F)F)c1ccccc1,5
CNCc1cc(Cl)ccc1Oc1ccc(Cl)c(Cl)c1,5.508638306
Cc1c[nH]c2c(Nc3nc(N[C@@H]4CCCC[C@@H]4N)cc4cc[nH]c(=O)c34)cccc12,5.086186148
FC(F)(F)c1nc(sc1Cl)N1CCN(CC1)C(=O)[C@@H]1CCCC[C@H]1C(=O)NC1(CC1)C#N,4.600326279
CO[C@H]1C[C@H](O[C@@H]2[C@@H](C)C(=O)O[C@H](C)[C@H](C)[C@H](O)[C@H](C(=O)[C@]3(C[C@@H]([C@@H]([C@H]2C)O[C@@H]2O[C@H](C)C[C@@H]([C@H]2O)N(C)C)C)CO3)C)O[C@H]([C@@H]1O)C,3.468521083
O(C)c1cc(ccc1OC)C[NH2+]C[C@@H](O)COc1cc2C=CC(=O)Nc2cc1,6.019996628
CNC(=O)CCCCO[C@H]1[C@H](C)C[C@@](C)(O)[C@H](O[C@@H]2O[C@H](C)C[C@@H]([C@H]2O)N(C(C)C)C)[C@@H](C)[C@H](O[C@@H]2O[C@@H](C)[C@@H]([C@](C2)(C)OC)O)[C@H](C(=O)O[C@@H]([C@@]([C@@H]([C@H]1C)O)(C)O)CC)C,3.522878745
CCc1cccc(c1)NC(=O)N1CCc2c(C1)c(nc(n2)c1cnc(nc1)C#N)c1ccccc1C,6.698970004
Cc1cccnc1CN1CCC2(CC1)N(C(=O)N(C2=O)c1ccc(cc1)C1CCCCC1)c1cc(=O)[nH]cn1,6
CC1NCCCc2c(C)c3c(n2c2cc(NC1)c(cc2)C(=O)N)CC(CC3=O)(C)C,5.494850022
Cn1nc(NCC(=O)NC2CN(C2)[C@H]2CC[C@H](CC2)C(N)=O)c2cc(ccc12)C(F)(F)F,4.494850022
CCCC1(CCCN1)C(=O)c1ccc2[nH]ncc2c1,5
Cc1c(ccc(F)c1C#N)[C@@H]1CN2CCN(C[C@H]2CO1)C(=O)Cc1cnc(nc1)-n1cnnn1,5.229147988
CC(C)N(C)[C@@H]1CC[C@@H]([C@H](CS(=O)(=O)c2ccccc2)C1)N1CC[C@H](NC(=O)c2cc(F)cc(c2)C(F)(F)F)C1=O,4.657577319
CC1(C)c2nc(-c3ccc(F)cc3)c(Nc3ccc(Cl)cc3)n2CCN1C(=O)CN,5.142667504
Cc1c(CCN2CCN(CCc3ccc4c(c3C)COC4=O)CC2)ccc2c1COC2=O,5.522878745
Cc1cc2ncc(cn2n1)C(=O)NCC(C)(C)NCC(=O)N1CCC[C@H]1C#N,3.301029996
COC(=O)C1(CNC(=O)c2cc(Cl)cc(Cl)c2)CCN(Cc2ccc(OC)cc2)CC1,7
C[C@@H](N1CCn2nc(nc2C1)-c1ccc(nc1)C#N)[C@](O)(Cn1cncn1)c1ccc(F)cc1F,4.397940009
Cc1c(CN2CCOCC2)cc(-c2ccc(C(C)C)cc2)n1CC(C)C,4.795880017
COc1ccc(cc1)C(SC[C@H](N)C(O)=O)(c1ccccc1)c1ccccc1,4.602059991
Cc1cc(ccc1-c1ccnc(NCc2n[nH]c3ncccc23)c1)C#N,5.721246399
ONC(=O)C=Cc1ccc2c(c1)CN(C2)CCc1c[nH]c2c1cccc2,4.522878745
C[C@H]1N(CCn2c1nnc2-c1nc(C)ns1)C(=O)c1ccc(F)cc1,4.070581074
O=C(NC1CN(C1)C1CC[C@](CC1)(O)c1ccc(cc1)F)CNC(=O)c1cccc(c1)C(F)(F)F,5.552841969
CCCN(c1cncnc1)P(=O)(c1ccccc1)c1ccccc1,4.48148606
NC1=NC2(CO1)c1cc(ccc1OC1(CCC1)C21COC1)-c1cncc(c1)C(F)(F)F,5
N#Cc1cnccc1COc1cnc(N2CCN(c3nnc(C(F)(F)F)o3)CC2)nc1,4.700000504
CCN1C[C@H](NS(=O)(=O)C(C)C)[C@H](C1)c1ccc(cc1)-c1ccc(cc1)C#N,6.397940009
C[n+]1c(cccc1C#CCOc1ccccc1)C#CCOc1ccccc1,4.853871964
COc1cc(NC(=O)c2ccccc2F)ccc1-c1nnc(NCCCCN2CCOCC2)o1,4.200659451
COc1cc2c(cc1OC)ncnc2N1CCC(CC1)NS(=O)(=O)N,5
CN(c1nc(c2ccccc2Cl)c2c(n1)N(C(=O)NC2)c1c(Cl)cccc1Cl)C,5.22184875
CNC(C)c1ccc(Cl)cc1Oc1ccc(C)cc1,5.432973634
CC(=O)Nc1ccc2c(c1)[n+](C)c1c3c2cccc3n(c2c1cccc2)C,5.431798276
CC(C)(C)c1[nH]c2ncccc2c1CCNCc1ccc(C=CC(=O)NO)cc1,4.522878745
CCc1oc(CCc2cc(cc(NCC#N)n2)N2CCOCC2)nc1C,5.366531544
Clc1cc(cc(c1)Cl)CN(C1CC1)C1CNC1,5.326979093
COC1CCN(Cc2cc(-c3ccc(C(F)(F)F)cc3)n(-c3ccc(F)cc3)n2)CC1,5.494850022
COc1ccc2nccc([C@H](O)[C@H]3CC4CCN3C[C@@H]4C=C)c2c1,6.522878745
CCC(OC(C)=O)C(CC(C)N(C)C)(c1ccccc1)c1ccccc1,5.657577319
CC(N1C(C(=O)NC(C)(C)CO)c2ccccc2C1=O)c1ccccc1,4.48148606
CN1CCN(CC1)c1cccc2OC[C@H](Cc12)NC(=O)c1nn(nc1C)-c1ccc(C)cc1C,5
OC(=O)[C@H](N1C[C@@H]([C@H](C1)c1cccc(c1)F)CN1CCC(CC1)c1cnc2n1cc(cc2)C(F)(F)F)CC1CCC1,5
CCO/N=C/c1ccc(OCCCCCN2CCN(c3ccnc(N)c3)S2(=O)=O)cc1,5.045757491
Nc1ccc(cn1)-c1nnc([nH]1)C1CCN(Cc2ccc(cc2)-c2nc3nc(ccc3nc2-c2ccccc2)N2CCN(CCO)CC2)CC1,5
FC(F)(F)C1(CCC1)c1nnc(s1)-c1nn(c(c1Cn1cncn1)-c1ccc(Cl)cc1)-c1ccc(Cl)cc1Cl,5
O=C(c1ccc(Cl)cc1)N1CCN(c2ccc(OC3CCN(C4CCCC4)CC3)cc2)C(=O)C1.O=CO,5.399996913
Fc1cccc(c1)C1(CCN2[C@@H]3CC[C@@H]2C[C@@H](C3)n2c(C)nc3c2cccc3)CCN(CC1)C(=O)c1c(Cl)ccc(c1Cl)S(=O)(=O)N,4.283996656
OC(=O)[C@H](Cc1cccc(c1)C#N)N1CCC(CN2CCC(CC2)Oc2ccc(Cl)c(Cl)c2)CC1,4.900001867
CN1CCN(CC1)c1cc2c(cc1OC(C)C)ncc(c2Nc1cccc(c1Cl)Cl)C(=O)N,5.30980392
CNS(=O)(=O)c1cccc(c1)C(=O)N1CCC(CCN2C3CCC2CC(C3)n2c(C)nc3ccccc23)(CC1)c1ccccc1,4.200000237
Fc1ccc(cc1)[C@]1(O)CCN(CC1)[C@@H]([C@H](c1ccc2c(c1)CN(C(=O)N2)C)O)C,5.508638306
NC1CCC(CC1)CN(C(=O)c1ncn(c1)C)Cc1cccc(c1)Cl,4.187086643
CC(C)n1c(C)ncc1-c1nc(Nc2ccc(cc2)N2CCN(CC2)C(=O)CO)ncc1F,4.744727495
O=C(c1ccccc1C1CCCC1)N(C1CCNC1)CC1CCC1,5.655607726
CCCOCCn1c2cc(ncc2nc(c1=O)N1CCN(CC1)[C@@H]([C@@H](O)C)C)c1ccc(nc1)OC,7.26760624
Clc1ccc(cc1)C(=O)C1CCN(CC1)CCc1cccc2c1cccc2,7.148741651
O=C(C1CCOC1)N1C[C@H]2[C@@H](CNc3nc(cs3)-c3ccccn3)[C@H]2C1,5.699991797
CO[C@@]1(CC23CCC(CC2)(CO3)NCc2ccc3OCC(=O)Nc3n2)Cn2c3c1c(F)cnc3ccc2=O,5.13667714
Cc1ccccc1CN([C@H]1CCN(C1)S(C)(=O)=O)c1ccc(C#N)c(Cl)c1,5.552841969
CC(C)C1=NC(C)(N=C1N)c1cccc(c1)-c1cccnc1,4.48148606
COc1ccc(cc1)[C@@]1(O)CC[C@@H](CC1)N1CC(C1)NC(=O)CNC(=O)c1cccc(c1)C(F)(F)F,5.050609993
CCCC[C@@H](CCO)Nc1nc(N)nc2cccc(C)c12,6.22184875
CNC(=O)c1ccc(Oc2ccc(cc2)S(=O)(=O)[C@@]2(CCC3(C2)CCNCC3)C(=O)NO)cc1,4.187086643
ONC(=O)\C=C\c1ccc2CN(Cc2c1)S(=O)(=O)c1cccc(c1)C(F)(F)F,4.522878745
Clc1c(ccc2c1OCCO2)CNC12CCC(CC1)(OC2)CC1(O)Cn2c3c1c(F)cnc3ccc2=O,4.22184875
NC1=NC2(CO1)c1cc(NC(=O)c3ccc(Cl)cn3)ccc1OCC21CC1,5.657577319
O=C(c1ccccn1)[C@]12Cc3cnn(-c4ccc(F)cc4)c3C=C1CCN(S(=O)(=O)c1ccc(C(F)(F)F)cc1)C2,5.301029996
CC(C)CN([C@H]1CCNC1)C(=O)c1cccc(F)c1C(F)(F)F,5
COc1nc2ccc(/C=N/O)cc2cc1C(c1ccccc1)C(O)(CCN(C)C)c1cccc2ccccc12,5.455931956
CCCN([C@H]1CCNC1)C(=O)c1cccc(Cl)c1Cl,4.730487056
CCOC[C@@H](CC(C)C)NC(=O)[C@@H]1CNC[C@@H](C1)C(=O)N(C1CC1)c1cc(OC)c(cn1)C(C)C,4.522878745
O[C@]1(CC[C@@H](CC1)N1CC[C@H](C1)NC(=O)CNC(=O)c1cccc(c1)C(F)(F)F)c1cnccn1,9
CC1(C)CC(NC(=O)CC(O)C(F)(F)F)c2cc(-c3ccc(Cl)cc3)c(nc2O1)-c1ccc(Cl)cc1Cl,5.835647144
CCCCN1CCC[C@H]1Cn1nc(Cc2ccc(cc2)Cl)c2c(c1=O)nccc2,7.102372909
CCc1ccc2c(c1)CC(=CC2=O)C(=O)NC1CCN(CC1)Cc1ccc2c(c1)OCO2,5.13076828
C[n+]1c(cccc1C#CC1CCCCC1)C#CC1CCCCC1,5.366531544
CSc1ccccc1C(=O)N(CC1CCC1)[C@H]1CCNC1,4.698970004
CCCCC/C=C\C/C=C\CCCCCCCC(=O)N,5.301029996
CCCNC(C(=O)Nc1c(C)csc1C(=O)OC)C,3.649751982
CSc1ccc(cc1)[C@H]1N=C(OCc2ccc(NS(C)(=O)=O)cc2)N(C)Cc2ccccc12,4.251811973
O=C(NC[C@H]1[C@@H]2CN(C(=O)C3CC3c3cc(Cl)cc(Cl)c3)C[C@H]12)c1ccc2[nH]c(=O)oc2c1,5.327902142
COc1cccc(c1)S(=O)(=O)N1Cc2ccc(\C=C\C(=O)NO)cc2C1,4.522878745
Cc1nc2ccc(F)cc2n1C1C[C@@H]2CC[C@H](C1)N2CC[C@H](NC(=O)C1CCS(=O)(=O)CC1)c1cccc(F)c1,5
OC(=O)[C@H](Cc1ccc(F)cc1)N1CCC(CN2CCC(CC2)Oc2ccc(Cl)cc2)CC1,4
Cc1nc(N)ccc1-c1n[nH]c2nc(N3CCC4(CC3)CO[C@@H](C)[C@H]4N)n(C)c(=O)c12,5.180456064
COc1ccc(cc1C(F)(F)F)C12CC1CN(CCCSc1nnc(-c3ocnc3C)n1C)C2,5.900008766
CN1Cc2ccccc2[C@H](N=C1CCc1ccc(NS(C)(=O)=O)cc1)c1ccc(F)cc1F,4.420216403
N#Cc1ccc2c(c1)n(CCN1CC[C@@H]([C@H](C1)O)NCc1ccc3c(n1)NC(=O)CO3)c(=O)cc2,3.515700161
CO/N=C(/Cc1c(F)cnc2ccc(OC)nc12)C12CCC(NCc3ccc4c(n3)NC(=O)CO4)(CC1)CO2,5.602059991
COc1nccnc1[C@H](C)C1=C(CCN(C)C)Cc2cc(F)ccc12,5.744727495
CC(C)Oc1ccc(cc1C(=O)N1CCN(CC1)c1ccc(cc1F)C#N)S(C)(=O)=O,5.48148606
Cl.Cl.NC1(c2cc(C(=O)N[C@@H]3CCc4ccc(Oc5ccnc6c5CCC(=O)N6)cc4C3)cc(C(F)(F)F)c2)CCC1,5.508638306
CN1CCC[C@H]1Cn1nc(Cc2ccc(cc2)Cl)c2c(c1=O)cccn2,5.167491087
CNC1CCC(CC1)N1CCc2c1cc(cc2)NC(=N)c1cccs1,4.886056648
COc1cccc2CCN([C@@H](c3ccccc3)c12)C(=O)CNC[C@@H](C)O,4
Cn1ncc(C(=O)N2[C@H]3CC[C@@H]2C[C@@H](C3)Nc2cc(=O)n(C)c3ncccc23)c1Cl,4.48148606
Clc1ccc(cc1)C1(CCC1)[C@H]([NH+](C)C)CC(C)C,4.801342913
CCOC(=O)c1nn(-c2ccc(Cl)cc2)\c(=N\c2nc(cc(-c3ccccc3)c2C#N)-c2ccccc2)s1,5.075720714
c1ccc(cc1)CCCN1CCC(CC1)CNc1ncccn1,6.327902142
COc1cc(ccc1Nc1ncc(Cl)c(n1)-c1cnc2ccccn12)N1CCN(CCS(C)(=O)=O)CC1,5.026872146
C1CN(CCN1)c2ccc3ccccc3n2,4.579999668
Clc1ccc(cc1Cl)[C@@]12CNC[C@@H]1CCCC2,5.188424994
Cc1nc2cn(Cc3ccccc3)cc2c(c1CN)-c1ccc(Cl)cc1Cl,4.853871964
CC(C)=CCn1c(N2CCC[C@H](N)C2)c(C#N)c2ncn(Cc3ccnc4ccccc34)c(=O)c12,5.37675071
CO[C@@H](c1ccc2c(c1C)COC2=O)CN1CCN(CC1)C(=O)Cc1ccc(nc1)n1cnnn1,4
O=C1NCC(c2ccccc2)C11CCN(CC1)C1(CCCOC1)c1ccccc1,4.958607315
CC(N1CCC(CC1)n1c(C)nnc1C(C)C)CC(c1ccccc1)NC(=O)C1CCC(CC1)(F)F,5
OCCN1CCC(CC1)N(C(=O)NCc1ccc(F)cc1)c1ccc(Cl)cc1,4.896196279
COC(=O)[C@@H]1[C@H]2CC[C@@H](C[C@@H]1O)N2C,3.379999983
CC1CCCN1CCc1ccc(cc1)-c1ccc(cc1)S(=O)(=O)NCC1CC1,5.585026652
NC(=O)N1CCc2c(C1)sc(n2)c1ccc(cc1)OC1CC(C1)N1CCCCC1,4.522878745
CC(O)c1ccc2OCC(=O)N(CCN3CCC(CC3)NCc3ccc4OCC(=O)Nc4n3)c2c1,4
Cc1[nH]c2ccccc2c1CCN1CCCC1c1ccc(\C=C\C(=O)NO)cc1,4.71219827
Clc1ccc(cc1)c1cc2[C@@H](NC(=O)c3n[nH]c4c3cccc4)CC(Oc2nc1c1ccc(cc1Cl)Cl)(C)C,5.337242168
Cc1cccc(-c2cc3c(N[C@@H]4CC[C@](C)(N)C4(C)C)c(C(N)=O)cnn3c2)c1,5.113509275
Cc1c(ccc2nonc12)[C@H]1CN2CCN(C[C@H]2CO1)C(=O)Cc1ccc(nc1)-n1cnnn1,5
CCCCNc1nc(N)nc2c1CN(C(=O)c1csc(C)n1)CC2,5.886056648
COc1ccc2c(c1)c(ccn2)C(CN1CCC(CC1)NCc1ccc2c(c1)OCCO2)O,4.400116928
NC(=O)c1cccc(c1)OC1CC2CCC(C1)N2C1CCCCC1,5.022276395
O=C(N1CCC2(CC1)C(=O)Nc1c2cccn1)N[C@@H]1CC[C@H](Cn2c1ncc2C1(CC1)C(F)(F)F)c1cccc(c1F)F,5.920818754
CC1NCCN(C1)Cc1cccc(c1)c1cc(CNC(=O)c2cccc(c2)CC2CCNCC2)ccc1F,5
C[C@H]1CCCN1CCCOc1ccc2c(c1)CC[C@@H]1[C@@H]2CC[C@]2(C)C(=O)C[C@@H](C(=O)N3CCCC3)[C@@H]12,4.096910013
CN(c1ccc(-c2ccc(-n3cccn3)cc2O)nn1)C1CC(C)(C)NC(C)(C)C1,6.522878745
CCN(C1CCN(CC[C@H](C2CCN(CC2)S(C)(=O)=O)c2cccc(c2)C(F)(F)F)CC1)C(=O)Cc1ccc(cc1)S(C)(=O)=O,5.102372909
CCOC(=O)c1sc2nc(\C=C\c3ccc(c(OC)c3)-n3cnc(C)c3)nc(N)c2c1C,6.008773924
C[C@H](c1c(CCN(C)C)sc2ccccc12)c1ccc(F)cn1,6.698970004
Cc1ncoc1-c1nnc(SCCCN2CC3CC3(C2)c2ccc(cc2F)C(F)(F)F)n1C,6.15490196
COc1ccc(Cn2c(=O)n3ncnc3c3c4c(sc32)CN(CC2CCOCC2)CC4(F)F)cc1,5.036212173
Cn1nccc1-c1cc(NC(=O)c2ccc(F)cc2F)ccc1OCCN1CCOCC1,5.387216143
CC1(C)CC(NC(=O)C(F)(F)CO)c2cc(-c3ccc(Cl)cc3)c(nc2O1)-c1ccc(Cl)cc1Cl,7.096910013
C[C@@H](c1ncncc1F)[C@](O)(Cn1cncn1)c1ccc(F)cc1F,4.397940009
COc1ccc(cc1)C[C@H]1N(C)CCc2c1cc(Oc1cc(ccc1O)C[C@H]1N(C)CCc3c1cc(OC)c(c3)OC)c(c2)OC,5.129654629
COc1ccc(cc1)[C@@H](C)N[C@@H]1CC[C@@H](C(=O)N2CCC(CC2)(c2nnc(C)o2)c2ccccc2)C(C)(C)C1,5
C[C@H]1C[C@H]2CSC(N)=N[C@@]2(c2nc(NC(=O)c3ccc(C#N)cn3)cs2)CO1,4.91721463
CCCCN(C/C=C\Cc1ccc(cc1)Cl)CC,5.946921557
COc1cc(Nc2cc(ccn2)-c2cccc(c2)C#N)ccc1N1CCOCC1,5.113509275
CCCCN(CC)C/C=C/Cc1ccc(Cl)cc1,5.948076084
CC(C)(C)OC(=O)N1CCC(CC1)N1C(C(=O)NCc2ccc(OC(F)(F)F)cc2)c2ccccc2C1=O,4.853871964
Clc1cc(c2OCCc2c1N)C(=O)NC1CC[NH+](CC1)CCCOC,5.387216143
CC1(C)Oc2ncnc(N)c2N=C1c1ccc(cc1)[C@H]1CC[C@H](CC(O)=O)CC1,5
C(CN1CCCC1)Oc1ccc2Nc3nccc(n3)-c3ccc(COC\C=C\COCc1c2)o3,5
C[C@H]1CCCN1CCCOc1ccc(cc1)-n1c(C)nc2ccccc2c1=O,5.22184875
C[C@@H]1CCCN1CCc1ccc(-c2ccc(S(=O)(=O)NCc3ccncc3)cc2)cc1,5.090920244
OC(=O)[C@H](Cc1ccccc1)N1CCC(CN2CCC(CC2)Oc2ccc(Cl)c(Cl)c2)CC1,4.801342913
FC(F)(F)c1ccc(cc1)-n1ccc(CN2CCC(CC2)NC(=O)N2CC(C2)N2CCS(=O)(=O)CC2)c1,4.500312917
Clc1cc(C(=O)NCCc2ccc(S(=O)([O-])=NC(=O)NC3CCCCC3)cc2)c(OC)cc1,4.130006
CS(=O)(=O)Nc(cc1)ccc1[C@H](O)CCC[N@H+](CC)CCCCCCC,8
CCC(c1ccc(cc1)Cl)NC(=O)C1(N)CCCN(C1)c1ncnc2c1cc[nH]2,5.187755303
Cc1cc(C(N)=O)c(-c2cccc(OC(=O)NCCN3CCN(c4ccccc4)CC3)c2)s1,6.550059011
CN1CCc2c(sc3c2c2ncnn2c(=O)n3Cc2ccc(Cl)cc2)C1,7.161150909
Cn1cnc(-c2cnc(N)c(O[C@@H]3CN(C(=O)Cc4ccc(OC(F)(F)F)cc4)C[C@H]3F)c2)c1,4.823908741
CN(C)C(=O)Oc1ccc[n+](C)c1,4.879998926
NC1=NC(c2cccc(F)c12)(c1ccnc(c1)C1CC1)c1cccc(c1)-c1cncnc1,5.455931956
CC(NCC(c1ccc(cc1)NS(=O)(=O)C)O)C,3.555955204
CC1(c2ccc(C#N)cc2)NC(=O)N(CC(=O)c2ccc(F)cc2F)C1=O,4.599999383
Clc1cncc(-c2ccc3cnccc3c2)c1N1CCC2(CCNC2=O)CC1,5
CCc1cc(COc2cc(C(=O)N3CCC[C@@H](N)C3)nn2-c2ccc(C#N)cc2)on1,5.301029996
O=C(NC1CC1c1ccccc1)N1CCC(CC1)c1nc(no1)-c1ccncc1,5
COc1ccc(cc1OC)C1CCN(CCN2CCOc3ccccc23)CC1,6.599980365
O[C@H]1Cc2ccccc2C2(CCC(N3CCN(C4CCCCC4)CC3)CC2)O1,5.49390104
CC(C)c1nnc(C)n1C1CCN(CC1)C(C)C[C@H](NC(=O)C1CCC1)c1ccccc1,5.397940009
CC(C)Oc1ccc(cc1C#N)-c1nc(no1)-c1ccc2CN(CC(=O)N[C@@H](C)CO)CCc2c1C,5
COC[C@H](N)CNc1cnc(C(N)=O)c(Nc2cc(C)cc(C)n2)c1,5.795880017
NC(=O)c1cnc2[nH]ccc2c1N[C@H]1CCN(C[C@H]1F)c1ccc(cn1)C#N,4
Brc1ccc(Nc2ccc(CN3CCC4(CC3)OCCc3sccc34)cc2)cc1,5.102372909
CN(C)c1ccc(CNC(=O)[C@@H]2CNC[C@H]2c2ccc(Oc3ccccc3)cc2)cc1,5.675717545
CC(C)N1CCN(CC1)C(=O)N1CCc2ccccc2C1,3.93930216
Cc1cccc2nc(C)n(-c3ccc(OCCCN4CCCC4)cc3)c(=O)c12,5.180456064
O=C(NC(c1ccccc1)c1ccccc1)[C@@H]1CC[C@@H](N2CCOCC2)C[C@H]1c1ccccc1,6.769551079
Cn1c(SCCCN2CC3CCN(c4ccccc4C#N)C3C2)nnc1-c1cnccn1,6.7000571
CCN(CC)C(=O)c1ccc(cc1)C(=C1CCN(Cc2ccc(F)cc2)CC1)c1ccccc1NC(=O)OC,5.327902142
COc1cc(ccc1Nc1ncc(c(n1)c1cnc2n1cccc2)Cl)N1CCN(CC1)C(=O)C(N)C,5.026872146
Cc1ccc(cc1C)Cn1c(nc2c1cccc2)[C@H]1CNCCO1,5.468521083
CCCCCCCN(CC)C/C=C/c1ccc(Cl)cc1,6.614393726
CC(C)(N)C(=O)N1CCC(CC1)c1ccc(NC(=O)c2ncc([nH]2)C#N)c(c1)C1=CCCCC1,5
COc1cc(ccc1Nc1ncc(Cl)c(n1)-c1cnc2ccccn12)C(CO)CO,4.48148606
CC(C)(C)c1ccc2[nH]c(C(C)(C)N)nc2c1,4.387216143
C[C@@H]1CCCN1CCc1ccc2nc(ccc2c1)-c1c(C)n[nH]c1C,4.397940009
COc1ccc(cc1)[C@H]1CN(CCc2ccc(OC)c(OC)c2)C[C@@H]1CC(=O)N(C)c1cccc(Cl)c1,9
N[C@H](Cc1cc(F)c(cc1F)F)CC(=O)N1CCC2C1CCC2,4.397940009
FC(F)(F)c1ccc2[nH]nc(NCC(=O)NC3CN(C3)[C@H]3CC[C@H](CC3)n3ccccc3=O)c2c1,4.468521083
CC(=O)c1ccc2OCC(=O)N(CCN3CCC(CC3)NCc3ccc4OCC(=O)Nc4n3)c2c1,4.308918508
Cc1ccc(cn1)c1noc(n1)C1=CC2(c3c1cccc3)CCN(CC2)CC1CCCO1,5.366531544
FC(F)(F)c1ccc(cc1)[C@@H]1C[C@H]1C(=O)N1CCN(CC1)S(=O)(=O)c1cc(cc(c1)C(F)(F)F)-c1ncon1,5.920818754
CNc1nc2ccccc2n1-c1nc2N3CCOC[C@H]3COc2c(n1)C(C)(C)S(C)(=O)=O,2.397940009
Cc1nc(C(=O)NCCCN2CCN(c3cccc(Cl)c3Cl)CC2)cc(C(C)C)n1.Cl,5.26760624
CNC(=O)[C@H]1O[C@H]([C@H](O)[C@@H]1O)n2cnc3c(NCc4cccc(I)c4)ncnc23,4.809999052
CC(C)(O)c1nc2cc(Cl)ccc2n1[C@H]1CC[C@@H](NCC2Cc3ccc(Cl)cc3C2)CC1,6.37675071
Cc1ncccc1-c1nnc(SCCCN2CC[C@]3(C[C@@H]3c3ccc(C(F)(F)F)cc3)C2)n1C,5.199998172
O[C@]1(CC23CCC(CC2)(CO3)NCc2ccc3OCC(=O)Nc3n2)CN2c3c1c(F)cnc3CCC2=O,4.22184875
FC1CN(C1)C(=O)[C@H]1NC[C@H](C1)N1CCN(CC1)c1ncccn1,4
N[C@@H](Cc1c[nH]c2c1cccc2)COc1cc(c2cnc3c(n2)[nH]nc3C)c(nc1N)c1ccoc1C,4.982966661
FC(F)(F)c1cccc(c1)C(=O)NCC(=O)NC1CN(C1)[C@H]1CC[C@H](CC1)c1ccc2OCOc2c1,5.552841969
CCCCCCCN(CC)C/C=C\Cc1ccccc1,6.754487332
CCOc1cc(CN2CCC(c3ncc(-c4ccc(F)cc4)[nH]3)CC2)cc(OCC)c1-c1ccc(F)cc1,6.585026652
COc1ncnc(c1)N1C(=O)N(C(=O)C21CCN(CC2)Cc1ncccc1C)c1ccc(cc1)c1ccc(o1)C(=O)O,4.22184875
O=C(N[C@@H]1CN(C1)[C@@H]1CC[C@H](CC1)c1ccc2c(c1)OCO2)CNC(=O)c1cccc(c1)C(F)(F)F,6
COc1nc(OC)ccc1c1nc2c(n1C(C(=O)NC1CCC(CC1)C(=O)O)C1CCCCC1)cc(c(c2)F)F,5
CN(C1CCN(Cc2ccc(cc2)C(F)(F)F)CC1)C(=O)Cc1ccc(NC(C)=O)cc1,5.346787486
ONC(=O)C=Cc1ccc2c(c1)CN(C2)S(=O)(=O)c1ncn(c1)C,4.522878745
CN1C2CCC1CC(C2)Nc1nc2c(c(n1)c1ccccc1Cl)CNC(=O)N2c1c(Cl)cccc1Cl,5.050609993
Fc1ccc(cc1)[C@@]12CN(C[C@H]2C1)CCCSc1nnc(n1C)c1ocnc1C,5.698970004
C[C@@H](NC(=O)Cc1ccc(cc1)-c1cnn2ncccc12)c1ccc(OCC(F)(F)F)cn1,4.522878745
OC(C(Cc1ccccc1)N1CCOCC1)(c1cccnc1)c1cccnc1,4.823908741
Cc1cccc(c1)N1CCN(CC1)CCCCNC(=O)c1cc2c(o1)cccc2,6.031517051
Cn1cc(nn1)C1CCN(CC1)C(=O)NC1CC1c1ccccc1,4.522878745
Cc1nn(C)c(C)c1-c1nc2c(N3CCN(Cc4cccnc4)CC3)c(Br)cnc2[nH]1,4.966576245
Cn1c(SCCCN2CC[C@]3([C@@H](C2)C3)c2ccc(cc2)C(F)(F)F)nnc1c1ocnc1C,6.102372909
CNCc1ccc(Br)cc1Oc1ccc(Cl)c(Cl)c1,6.011441043
O[C@]1(CC[C@@H](CC1)N1CC[C@H](C1)NC(=O)CNC(=O)c1cccc(c1)C(F)(F)F)c1ccncc1,9
CN(C)S(=O)(=O)c1cccc(c1)C(=O)N1CCC(CCN2C3CCC2CC(C3)n2c(C)nc3ccccc23)(CC1)c1ccccc1,5.699991797
c1ccc(nc1)C#Cc1ccc2ccccc2n1,4.692503962
O[C@]1(CC[C@@H](CC1)N[C@H]1CCN(C1)C(=O)C1CCN(CC1)c1cccc(n1)C(F)(F)F)c1ccc(cn1)-c1ncccn1,5
COc1ccc(CC(=O)NCc2ccccc2-c2ccccc2C(=O)NCCc2cccnc2)cc1,5
N[C@H]1CCCC[C@H]1Nc1nnc(C(N)=O)c(Nc2cccc3[nH]ccc23)n1,5.431798276
FC(F)(F)c1ccc(cc1)-n1ccc(CN2CCC(CC2)NC(=O)NC(Cn2ccnc2)c2ccccc2)c1,4.500312917
CN1CCC(COCc2cc(cc(n2)C2CC2)C(F)(F)F)(CC1)c1ccc(F)cc1,4.886056648
CC[N+]1(C)CCc2c(sc(NC(=O)Nc3ccc(Cl)cc3)c2C(N)=O)C1.[I-],5.4710833
Cc1cc2nc(CC3CCCCC3)n(Cc3ccc(Cl)cc3)c2cc1C,5
CC1(C)CN2C(CS\C(NC3CCCCC3)=N/C3CCCCC3)=CSC2=N1,4.879426069
CC(C)OC[C@H](Oc1ncnc2c1cnn2-c1ncccc1Cl)C(=O)Nc1ccc(C#N)cn1,4.300000202
COc1cc(ccc1Nc1ncc(Cl)c(n1)-c1cnc2ccccn12)N1CCN(CCO)CC1,5.431798276
COc1ncc(nc1)c1cccc2c1CC(CO2)NC(=O)c1ccc(nc1)OCC(F)(F)F,4.500312917
Nc1ccnc(c1)N1CCC2(CC1)CC(c1c2cccc1)C(=O)N(C)C,5.847711656
CNc1nc(NCCCN(C)C)c2sc(-c3ccc(N4CCOCC4)cc3)cc2n1,5.744727495
CCOC(=O)Nc1ccc2Sc3ccccc3N(C(=O)CCN4CCOCC4)c2c1,4.629999781
Cc1cc([nH]n1)C(=O)N[C@@H]1CC(C)(C)Oc2nc(-c3ccc(Cl)cc3Cl)c(cc12)-c1ccc(Cl)cc1,6
Cc1nsc(N2CCC3(CCN(C[C@H](O)c4ccc5c(c4C)COC5=O)CC3)C2)n1,5.37675071
C[C@H]1C[C@H]2CSC(N)=N[C@@]2(c2ccsc2)CO1,4.399027104
Cc1ccccc1CN([C@H]1CCNC1)C1CCOCC1,5.619788758
O(C(c1ccccc1)c1ccccc1)CC[NH+](C)C,4.568636236
Cc1c([C@@H](O)CN2CCC3(CC2)CC(=O)N(c2cnc(S(C)(=O)=O)cn2)C3)ccc2c1COC2=O,4.555955204
CCN(CC)CCNC(=O)c1ccc(NC(C)=O)cc1,4
[O-][N+](=O)c1cn2C[C@@H](COc2n1)OCc1ccc(OC(F)(F)F)cc1,4.522878745
Cc1ncoc1-c1nnc(SCCCN2CCC3CC3(C2)c2cccc(c2)C(F)(F)F)n1C,5.699991797
CCCC[C@@H]1C[C@@H](CC[C@@H]1NC(=O)CNC(=O)c1cccc(c1)C(F)(F)F)N(C)C(C)C,6.443697499
COc1cc(ccc1Nc1nc(Nc2cc3CCN(CC(=O)N(C)C)CCc3cc2OC)ncc1Cl)N1CCOCC1,5.408935393
CN(CCN1CCN(CC1)c1nc(c2ccc(cc2Cl)Cl)c2c(n1)N(C(=O)NC2)c1c(Cl)cccc1Cl)C,5.638272164
CC(C)OC(=O)N1CCC(C)(CN2CCC3(CN(c4ncccc34)S(C)(=O)=O)CC2)CC1,5.560667306
Cn1c(OCCCN2CC3[C@@](C2)(C3)c2ccc(cc2)C(F)(F)F)nnc1c1ccccc1,6.698970004
Clc1ccc(cc1)[C@@](OCC[C@@H]1[NH+](CCC1)C)(C)c1ccccc1,7.920818754
Clc1cc(Cl)cc(c1)N1CCN(CCN2Cc3ccccc3C2)C1=O,5.801342913
CC(C)NC(=O)NS(=O)(=O)c1ccc(OCCN2CCCCC2)cc1,4.585026652
FC(F)(F)c1ccc(cc1)-n1ccc(CN2CCC(CC2)NC(=O)NCc2nc3ccccc3[nH]2)c1,4.832682665
Fc1ccc(CCN2CCN([C@H]3CCc4cc(CN5CCS(=O)(=O)CC5)ccc4C3)C(=O)C2)cc1,4.619788758
CC#Cc1cncc(c1)-c1cccc(c1)C1(N=C(N)c2c1cccc2F)c1ccnc(c1)C(F)F,5.537602002
COCCC(NC(=O)C1(N)CCN(CC1)c1ncnc2[nH]ccc12)c1ccc(Cl)cc1,5.028306761
Clc1cccc(c1)N1CCN(CCN2C[C@H]3CC[C@H](CC3)C2)C1=O,6.400007822
COc1ccc(C2Sc3ccccc3N(CCN(C)C)C(=O)C2OC(C)=O)cc1,4.760000207
O[C@@]1(CC23CCC(CC2)(CO3)NCc2nc3NC(=O)COc3cc2F)Cn2c3c1c(F)cnc3ccc2=O,3.706637445
COc1cc(F)ccc1-c1cncc(CNC(=O)c2ccccn2)c1,4.568636236
O[C@@H](CN1CC2OC(C1)CN(C2)CCNC(=O)OC(C)(C)C)COc1ccc(cc1)C#N,6.22184875
Cn1c(nc2c(F)cccc2c1=O)-c1ccc(OC2CCN(CC2)C2CCC2)cc1,5.102372909
Fc1ccc(F)cc1C=1CN(C(=O)[C@H](N)C2CC2)[C@@H](C=1)c1ccccc1,5.455931956
CN1CCN(c2ncc(C(=O)Nc3ccc(OC(F)(F)F)cc3)cc2-c2cncnc2)CC1,6.508638306
FCC[C@@H]1Cc2ccccc2C2(CCC(N3CCN(C4CCCCC4)CC3)CC2)O1,5.581698709
[NH2+]1C[C@H](CCC1)c1c2c([nH]c1-c1ccccc1)cccc2,5.30980392
OC(=O)C1CCC(CN2CCC(COC(=O)c3c4OCCCn4c4ccccc34)CC2)C1,3.679853714
N#Cc1ccc(cn1)c1ccc2c(c1)OC[C@H]1N2C(=O)O[C@H]1CNC(=O)C,5.555955204
NC1CN(CCC1c1cc(F)c(cc1F)F)c1ccc2n(n1)nc(n2)C(F)(F)F,5.091514981
COc1ccc(cc1)-c1nnc(o1)C(=O)N1CC(C1)Oc1ccc(CN2CCCOCC2)cc1,4.602059991
O=C(OCc1ccccc1)NCc1ccc(cc1)C(=O)Nc1ccccc1N,4.522878745
O=C1NC(=O)C(=C1c1c[nH]c2c1cccc2)c1c[nH]c2c1cccc2,6
COc1cc(Nc2cnc(C#N)c(O[C@H](C)CN(C)C)n2)ncc1-c1cnn(C)c1,5.301029996
N[C@@H](Cc1c[nH]c2c1cccc2)COc1cnc(c(c1)c1cnc2c(n1)[nH]nc2C)c1ccoc1C,5.853871964
COc1ccc(cc1F)CN1CCC(CC1)NC(=O)C1=CC(=O)c2c(C1)cc(cc2)F,5.070581074
C[C@H]1C[C@H]2CSC(N)=N[C@]2(CO1)c1cc(NC(=O)c2ccc(Cl)cn2)ccc1F,6.698970004
Cn1c(SCCCN2CC[C@]3(C[C@@H]3c3ccc(C(F)(F)F)cc3)C2)nnc1C1CCOCC1,5.530001358
CCNC(=O)Nc1cccc(CNc2cc(C(F)(F)F)cc3ncc(N4CCN(C)CC4)cc23)c1,4.087777943
CC(C)(CN1CCC(CC1)=C1c2ccc(F)cc2COc2ccccc12)C(O)=O,5
OCC1(ON=C2N1CCC/C/2=C\c1ccc(c(c1)OC)n1cnc(c1)C)c1ccc(cc1)F,5.48148606
Fc1ccc(cc1F)-n1cc(NCCN2CCC(F)(F)CC2)nn1,5
Cl.N[C@H](C(=O)N1CC[C@H](F)C1)C1CCC(NS(=O)(=O)c2ccc(F)cc2F)CC1,4.30980392
COCC(O)CN(Cc1ccc(F)cc1)C(=O)CC1CCN(Cc2ccc(o2)-c2ccc(Cl)cc2)CC1,5.962573502
CCOc1cc2ncc(C(N)=O)c(Nc3cccc(Cl)c3Cl)c2cc1N1CCN(C)CC1,5.096910013
O=C(c1ccc(cc1)S(=O)(=O)N)N1CCC(CC1)(CCN1[C@@H]2CC[C@@H]1C[C@@H](C2)n1c(C)nc2c1cccc2)c1ccccc1,4.602059991
Cc1onc(c1CC(=O)NCc1ccc(OCC(F)(F)F)nc1)-c1c(Cl)cccc1Cl,4.580044252
O[C@@H]1CCN(C1)c1ccc(cn1)-n1cnn2cc(cc2c1=O)-c1ccc(Cl)cn1,4.096910013
Cc1ccc(NC(=O)c2ccc3c(c2)CC(c2ccc(Cl)cc2)OC3=O)cc1C,5.169411331
O=C(Cc1ccc(-n2cnnn2)cc1)N1CCN(CCc2ccc3c(c2)COC3)CC1,5.602059991
Cc1nc(Oc2ccc(C(N)=O)cc2)ccc1CN1CCC(N2C(=O)N(C3CCOCC3)C[C@H]2c2ccccc2)CC1,4.744727495
CC(C)N1CCN(CC1)C(=O)c1ccc(CN2CCC(F)CC2)cc1,5
Cc1nc2ccccc2n1[C@@H]1C[C@@H]2CC[C@H](C1)N2CCC1(CCN(CC1)C(=O)c1ccccc1)c1ccccc1,5.699991797
CNCC(CN1c2ccccc2Sc2c1cc(C#N)cc2)C,6.15490196
NC(=N)NC(=O)c1ccc(C2CCN(CC2)C(=O)c2cccc(c2)C#N)c(c1)C(F)(F)F,4.522878745
CNC(=O)c1cnc(Nc2cc(C)ccn2)cc1Nc1ccccc1S(C)(=O)=O,4.795880017
COc1ccccc1N1CCN(CCCC(C(=O)O)(c2ccc(Br)cc2)C(C)C)CC1,5.402304814
COc1ccc(cn1)[C@]1(O)CCC(CC1)N1CC(C1)NC(=O)CNc1n[nH]c2c1cc(cc2)C(F)(F)F,4.494850022
Nc1cnc(cn1)COc1ccc(cc1)C1(CCCO1)c1ccc(nc1)C(=O)NCC(O)(C)C,4.494850022
Cc1ncoc1-c1nnc(SCCCN2CC[C@@]3(C[C@@H]3c3ccccc3C(F)(F)F)C2)n1C,6.050024822
CCCCC1CN(CC2CCOCC2)C(=O)OC21CCN(CC2)C1(C)CCN(CC1)C(=O)c1c(C)ncnc1C,4.924453039
CC(C)S(=O)(=O)N[C@@H]1COC[C@@H]1c1ccc(cc1)-c1ccsc1,4.200659451
CC(CN1CCC(Cc2ccccc2)CC1)C(O)c3ccc(O)cc3,6.33003263
CC(C)N1CCN(CCN2CCN(C2=O)c2ccc(F)c(c2)C#N)CC1,4.801342913
O=C(C1NCc2c(C1)cccc2)NC1CCC(CC1)c1ccc(cc1)O,4.522878745
C1CCCCC1C(C2CCCCC2)C[C@H]3CCCC[NH2+]3,5.109998387
Cc1ccc(CN2CC[C@@H](N3CCC(c4ccc(O)cc4)CC3)C2=O)cc1,6.397940009
CN(C)C(=O)[C@H]([C@H](N)C(=O)N1CCC(F)(F)C1)[C@H]1CC[C@@H](CC1)c1ccc2ncnn2c1,4.045757491
O=c1cc(cn[nH]1)-c1ccc(OC2CCN(CC2)C2CCC2)cc1,5.698970004
Cc1cc(F)ccc1OC1CCN(CC2CCN(CC2)[C@@H](Cc2ccc(F)cc2)C(O)=O)CC1,4
COc1ccc(cc1)[C@H]1CN(CCc2ccc(OC)c(OC)c2)C[C@@H]1CC(=O)Nc1cccc(Cl)c1,7.301029996
Cc1cc(C)nc(Nc2cc(NC[C@@H](N)CS(C)(=O)=O)cnc2C(N)=O)c1,4.22184875
Cc1cn2ccc(cc2n1)-c1ccc2OC3(CCC3)C3(COC3)C3(COC(N)=N3)c2c1,5
Clc1cccc(c1)N1CCN(C1=O)CCN1CC2CCC(C1)(C2(C)C)C,5.899629455
O=C(C1CC1c1ccc(cc1)C(F)(F)F)N1CCN(CC1)S(=O)(=O)c1cc(cc(c1)C(F)(F)F)c1cc[nH]n1,6.301029996
C[C@@H](c1ccc(-c2cccc(-c3noc(O)n3)c2)cc1)[C@H](N)C(=O)N1CC[C@H](F)C1.O=C(O)C(F)(F)F,4.552841969
Fc1ccc(CC(c2cccnc2)c2cccnc2)c(-c2cccc(C(F)(F)F)c2)c1,5.651695137
Cc1ccc(cc1NC(=O)c1cnn(c1N)-c1ccccc1F)C(=O)Nc1ccon1,3.795880017
Cc1ccc(OCc2cccc(COc3ccc(C)cc3)[n+]2C)cc1,7.27572413
COc1ccccc1C[C@H](N1CCC(CN2CCC(CC2)Oc2ccc(Cl)c(Cl)c2)CC1)C(O)=O,5
CN1CCN(CC1)c1ccc(Nc2ncc3c(ccn(-c4c(Cl)cccc4Cl)c3=O)n2)cc1,7
CC(C)(O)CCOc1ccc2ncc(F)c(CCC34CCC(CC3)(CO4)NCc3ccc4OCC(=O)Nc4n3)c2n1,5.15490196
C[C@@H]1CN(CCN1c1ncc(OCc2ccc(cc2F)N=S(C)(C)=O)cn1)c1nc(no1)C(F)(F)F,4.522878745
CC(C)(C)c1cc(NC(=O)n2ccc3nc(Oc4ncnc5c4CNC5)ccc32)no1,4.585026652
CS(=O)(=O)C(N1CCN(CC1)c2ncccn2)c3ccc4OCOc4c3,4.48999954
CC(=O)N1CCN2C(C1)CNc1cc(n3c(CCC2)c(C)c2c3CC(CC2=O)(C)C)ccc1C(=O)N,4.612610174
O(C)c1c(OC)cc(cc1OC)C(OC[C@@]([NH+](C)C)(CC)c1ccccc1)=O,4.050024822
CCN(CCO)C(=O)c1cc2cccnn2c1-c1cccc(c1)C(F)(F)F,4.630784143
CO[C@H]1CN(CCn2c3cc(OC)cnc3ccc2=O)CC[C@H]1NCc1cnc(C)c(c1)C#N,3.821023053
COc1cc(ncn1)N1C(=O)N(C(=O)C11CCN(Cc2ncccc2C)CC1)c1ccc(cc1)-c1ccc2cn[nH]c2c1,6.15490196
CCN1CCN(CC1)c1cc2[nH]c(S[C@@]3(C)CC[C@@H](CC3)NS(C)(=O)=O)nc2cc1Cl,5
N#Cc1ccc(CCN2CCN(CCc3ccc(cc3)C#N)CC2)cc1,9
CCOc1cc2ncc(c(c2cc1N1CCN(CC1)C(=O)C)Nc1cccc(c1Cl)Cl)C(=O)N,5.086186148
OC1=C(N(CC(=O)c2ccccc2)S(=O)(=O)c2ccccc12)C(=O)c1ccccc1,4
CNCc1cccc(c1)c1ccc2c(n1)nc(nc2N1CCOCC1)N1C[C@H](C)O[C@H](C1)C,4.759450752
F[C@H]1CN(CCn2c3cc(ccc3ccc2=O)C#N)CC[C@H]1NCc1ccc2OCC(=O)Nc2n1,3.774690718
C[C@@H]1CN(CCN1c1ncc(OCc2ccc(cc2F)S(C)(=O)=O)cn1)c1nc(no1)C(F)(F)F,5.443697499
CCOc1cc2ncc(c(c2cc1N1CCN(CC1)CCO)Nc1cccc(c1Cl)Cl)C(=O)N,5.091514981
O=C1OC2(CN1c1cccnc1)CCC(CC2)c1nc2c([nH]1)cc(cc2)OC(F)(F)F,5.102372909
N=C(N)N/N=C/c1ccc(-c2cccc(/C=N/NC(=N)N)c2)cc1,5.331614083
CN(CCN1CCN(CC1)c1nc(c2ccccc2Cl)c2c(n1)N(C(=O)NC2)c1c(Cl)cccc1Cl)C,5.420216403
Cc1oc(nc1COc1cccc(CN(CC(O)=O)C(=O)Oc2ccc(C)cc2)c1)-c1ccc(F)cc1,4.420216403
O=c1cc(-c2ccccc2)c2ccc(OCCCCN3CCC(c4noc5cc(F)ccc45)CC3)cc2o1,6.086186148
CCNS(=O)(=O)c1cc(c(cc1F)Cl)C(=O)N1CCC(CC1)(CCN1[C@@H]2CC[C@@H]1C[C@@H](C2)n1c(C)nc2c1cccc2)c1cccc(c1)F,4.301029996
CNCCC(c1c[nH]c2ccccc12)c1ccccc1,6
O=C(NC1CN(C1)C1CCC(CC1)c1ncccc1N)CNc1ncnc2c1cc(cc2)C(F)(F)F,5.080921908
CNCC(=O)N1CCN(CC1)c1ccc(Nc2ncc(Cl)c(n2)-c2cnc3ccccn23)c(OC)c1,5.022276395
CC(C)S(=O)(=O)N[C@H]1CN(C)C[C@@H]1c1ccc(cc1)-c1cccnc1,4.500312917
COc1cccc2c3nc(CN4CCN(C[C@H]4C)c4ccccc4)nn3c(N)nc12,4.772113295
Fc1ccc(cc1)N(CCNC(=O)CCc1ccccc1)c1ccc(F)cc1,6.716698771
CN(CCc1ccc(cc1)N)CCOc1ccc(cc1C(=O)N)C,5.586700236
Oc1ccc2CC3N(CC=C)CC[C@@]45C(Oc1c24)C(=O)CC[C@@]35O,4.650000221
Cc1ccc(CN2[C@H]3CC[C@@H]2C[C@@H](C3)Oc2cccc(c2)C(N)=O)s1,6.698970004
Cc1ccc(CN2[C@H]3CC[C@@H]2C[C@H](C3)Oc2cccc(c2)C(N)=O)s1,9
FC(F)(F)c1cc(NC(=O)N2CCN(C[C@@H]3CCCN(C3)C3CC3)CC2)ccc1Cl,5.200659451
CC(C)c1cc(cc2nc(oc12)-c1ccc(cc1)C(=O)NCC1CN(C(=O)O1)c1ccc(cn1)-c1ccc(C)s1)C#N,4.899629455
O=C(C(n1c(nc2c1cc(F)c(c2)F)c1ccc(cc1)Cl)C1CCCCC1)Nc1ccc(cc1Cl)C(=O)O,5.107905397
CCOc1ccc(cn1)[C@]1(O)CC[C@@H](CC1)N1CC[C@H](C1)NC(=O)CNC(=O)c1cccc(c1)C(F)(F)F,9
CCOC[C@]12Cc3cnn(-c4ccc(F)cc4)c3C=C1CCN(S(=O)(=O)c1ccc(C(F)(F)F)cc1)C2,6.096910013
O=C1COc2ccccc2N1CCCN1CCC(CC1)n1c2cnccc2[nH]c1=O,4.301029996
Fc1cccc(c1)C1(CCN2[C@@H]3CC[C@@H]2C[C@@H](C3)n2c(C)nc3c2cccc3)CCN(CC1)C(=O)c1cc(ccc1F)S(=O)(=O)N,4.37675071
COc1ccccc1-c1ccc2cnc(Nc3ccc(cc3OC)[C@H]3CCN(CCO)C[C@@H]3O)nn12,5.167491087
CCc1nnc(o1)[C@@]1(N[C@H](Cc2c1[nH]c1ccccc21)c1nc(c[nH]1)-c1ccc(F)cn1)c1cnn(C)c1,5.366531544
CC(=O)N[C@@H]1CC2(CCN(Cc3ccc4n(C(N)=O)c5ccccc5c4c3)CC2)c2ccccc12,5.698970004
Fc1ccc(cc1)C1CCN(CC1)C1CCC(C1)(C(=O)NCc1cc(cc(c1)C(F)(F)F)C(F)(F)F)C(O)(C)C,7.26760624
COCc1ccc(-c2cc3c(N[C@@H](C)c4nn(C)cc4C)c(C(N)=O)cnc3cc2F)cn1,4.769551079
CS(=O)(=O)c1ccc2nc(sc2c1)N1CCN(CC1)C(=O)[C@@H]1CCCC[C@H]1C(=O)NC1(CC1)C#N,4
Fc1ccc(Cn2cc(NCCN3CCCCC3)nn2)cc1F,5
COCCOc1cc2ncc(c(c2cc1N1CCN(CC1)C)Nc1ccc(cc1F)C)C(=O)N,4.522878745
COc1ccncc1C(=O)NC(=O)Nc1ccc(-c2ccccc2)c(c1)C(F)(F)F,5
CCNCc1cc(C(=O)N[C@@H]2CCc3ccc(Oc4ccnc5c4CCC(=O)N5)cc3C2)cc(C(F)(F)F)c1.Cl.Cl,5.251811973
N#Cc1ccc(OCC2(O)CN(S(=O)(=O)c3ccc(Cl)cc3Cl)C2)cc1F,5.014573526
O=C1NC[C@H](C12CCN(CC2)[C@H]1CCCC[C@@H]1c1ccccc1)c1ccccc1,5.853871964
CCN(CCN1CCOCC1)c1cn(nn1)C12CC3CC(CC(C3)C1)C2,5
Cc1c2C(=O)N(Cc3ccccc3-c3ccc(F)cc3)C(C(=O)NC(C)(C)C)c2ccc1O,4.494850022
COc1cc2c(cc1OC)ncnc2N1CCC(CC1)CNS(=O)(=O)N,5
Cc1ncoc1-c1nnc(SCCCN2CC[C@]3(C[C@H]3c3ccc(C(F)(F)F)cc3)C2)n1C,6.72010502
CCCOc1ccccc1CC(N1CCNCC1)c1ccccc1,5.236572006
Brc1ccc2c(NC3=NC[C@@]4(CN5CCC4CC5)O3)ncnn12,5.602059991
CN1Cc2ccccc2[C@H](c2ccccc2)N=C1OCc1ccc(NS(C)(=O)=O)cc1.O=C(O)/C=C/C(=O)O,4.537602002
CN(CC1CCOCC1)C1CCN(CC1)c1nc2ccccc2n1Cc1ccc(F)cc1,9
Cc1nc(C(=O)O)ccc1-c1nnc(SCCCN2CC[C@]3(C[C@@H]3c3ccc(C(F)(F)F)cc3)C2)n1C,5
CCc1nc2c(Cc3ccc(C(=O)NO)cc3)cccc2c(=O)n1CCc1ccccc1,5.327902142
CCNC(=O)N[C@@H](Cc1ccc(c(c1)Cl)Cl)CCN1CC[C@H](CC1)c1c(CC)n(c2c1ccc(c2)F)c1ccc(cn1)C(=O)OC,7
CC(C)(C)NC(=O)NCCN1CCCC(C1)NC(=O)c1cc(Cl)cc(Cl)c1,5.387216143
Cc1nc2ccccc2c(=O)n1-c1ccc(OC2CCN(CC2)C2CCCC2)cc1,5
CO[C@H]1C[C@@H](n2c(=O)n(C)c3cnc4cc(F)c(-c5ccc(NC(=O)CCCN(C)C)nc5)cc4c32)C1,4.744727495
C[C@@H]1NC(=NC1(c1ccc(F)cc1)c1ccc(F)cc1)c1cnccn1,5
Clc1ccc(cc1)C(NC(=O)C1(N)CCCN(C1)c1ncnc2c1cc[nH]2)CCNS(=O)(=O)C,4.096910013
O=C(N1CCN(CC1)c1ccc(cc1)OC(F)(F)F)OC1COc2n(C1)cc(n2)[N+](=O)[O-],5
OC(=O)c1ccc(CCCCN2CCC(CC2)C(O)(c2ccccc2)c2ccccc2)cc1,4.958607315
C[C@H]1CCc2c([nH]c3ccccc23)[C@@]2(N1)C(=O)Nc1ccc(Br)cc21,4.522878745
COc1cccc2c1OC(c1ccc(OCCCN3CCCC3)cc1)C(C)S2(=O)=O,5.15490196
O=c1ccc2ncc(F)c3c2n1C[C@@]3(F)CN1CCC(NCc2cc3c(cn2)OCCO3)CC1,4.795880017
C[C@@H](N[C@@H]1CC[C@@H](C(=O)N2CCC(CC2)(C(=O)N2CCCC2)c2ccccc2)C(C)(C)C1)c1ccc(C)cc1,5
O[C@H]1CC[C@@]2(O)[C@H]3Cc4ccc(O)c5O[C@@H]1[C@]2(CCN3CC6CCC6)c45,5.130000141
Fc1cccc2[nH]c(=O)n(C3CCN(CCCN4C(=O)COc5ccccc45)CC3)c12,5.200659451
CCCCN(CC)CC#CCc1ccccc1,5.106793247
CNC[C@H]1C[C@@H](c2ccc(Cl)c(Cl)c2)c2ccccc2C1,5.698970004
COc1cc(-c2cn(C3CCc4ccccc4N(C)C3=O)nn2)ccc1-n1cnc(C)c1,5.391473966
Cc1ccc(Cc2cc3c(=O)n([C@H]4CCCC[C@@H]4O)cnc3c3ccccc23)cn1,4.22184875
NC(=O)c1ccc(OCCC(O)N2CCC(=CC2)c3ccc(F)cc3)cc1,6.240030142
O=C(NC1CC1c1ccccc1)N1CCC(CC1)c1ncon1,4.522878745
COc1ccc2ncc(=O)n(CCN3CC[C@@H](NCc4cc5OCCOc5cn4)[C@@H](O)C3)c2c1,4.823908741
CCOc1cc2ncc(c(c2cc1N1CCCN(CC1)C)Nc1cccc(c1Cl)Cl)C(=O)N,5.397940009
Oc1cnccc1[C@H]1CC[C@@H](CC1)N1CC(C1)NC(=O)CNC(=O)c1cccc(c1)C(F)(F)F,4.638272164
CCc1cccc(NC(=O)N2CCc3nc(nc(c3C2)-c2ccccc2C)-c2cncnc2)c1,5.301029996
CN1C[C@@H]([C@H](C1)c1ccc(\C=C\C(=O)Nc2ccccc2N)cc1F)C(=O)Nc1ccc(Cl)cc1,5.15490196
COc1ccc(nc1)[C@]1(O)CC[C@@H](CC1)N1CC(C1)NC(=O)CNC(=O)c1cccc(c1)C(F)(F)F,4.602059991
C1CC(CCO1)[C@@H]1N[C@H](Cc2c1[nH]c1ccccc21)c1nc(c[nH]1)-c1ccccc1,6.15490196
Clc1cc(ccc1)C(=O)N1CC[C@@H]([NH2+]Cc2n(cnc2)Cc2ccc(cc2)C#N)C1=O,5.236572006
COc1cc(\C=C2/CCCN3[C@H](CON=C23)c2cc(F)c(F)c(F)c2)ccc1-n1cnc(C)c1,6
O[C@H](CCNC(=O)c1cc2ccccc2[nH]1)CN1CCN(CC1)c1cccc(Cl)c1Cl,6.420216403
Cc1cc(Cl)ccc1OC1CCN(C[C@H](O)CNC(=O)c2c[nH]c(=O)c3c(F)cccc23)CC1,4.500312917
O=C(O)CC1CCOC2(CCN(c3ccc(-c4nc5cc(C(F)(F)F)ccc5[nH]4)cn3)CC2)C1,5.180456064
Cc1ccc(/C=C/C(=O)N2CCN(c3ccc(C(=O)Nc4ccccc4N)cc3)CC2)cc1,4.567030709
O=c1ccc(n[nH]1)-c1ccc(OC2CCN(CC2)C2CCC2)cc1,5.096910013
NC1=NC2(CO1)c1cc(ccc1OCC21CC1)-c1cncc(OCC(F)F)c1,5.161150909
NS(=O)(=O)c1ccc(Oc2ccc3ccc(=O)n(CCN4CCC(CC4)NCc4ccc5OCC(=O)Nc5n4)c3n2)cc1,4
Fc1cccc(c1)C1(CCN2[C@@H]3CC[C@@H]2C[C@@H](C3)n2c(C)nc3c2cccc3)CCN(CC1)C(=O)C(C(=O)O)(C)C,4.251811973
FC(F)(F)c1ccc(cc1)-n1ccc(CN2CCC(CC2)NC(=O)c2c[nH]c(=O)c(Cl)c2)c1,4.707743929
Cc1ncccc1-c1nc2cn(-c3ccccc3)nc2c(=O)n1C[C@H]1CCCN(C[C@H]2CCCO2)C1,4.920818754
o1c(ccc1C)-c1nc(NC(=O)CN2CCCN(CC2)C)cc(n1)-n1nccc1C,6.552841969
COc1ccc(cc1)[C@H](C)NC(=O)COc1cc(c2c(nn(C)c2n1)-c1ccccc1)C(F)(F)F,4.522878745
COc1ccc2nccc([C@@H](O)CC[C@@H]3CCN(C4CC(c5cc(F)cc(F)c5)C4)C[C@@H]3C(=O)O)c2c1,5.143875556
C[C@@H]1CCCN1CCN1CCc2cc(ccc2C1=O)-c1ccc(cc1)C(=O)N1CCCC1,5.017728767
CN1Cc2ccccc2[C@H](N=C1OCc1ccc(NS(C)(=O)=O)cc1)c1ccccc1,4.420216403
COc1cccc2c3nc(CN4CCN(C[C@H]4C)c4nsnc4Cl)nn3c(N)nc12,4.619788758
CC(C)Oc1cccc(c1)N1CCN(CCN2Cc3ccccc3C2)C1=O,5.400116928
Cn1nc(oc1=O)[C@@]1(N[C@H](Cc2c1[nH]c1ccccc21)c1nc(c[nH]1)-c1ccc(F)cn1)c1cn[nH]c1,4.66756154
CC(C)(C)c1ccc(CNC(=O)c2cccc(c2)-c2nn([C@@H]3CCCN(C3)C(=O)C=C)c3ncnc(N)c23)cc1,5.744727495
Nc1ncc(cc1-c1ccc(cc1)C(F)(F)F)-c1ccc(cc1)C(=O)N1CCOCC1,5.522878745
CS(=O)(=O)c1ccc(cc1)-c1cnn2ccc(nc12)-c1cccc(c1)S(=O)(=O)C1CC1,6.301029996
OC(C(N1CCC1)c1ccccc1)(c1cccnc1)c1cccnc1,4.823908741
O=C(O)C[C@H](CN1CC[C@@H](CCc2ccc3c(n2)NCCC3)C1)c1cccc(O[C@H]2CCOC2)c1,4.499999679
CCOc1cc(C)c2ncc(F)c(CCC34CCC(CC3)(CO4)NCc3ccc4OCC(=O)Nc4n3)c2n1,9
O=c1ccc2ncc(F)c3c2n1C[C@H]3CN1CCC(NCc2cc3c(cn2)OCCO3)CC1,3.913640169
OC(c1cc(cc(c1)S(=O)(=O)N1CCN(CC1)C(=O)[C@@H]1C[C@H]1c1ccc(cc1)C(F)(F)F)C(F)(F)F)C(F)(F)F,7.22184875
OCCONC(=O)c1ncc2cncn2c1Nc1ccc(I)cc1F,5.48148606
CN(C)c1ccc(\C=C\c2c(F)cccc2F)cn1,4.657577319
Clc1cc2N(c3c(Sc2cc1)cccc3)CCC[NH+]1CC[NH+](CC1)C,4.645891561
CC(C)c1cc(C(=O)NC[C@H]2CCN(CCc3ccc(Cl)c(F)c3)C2)on1,5.818156412
CC(=O)Nc1cccc(Nc2ncnc(n2)N2CCC(CC2)OCc2ccc(OC(F)(F)F)cc2)c1C,5
C[C@@H]1c2n[nH]cc2CN1C1=NC(NCc2c(F)cccc2C(F)(F)F)c2cccc(C(N)=O)c2N1,5.499996932
FC(F)Oc1cc(ccc1OC(F)F)[C@H](C=1C=C[C@@H](NC=1)[C@@](O)(C)c1ccccc1)c1cc[n+](O)cc1,5.928117993
Fc1cnc2ccc(OC3CCC3)nc2c1CCC12CCC(CC1)(CO2)NCc1ccc2OCC(=O)Nc2n1,6.301029996
N#C[C@@H]1CCCN1C(=O)[C@@H]1CN(C[C@@H]1N)Cc1cc(CC)c(c(c1)CC)C#N,3.522878745
C[C@@H]1CCCN1CCc1ccc2nc(ccc2c1)-c1ccccn1,4.744727495
Cl.N=C(N)N/N=C/c1ccc(-c2ccc(/C=N/Nc3ccc(F)cc3)cc2)cc1,5.482804102
COc1ccc(cc1)C1=CCN(CC1)CCNCc1onc(c1)C(C)C,6.107905397
Nc1nc(CC(=O)Nc2ccc(C[C@@H]3CC[C@@H](N3)[C@H](O)c3ccccc3)cc2)cs1,4.950781977
COc1ccc2nccc(CC[C@H]3OC[C@H](NCc4ccc5c(n4)NC(=O)CS5)CO3)c2c1,5.886056648
O=C(c1ccc(C[C@@H]2CC[C@H]([C@H](O)c3ccccc3)N2)cc1)N1C[C@H]2[C@@H](C1)[C@@H]2c1nnco1,4.259637311
COc1ccc2nccc(CCC34CCC(CC3)(CO4)NCc3ccc4OCC(=O)Nc4n3)c2n1,6.022276395
Cl.O=C(CCc1ccccc1)c1ccccc1OCC(O)CN1CCC(c2ccccc2)CC1,5.460923901
FC1CN(CCC1N(C(=O)Cc1ccc(cc1)n1cnnn1)C)Cc1ccc(cc1)C(F)(F)F,5.552841969
Clc1ccc2c(c1)CC(=CC2=O)C(=O)NC1CCN(CC1)Cc1ccc2c(c1)OCO2,5.443697499
CC(C)COc1ccccc1CN1CCC2(CC1)CCN(CC2)C(=O)c1ccncc1,5.721246399
COc1cc(ccc1-n1cnc(C)c1)-c1cn(nn1)[C@H]1C[C@H](CCN(Cc2ccccc2)C1=O)[Si](C)(C)C,4.389339837
C1CN2CCC1C(C2)c1nnc(o1)-c1ccc(o1)-c1cccnc1,4.694648631
Clc1ccc(cc1)C(NC(=O)C1(N)CCCN(C1)c1ncnc2c1cc[nH]2)CCCN1CCCCC1,4.477555766
NCC1CCC2(CC1)OOC1(O2)C2CC3CC1CC(C2)C3,5.744727495
C[C@@H](Oc1nnc(-c2ccncc2)n1C)c1noc(n1)-c1cccc(Cl)c1,4.935542011
Cc1nc(C(=O)NCCCN2CCN(c3cccc(C)c3C)CC2)cc(C(C)(C)C)n1.Cl,5.229147988
FC(F)(F)c1cccc(c1)C(=O)NCC(=O)NC1CN(C1)[C@H]1CC[C@@](F)(CC1)c1ccccc1,5.48148606
S1[C@H](NC=C1[C@@H](c1cc(OC(C)C)c(OC(F)F)cc1)c1ccc[n+]([O-])c1)C(O)(C(F)(F)F)C(F)(F)F,4.419075024
O(C(=O)c1ccccc1)[C@@H]1C[C@H]2[NH+]([C@H](CC2)[C@H]1C(OC)=O)C,5.142667504
Fc1ccc(C(=O)C2CCN(CCCOc3ccc(cc3)-c3nc4ccccc4o3)CC2)c(F)c1,6.096910013
Fc1cc2onc(c2cc1)C1CC[NH+](CC1)CC[C@@H]1C(=NC2=[N+](CCCC2)C1=O)C,6.787812396
COc1ccc(cc1CO)-c1ccc2c(nc(nc2n1)N1CC[C@@H](O)C1)N1CCOC[C@@H]1C,5.096910013
CC1(C)C[C@@H](NC(=O)c2cn[nH]c2)c2cc(-c3ccc(Cl)cc3)c(nc2O1)-c1ccc(Cl)cc1Cl,6.420216403
COc1nc2c(CCC34CCC(CC3)(CO4)NCc3ccc4OCC(=O)Nc4n3)ccnc2cc1C#N,9
CCOC(=O)c1cccc(n1)[C@@]1(N[C@H](Cc2c1[nH]c1ccccc21)c1nc(c[nH]1)-c1ccc(F)cc1)c1cnn(C)c1,6.15490196
COc1c(CCN2CCN(C(=O)Cc3ccc(-n4cnnn4)cc3)CC2)ccc2c1COC2=O,4.397940009
CC(C)n1nc(C(=O)NCC2CCN(CCc3ccc(N)cc3)CC2)c2ccccc21.Cl.Cl,4.645891561
COc1cc(CC(=O)N2CCN(CCc3ccc4c(c3)COC4=O)CC2)ccc1-n1cnnn1,5.086186148
FC(F)(F)c1ccc(cc1)-n1ccc(CN2CCC(CC(=O)NC(c3ccccc3)c3ccccn3)CC2)c1,5.638272164
O=C(C1CC1c1ccc(cc1)C(F)(F)F)N1CCN(CC1)S(=O)(=O)c1cc(cc(c1)C(F)(F)F)C(O)(C)C,5.920818754
COc1cc(ccn1)[C@H]1CC[C@@H](CC1)N1CC(C1)NC(=O)CNC(=O)c1cccc(c1)C(F)(F)F,5.207608311
Fc1cccc(c1)C1(CCN(CC1)C(=O)c1cc(c(cc1Cl)F)S(=O)(=O)NC1CCCC1)CCN1[C@@H]2CC[C@@H]1C[C@@H](C2)n1c(C)nc2c1cccc2,4.508638306
CCOC(=O)[C@H]1[C@H]2CN(C(=O)c3ccc(C[C@@H]4CC[C@H]([C@H](O)c5ccccc5)N4)cc3)C[C@H]21,4.920818754
OC(=O)CCNC1CCC2(C1)Cc1ccccc1Cc1c2cccc1,4.200659451
CC[C@H]1OC(=O)[C@H](C)[C@@H](O[C@@H]2O[C@@H](C)[C@@H]([C@](C2)(C)OC)O)[C@H](C)[C@H]([C@]2(OC(=C(C)C2)[C@@H](C(=O)[C@]1(C)OC)C)C)O[C@@H]1O[C@H](C)C[C@@H]([C@H]1O)N(C(C)C)C,4.694648631
CCCCCOC(=O)N1CCN(CC1)C(=O)[C@H](CCC(O)=O)NC(=O)c1cc(cc(n1)-c1ccccc1)N1CCC(CC1)C(=O)N1CCCC1,4.045757491
CN1[C@@H](C2=C(CCC2=O)N(C1=O)c1ccnc(c1)C(F)(F)F)c1ccc(cc1S(C)(=O)=O)C#N,4.522878745
COc1nn(C)cc1C(=O)Nc1cccc(-c2nncn2C(C)C)n1,4.522878745
OC(=O)CCN(C1CCC2(C1)Cc1ccccc1Cc1c2cccc1)C,4.200659451
CN(C(=O)c1ccc(cc1)c1ccc(cc1)[C@H]1CC(=NN1c1ccc(cc1)C#N)F)CCN(C)C,6.769551079
O[C@H]1CCCC[C@@H]1NC(=O)c1cc(CN2CCN(CC2)c2cc3ccccc3cn2)c2ccccn2c1=O,5.698970004
CN1CCN(Cc2ccc-3c(Cc4c-3n[nH]c4-c3csc(c3)C#CCOc3ccccc3)c2)CC1=O,5
CC1CN(CCN1S(=O)(=O)c1ccc(cc1)C(C(F)(F)F)(O)C)CC1(CC1)C(=O)N,4
COc1ccc2c(nc(C#N)c(-c3cccc(F)c3)c2c1)-n1cnc(C)c1,4.677780705
COc1ccc(cn1)-c1cc(cnc1N)-c1ccc(cc1)C(=O)N(C)C,4.958607315
CS(=O)(=O)c1ccc(-c2noc(n2)[C@@H](CC2CC2)[C@H](N)C(F)=C2CCCC2)c(Cl)c1,5.148741651
Cc1ncoc1-c1nnc(SCCCN2CC3CCN(c4ccc(Cl)cc4Cl)C3C2)n1C,5.900008766
COc1ccc2ncc(Cl)c(CCC34CCC(CC3)(CO4)NCc3ccc4OCC(=O)Nc4n3)c2n1,6.522878745
Cl.Cl.FCCOc1ccccc1CCN1CCN(CCc2ccc(F)cc2)CC1,5.950781977
C[C@@H](N(C)c1cc(F)cc(F)c1)c1cc(cc2c1oc(cc2=O)N1CCOCC1)C(=O)N(C)C,4.721246399
O=C(NC1CN(C1)C1CCC(CC1)(O)c1nccs1)CNc1ncnc2c1cc(cc2)C(F)(F)F,4.301029996
NCC[C@@H](Oc1cc(Cl)c(F)cc1C#N)c1ccccc1,5
COc1cccc(c1)[C@]1(O)CCN(CC1)[C@@H]([C@H](c1ccc2c(c1)CCC(=O)N2)O)C,4.958607315
O=C(NC1(CC1)C#N)[C@@H]1CCCC[C@H]1C(=O)N1CCN(CC1)c1nc2CCOCc2s1,4
COC(=O)N[C@@H](C(C)(C)C)C(=O)NN(Cc1ccc(cc1)c1ccccn1)C[C@@H]([C@H](Cc1ccccc1)NC(=O)[C@H](C(C)(C)C)NC(=O)OC)O,5.244125144
CN(C)CC\C=C\1/c2ccccc2Sc3ccc(Cl)cc13,5.350003493
Cc1cc(Nc2ncc(Cl)c(Nc3ccccc3S(=O)(=O)C(C)C)n2)c(OC2CCC2)cc1C1CCNCC1,5.519993057
OCC1CN(CCC1c1ccccc1C)C[C@@H]1CCc2c([C@H](C1)O)nccc2,4.698970004
Clc1ccc(cc1)C(C(Cl)(Cl)Cl)c1ccccc1Cl,5.585026652
Cc1c(ccc2nonc12)[C@@H]1CN2CCN(C[C@H]2CO1)C(=O)Cc1ccc(nc1)-n1cnnn1,5
CN(C)CC\C=C/1\c2ccccc2Sc3ccc(Cl)cc13,5.530001358
CCCCN(CCCC)CC(O)c1cc(Cl)cc2c1-c1ccc(Cl)cc1/C2=C/c1ccc(Cl)cc1,5.091514981
CC(C[C@H](NC(=O)C1CCC1)c1ccccc1)N1CCC(CC1)n1c(C)nnc1C,6.096910013
CC(C)CN1CCC(c2ccccc2Oc2ncccc2NC(=O)Nc2ccc(OC(F)(F)F)cc2)CC1,5.22184875
COc1ccc(cc1)C1CN(CC1CNC(=O)c1cccc(c1)Cl)CCCC1CCOCC1,5.987162775
O[C@H]1N2[C@@H]3[C@@H]4[C@H](C[C@H]2[C@@H]2N(c5c([C@@]2(C3)[C@@H]4O)cccc5)C)[C@@H]1CC,5.982966661
CC(C(N)=O)[C@@]12CC(F)(F)[C@@H](C)[C@H](\C=C\c3ccc(cn3)-c3ccccc3C#N)[C@@H]1[C@@H](C)OC2=O,4.379863945
Cc1c(CCN2CCN(CC(O)c3ccc4c(c3C)COC4=O)CC2)ccc2c1COC2=O,5.283996656
Clc1cc2c(n(cc2C2CC[NH+](CC2)CCN2CCNC2=O)-c2ccc(cc2)CCO)cc1,3.237321436
Cc1nn(C)cc1-c1nc2c(N3CCN(Cc4ncon4)CC3)c(Cl)cnc2[nH]1,4.958607315
COCCOc1cc2ncc(c(c2cc1N1CCN(CC1)C)Nc1ccc(cc1F)F)C(=O)N,4.522878745
CC1(C(=O)N2CC(c3nc(-c4ccc(C(=O)Nc5cc(C(F)(F)F)ccn5)cc4)c4c(N)nccn34)C2)COC1,6.397940009
CC(C)n1c(nc2ccccc2c1=O)-c1ccc(OCCCN2CCCCC2)cc1,5.522878745
COc1ccc2ncc(F)c([C@@H](O)[C@H](O)C34CCC(NCc5ccc6c(n5)NC(=O)CO6)(CC3)CO4)c2n1,4.22184875
CN(C)CCCOc1ccc(-c2ccc3ncc4c(c3c2)n([C@H]2CCCOC2)c(=O)n4C)cn1,4.568636236
Cc1ccccc1-c1cc2c(N[C@@H]3CC[C@](C)(N)C3(C)C)c(C(N)=O)cnn2c1,5.30980392
Cc1cc(C)n(-c2cccc([C@H](CC(=O)O)CN3CC[C@@H](CCc4ccc5c(n4)NCCC5)C3)c2)n1,4.499999679
COc1cc(C(=O)N2C[C@@H](n3cc(C4CC4)nn3)C[C@H]2C(=O)N[C@@H]2C[C@H]2c2ccccc2)ccc1CN,4.657577319
COc1ccc2ncc(=O)n(CCN3CC[C@H](NCc4ccc5OCC(=O)Nc5n4)[C@H](O)C3)c2c1,3.764471553
CS(=O)(=O)Nc1cccc(-c2cc(F)ccc2CC(c2cccnc2)c2cccnc2)c1,5.721246399
O=C1CCc2c(N1)ccc(c2)[C@@H]([C@H](N1CC[C@](CC1)(O)c1cccc(c1)F)C)O,5
NC(=O)c1cccc(S[C@@H]2C[C@@H]3CC[C@H](C2)N3Cc2ccccc2)c1,5.958607315
Cc1ncoc1-c1nnc(SCCCN2C[C@@H]3C[C@@]3(C2)c2ccc(cc2)C(F)(F)F)n1C,6.100015437
F[C@@H]1CC[NH2+]C[C@@H]1c1c2c([nH]c1-c1ccccc1)cccc2,5.958607315
Fc1cnc2c3c1C(O)(Cn3c(=O)cc2)CC12CCC(CC1)(CO2)NCc1ccc2c(c1)OCCO2,4.782516056
COc1cc([C@](O)(CCN(C)C)[C@@H](c2cc3cc(C#N)ccc3nc2OC)c2cccc(OC)c2F)cc(OC(F)F)n1,5.27572413
Cn1c(CCCCN2CC3[C@@](C2)(C3)c2ccc(cc2)C(F)(F)F)nnc1c1ccccc1,6.102372909
CN1CCC(CC1)NC(=O)c1ccc(Oc2ccc(cc2)C#C[C@]2(O)CN3CCC2CC3)cc1,4
C[C@H]1CCCN1CCCOc1ccc(N2CCN(C(=O)c3ccc(F)cc3)CC2=O)cc1.O=CO,4.599999383
O=C(Cc1ccc(-n2cnnn2)cc1)N1CCN(CCc2ccc([N+](=O)[O-])cc2)CC1,6.795880017
CO[C@H]1CN(CCn2c3cc(OC)ccc3ncc2=O)CC[C@H]1NCc1cc2OCCOc2cn1,4.124938737
Nc1nc2cc3CCN(Cc4ccccn4)CCc3cc2s1,4.886056648
Fc1cnc2ccc(=O)n(CCN3CCN(CC3)c3nc4cc(ccc4[nH]3)C(F)(F)F)c2c1,6
Cc1ncn(n1)-c1cc(Cl)c(C(=O)NC[C@H](c2nc3ccc(Cl)cc3[nH]2)c2cccc(F)c2)c(Cl)c1,5.271565049
O=C(N(CC1CCC1)[C@H]1CCNC1)c1ccccc1C1CCCC1,5.657577319
CNCc1cc(F)ccc1Oc1ccc(Cl)c(Cl)c1,5.254144805
Fc1cncc(Oc2cnc3ccc(=O)n(CCN4CCC(CC4)NCc4ccc5OCC(=O)Nc5n4)c3c2)c1,4.102372909
CN(C)S(=O)(=O)c1ccc2Sc3ccccc3N(CCCN4CCN(C)CC4)c2c1,5.610001577
Fc1cccc(c1/C=C/NC12CCC(CC1)(OC2)CC1(O)Cn2c3c1c(F)cnc3ccc2=O)F,7.494850022
CN(C)C(=O)c1ccc(CN2CCc3cc4nc(N)sc4cc3CC2)cc1,4.920818754
COc1cc2nc([nH]c2cc1Cl)[C@@H](CNC(=O)c1c(Cl)cc(cc1Cl)-n1cnc(C)n1)c1cccc(F)c1,4.962573502
CC(C)[C@H](N1CCCNC1=O)C(=O)N[C@H](C[C@H](O)[C@H](Cc1ccccc1)NC(=O)COc1c(C)cccc1C)Cc1ccccc1,5.070581074
Cn1c(=O)n([C@H]2CCCOC2)c2c3cc(-c4ccc(OCCCN5CCCCC5)nc4)c(F)cc3ncc21,4.744727495
COc1cccc(OCCCN)c1-c1cc(Nc2cnc(C#N)cn2)n[nH]1,4.698970004
O[C@]1(CC[C@@H](CC1)N1CC(C1)NC(=O)CNc1ncnc2ccc(cc12)C(F)(F)F)c1cncs1,4.301029996
OC(c1ccc(CN2CCC3(CC2)OCc2cc(F)ncc32)cc1)c1ccc(F)c(F)c1,6.301029996
COC(=O)c1ccc2c(c1)NC(=O)/C2=C(\Nc1ccc(N2C(=O)CC[C@H]2CN2CCN(C)CC2)cc1)c1ccccc1,9.045757491
Fc1cc2c([N+](=C[C@@H](C(=O)[O-])C2=O)C2CC2)c(OC)c1N1C[C@@H]2[C@@H]([NH2+]CCC2)C1,3.890016705
Fc1ccc2c(c1)onc2C1CCN(CC1)CCNS(=O)(=O)c1cccc2c1cccc2,4.698970004
COc1ccc2ncc(C(F)F)c(CCC34CCC(CC3)(CO4)NCc3ccc4OCC(=O)Nc4n3)c2n1,5.756961951
OC(=O)COc1ccc(cc1)N1CCC(CN2CCC(CC2)Oc2ccc(Cl)c(Cl)c2)CC1,5
CCN(CC)CCCC(C)Nc1ccnc2cc(Cl)ccc12,5.602059991
O=C(N1CCC(CC1)CNc1ccccn1)OCc1ccccc1,5.537602002
C=CCN(C(=O)[C@]1(C[C@H]1CN)c1cccs1)CC,5
CCOc1cc(CN2CCC(CC2)Nc2nc3ccc(cc3o2)C(O)=O)ccc1Cl,5
CN(c1ccc(-c2cc3cnccc3cc2O)nn1)C1CC(C)(C)NC(C)(C)C1,4.853871964
OC(=O)Cc1ccc(cc1)N1CCC(CN2CCC(CC2)Oc2ccc(Cl)c(Cl)c2)CC1,4.500312917
COc1ccccc1-c1cc2c(N[C@@H]3CC[C@](C)(N)C3(C)C)c(C(N)=O)cnn2c1,5.124938737
Fc1ccc(F)cc1C=1CN(C(=O)[C@H](NC(OCCO)=O)C(C)(C)C)[C@H](C=1)c1ccccc1,4.602059991
Nc1nc(N2CCC(N3Cc4cc(Cl)cc(Cl)c4OC[C@@H]3Cc3ccc(Cl)cc3)CC2)n[nH]1,5.22184875
O=C(NC1CCN(C1)CCN1CCN(CC1)C(=O)c1ccccc1F)CNC(=O)c1cccc(c1)C(F)(F)F,5
COC1COCCC1N[C@@H]1C[C@H]2C[C@@H](C[C@]2(C1)C(=O)N1CCc2ncc(cc2C1)C(F)(F)F)C(F)(F)F,4.301029996
O=C(N[C@@H]1C[C@H]1c1ccccc1)N1CCC(CC1)c1nc(no1)-c1ccccn1,4.522878745
Cc1nc(no1)[C@@]1(N[C@H](Cc2c1[nH]c1ccccc21)c1nc(c[nH]1)-c1ccc(F)cc1)c1cnn(C)c1,5.59345982
CNCc1cc(C)c(C)cc1Oc1ccc(Cl)c(Cl)c1,5.829738285
Cc1ccc(-c2cc3nc[nH]c(=O)c3c(NC[C@H]3CCCNC3)n2)cc1,5.099999035
FC(F)(F)Oc1cccc(c1)N1CCN(CCN2Cc3ccccc3C2)C1=O,6.22184875
OC[C@@H]1NC(=NC1(c1ccc(F)cc1)c1ccc(F)cc1)c1cc(ccn1)C#N,5.214670165
OCCOc1ccc2c(c1)c(ccn2)[C@@H]([C@H]1CC2CCN1CC2C=C)O,4.563837353
CCN(C(=O)Cc1ccc(cc1)OC)C1CC2CCC(C1)N2CCC(c1ccccc1)NC(=O)C1CCC1,6.605548319
Cc1nc(nc(OCCCN2CCCCC2)c1Cl)-c1ccccc1,9
C[C@]1(CS(=O)(=O)N2CCN(c3ncc(OCc4ccc(C(F)(F)F)o4)cn3)CC2)NC(=O)NC1=O,4.356547324
CC(C)Oc1cc(C(C2=CCC(=O)N=C2)c2ccc(C(C)(C)O)nc2)ccc1OC(F)F,4.250000251
C[C@]12CC[C@H](C(F)F)C[C@H]1C[C@@H](N1CCC[C@@H](N)C1)[C@@H]2Oc1ccc(C#N)cc1,4.823908741
Cc1ccc(cc1)CCCCC1CCC(CC1)C(c1ccccc1)(c1ccccc1)O,4
COc1cncc(c1)-c1ccc2OC3(CCC3)C3(COC3)C3(COC(N)=N3)c2c1,5.086186148
O=C1COc2c(N1)nc(cc2)CNC12CCC(CC1)(OC2)CC1(O)Cn2c3c1c(Cl)cnc3ccc2=O,4.27572413
FC(F)(F)COc1ccc(OCC(F)(F)F)c(c1)C(=O)NCC1CCCCN1,6.091514981
ONC(=O)C=Cc1ccc2c(c1)CN(C2)S(=O)(=O)c1cccnc1,4.522878745
N[C@H]1Cn2c(nc3ncccc32)C[C@@H]1c1cc(F)c(F)cc1F.O=C(O)C(F)(F)F.O=C(O)C(F)(F)F,4.045757491
C[C@@H]1Nc2cc(ccc2C(N)=O)-n2c3CC(C)(C)CC(=O)c3c(C)c2CCCNC1=O,4.48148606
CCOC(=O)C1=C(CN2CCOCC2)NC(c2ncc(OC)s2)=NC1c1ccc(F)cc1Br,5.377785977
Cc1c(CCN2CCN(C(=O)Cc3cnc(-n4cnnn4)cn3)CC2)ccc2c1COC2=O,4.920818754
C1CCN(CC1)C1CCN(CC1)c1nc2cnc(cc2s1)-c1cncnc1,5.194268123
FC(F)(F)c1ccc(\C=C\C(=O)N2CCC[C@H]2CN2CCCC2)cc1,5.431962635
Fc1ccc(cc1)N1C[C@@H](C2CCN(CC2)CCN2CCNC2=O)c2ccccc12,7.640164518
COc1cc(ccc1N1C[C@H](O)[C@@H](O)C1)N1Cc2cn(nc2C1=O)-c1ccc(Cl)cc1,4.522878745
COc1cnccc1C1CCC(CC1)N1CC(C1)NC(=O)CNc1ncnc2c1cc(cc2)C(F)(F)F,4.694648631
CC1(C)[C@H](Nc2c(C(N)=O)cnn3cc(-c4ccccc4)cc23)CC[C@]1(C)N,5.420216403
O=C(NC1CCC(CC1)c1ccc(cc1)O)CCc1ncc(s1)C,5
O[C@H]1CCCC[C@@H]1NC(=O)c1cc(CN2CCN(CC2)c2cc3scnc3cn2)c2ccccn2c1=O,4.882728704
CCc1nn2c(C)cc(C)nc2c1Cc1ccc(/C=C/CN2CCN(C(C)C)CC2)cc1,5.677780705
O=C(N1CCC(C1)NC1CCC(CC1)(O)c1ccc(cn1)c1ncccn1)C1CCN(CC1)c1cccc(n1)C(F)(F)F,5
OC(=O)CN(Cc1cccc(c1)-c1ccccc1OC(F)(F)F)S(=O)(=O)c1ccc(OC(F)F)cc1,4.958607315
[NH+]=1C[C@@H]2N(c3c(Cc4c2cccc4)cccc3)C=1N,3.780022482
CC(C)N1CCN(CC1)C(=O)N1Cc2ccccc2C1,4.71219827
COC(=O)C1=C(C)NC(C)=C(C(=O)OC(C)C)C1c1cccc2c1NON2,4.300000202
CN1CCOc2c1nc(cc2)CNC12CCC(CC1)(OC2)CC1(O)Cn2c3c1c(F)cnc3ccc2=O,4.22184875
CN(CC(=O)NC1CC1)C(=O)c1ccc2n(C)c3CC[C@H](Cc3c2c1)C1CCOCC1,4.48148606
Fc1ccc(cc1C#N)N1CCN(CCN2Cc3ccccc3C2)C1=O,5
CCOc1cc(NC(=O)c2ccccc2F)ccc1-c1nnc(NCCCN2CCCCC2)o1,4.900001867
COc1cc(ccc1OCCN1CCCC1)-n1cnn2cc(cc2c1=O)-c1ccc(Cl)cc1,5.259637311
Cc1nc2ccccc2n1C1CC2CCC(C1)N2CCC1(CCN(CC1)C(=O)c1cc(NS(C)(=O)=O)c(F)cc1Cl)c1cccc(F)c1,4.500312917
OCC(Cn1c(C#N)c(c2ccccc2)c2c(c1=O)ccc(c2)OC)O,4.119186408
CC(C)Cc1cc(CNS(=O)(=O)c2cccc(F)c2)nn1-c1ccccc1,4.838631998
CC(C)CN([C@H]1CCNC1)C(=O)c1cc(Cl)cc(Cl)c1,5
Cc1ccc2c(cccc2n1)-c1nnc(SCCCN2CCc3cc4OCCN(c4cc3CC2)S(C)(=O)=O)n1C,5.102372909
Cl.N=C(N)N/N=C/c1ccc(-c2ccc(/C=N/Nc3ccc(F)cc3F)cc2)cc1,5.649751982
C[C@H]1C[C@@H]2[C@H](CC[C@@]3(C)[C@H]2CC[C@]3(O)C(=O)C)[C@@]4(C)CCC(=O)C=C14,4.599999383
CS(=O)(=O)c1cccc(-c2ccc3ncc(-c4cccc(S(C)(=O)=O)c4)n3n2)c1,5.628932138
Cc1cncc(-c2ccc(C(=O)N(c3ncccc3Cl)[C@@H]3CCCNC3)cc2)n1,4.223298816
[O-]C1=NC(=O)CN1N=Cc2oc(cc2)c3ccc(cc3)[N+](=O)[O-],4.899998417
CC(c1ccccc1C(=O)N(C1CCNC1)C1CCC1)C,4.721246399
COc1cc(ccc1Nc1ncc(Cl)c(n1)-c1cnc2ccccn12)N1CCN(CC1)C(=O)[C@@H](C)N,4.853871964
N#Cc1ccc(NC(=O)[C@H](CN2CC(O)C2)Oc2ncnc3c2cnn3-c2c(Cl)cccc2C#N)nc1,5.099999035
CCCNS(=O)(=O)c1cc(C(=O)N2CCC(CCN3C4CCC3CC(C4)n3c(C)nc4ccccc34)(CC2)c2cccc(F)c2)c(Cl)cc1F,5.050609993
Nc1ncnc2c1c(-c1cccc(OC[C@@H]3CCCO3)c1)cn2[C@H]1C[C@@H](CN2CCC2)C1,5.443697499
Fc1ccc2c(c1)N1N=C(C(C1CO2)(CCCN1CCOCC1)c1ccccc1)C(=O)C,5.214670165
CC(C)c1noc(N2CCC([C@H]3C[C@H]3CCOc3ccc(CC(=O)N4CCC4)c(F)c3)CC2)n1,5.15490196
N[C@@H](Cn1c2cc(F)ccc2ncc1=O)[C@H]1CC[C@@H](CC1)NCc1ccc2OCC(=O)Nc2n1,3.759450752
CC1N=CN=C1CN1CCc2c(c3ccccc3n2C)C1=O,5.499996932
COc1ccc(NC(=O)Cn2cc(CCNS(=O)(=O)c3ccc(OC)cc3)c3ccccc32)cc1,4.990124366
COC(=O)c1ccc(cc1)C1CCC(CC1)N1CC(C1)NC(=O)CNC(=O)c1cccc(c1)C(F)(F)F,6
COc1ccc(Cl)c(c1)-c1ccc(NC(=O)c2ccnn2C)nc1N,4.522878745
COCCc1nc(CN[C@H]2CC[C@@H](F)C2)n(C(C)C)c1-c1ccc(Cl)cc1,4.795880017
CC1(N=C(N)C(=N1)c1ccccc1)c1cccc(c1)-c1cccnc1,4.48148606
CN(CCc1sc2c(c1C(c1cscn1)C)cccc2)C,5.769551079
OCc1cc(ccn1)-c1cccc2OC[C@H](Cc12)NC(=O)c1ccc(OCC(F)(F)F)nc1,4.801342913
COc1ccc(cn1)-c1cc(cnc1N)-c1ccc(cc1)S(=O)(=O)NC1CC1,5.677780705
Cc1c(CN[C@H]2CC[C@@H](F)C2)nn(c1-c1cnc(C)c(F)c1)-c1ncccc1Cl,4.387216143
Fc1ccc2c(c1)CCC12CCN(C1)CCCSc1nnc(n1C)c1sc(nc1C)C,5.602059991
Cc1c(CNC2CCCC2)nn(c1-c1ccc(C)nc1)-c1ncccc1Cl,4.795880017
CC(C)(C)c1nnc(s1)-c1nn(c(c1Cn1cncn1)-c1ccc(Br)cc1)-c1ccccc1Cl,4.978810701
O=C1COc2c(N1)nc(cc2)CNC12CCC(CC1)(OC2)CC1(O)Cn2c3c1c(F)cnc3cc(c2=O)F,4.22184875
CC(C)[C@@H](Nc1nc2cc[nH]c(=O)c2c2cc(F)ccc12)C(F)(F)F,5.455931956
CCOc1cc2nnc(c(c2cc1N1CCN(CC1)C)Nc1cccc(c1Cl)Cl)C(=O)N,5.301029996
COc1cc(\C=C2/CCCN3C2=NOC3(C)c2ccc(F)cc2)ccc1-n1cnc(C)c1,6.15490196
c1ccc(-c2ccccc2CC(c2cccnc2)c2cccnc2)cc1,5.118045029
Nc1n[nH]c(N2CCC(N(CCO)CCc3ccc(Cl)cc3)CC2)n1,5.200659451
O=C1OC2(CN1c1cccnc1F)CCC(CC2)c1nc2c([nH]1)cc(cc2)OC(F)(F)F,4.801342913
O=S(=O)(CC1CC1)NC1CN(c2ccc3c(c2)[C@@H](Cc2ccccc2)[C@@H](N2CCC2)CO3)C1,4.943095149
Clc1ccc(cc1)c1cc2C(NC(=O)c3ccccc3O)CC(Oc2nc1c1ccc(cc1Cl)Cl)(C)C,4.522878745
ONC(=O)\C=C\c1ccc2CN(Cc2c1)C(=O)C1CC1,4.522878745
CCOC(=N)c1ccc(s1)-c1ccc2cc(CCN3CCC[C@H]3C)ccc2n1,5.318758763
C[C@]12CC[C@H](O)C[C@@H]1CC[C@@H]3[C@@H]2CC[C@@]4(C)[C@H]3CCC4=O,5.270001453
CN(C/C=C/c1ccc2ccccc2c1)Cc1ccc2c(c1)OCCC2.Cl,4.790484985
CC(=O)N1CCN(c2ccc(OCC3COC(Cn4ccnc4)(c4ccc(Cl)cc4Cl)O3)cc2)CC1,5.719991047
CCn1c(nc2cnc(cc12)C1CC1)[C@@H](C)NS(=O)(=O)c1ccc(nc1)C#N,3.698970004
N#Cc1cccc(c1)CN(c1cccc2c1cc[nH]2)C1CCNCC1,5
CCOc1cc2ncc(c(c2cc1N1CCN(CC1)CC)Nc1ccc(cc1F)F)C(=O)N,4.721246399
CNC(=O)[C@@]12C[C@@H]1[C@H]([C@H](O)[C@@H]2O)n1cnc2c(NC)nc(nc12)C#Cc1ccc(F)c(F)c1,4.568636236
NC(C(=O)NC1N=C(c2ccccc2)c2c(N(C1=O)C)cccc2)Cc1ccccc1,5.055517328
COc1cc(F)ccc1-c1cncc(CNC(C)C)c1,5.175874166
CN1CCN(CCCCN2C(=O)CN(/N=C/c3ccc(-c4ccc(Cl)cc4)o3)C2=O)CC1.Cl,6.250031916
Cc1cc(CNc2nc(N)nc3ccn(Cc4ccccn4)c23)no1,5.920818754
COc1cc(ccc1Nc1ncc2ccc(-c3ccccc3N(C)S(C)(=O)=O)n2n1)N1CCN(C[C@H](C)O)CC1,5.040958608
CCc1cnc(N2CCC([C@H]3C[C@H]3CCOc3ccc(CC(=O)N4CCC4)c(F)c3)CC2)nc1,5.494850022
CC(N1C[C@H](N)[C@@H](C1)C(=O)N1CCC[C@H]1C#N)c1ccc(cc1)C#N,5
COC(=O)c1cccc(c1)C(=O)N1CCC(CC1)(CCN1[C@@H]2CC[C@@H]1C[C@@H](C2)n1c(C)nc2c1cccc2)c1ccccc1,6.096910013
N#Cc1cnc(cn1)Nc1ncc(c(c1)NC[C@H]1CNCCO1)c1ccc2c(c1)cn(n2)C,4.795880017
Oc1ccc2OCC(=O)N(CCN3CCC(CC3)NCc3ccc4OCC(=O)Nc4n3)c2c1,4
CNCc1cc(ccc1Oc1ccc(Cl)c(Cl)c1)C(F)(F)F,5.886056648
CC1CCN(CCN2CCN(C2=O)c2cccc(Cl)c2)CC1,5.801342913
C(CN1CCCCC1)Oc1ccc(Oc2nc3ncccc3s2)cc1,5
O=C(Nc1ccc(O)cc1OC[C@@H](O)CN1CCC2(CC1)Cc1cc(Cl)ccc1O2)NC1CC1,5.619788758
COc1cc(C)c2ncc(F)c(CCC34CCC(CC3)(CO4)NCc3ccc4OCC(=O)Nc4n3)c2n1,9
COC1COCCC1N[C@@H]1C[C@H]2CCC[C@]2(C1)C(=O)N1CCc2ccc(F)cc2C1,4.628932138
NC(=O)c1cc(Cl)c2c(Cl)c(C#CC3CC3)n(C3CCCNC3)c2n1,6
COC([C@H](Oc1nc(C)cc(C)n1)C(O)=O)(c1ccccc1)c1ccccc1,2.374456056
COCCCOc1cc(C(=O)N(C[C@@H]2CNC[C@H]2Cc2ccccc2)C(C)C)ccc1OC.Cl,4.838631998
OCc1cc(ccc1OC)c1ccc2c(n1)nc(nc2N1CCOC[C@H]1C)n1cncc1,4.494850022
Cn1cc(-c2nnc(SCCCN3CC4CCN(c5ccc(C(F)(F)F)cc5)C4C3)n2C)cn1,6.799970733
FC(F)(F)c1cccc(c1)C(=O)NCC(=O)N[C@@H]1CCN(CCC2CCN(CC2)C(=O)c2ccccc2Cl)C1,5
CC(=O)Nc1ccc(cc1)S(=O)(=O)Nc1ccccc1C(=O)c1ccc(F)cc1,5
NC1=N[C@@](c2cc(F)cc(F)c12)(c1cccc(c1)-c1cncnc1)c1ccnc(c1)C(F)F,4.721246399
FC1CCC(C1)NCc1nc(n(c1C(C)C)c1ccc(nc1)C)c1ncccc1Cl,4.823908741
CCOC(=O)[C@@H]1CC[C@@H](CC1)N1CC(C1)NC(=O)CNc1nn(c2ccc(cc12)C(F)(F)F)S(C)(=O)=O,4.602059991
NC(=O)[C@@H]1CC[C@H](c2ccc(OCc3ccccc3F)cn2)N1,4.800000875
Cc1cccc(c1)CCN1CCC(CC1)C(=O)c1ccc(cc1)NS(=O)(=O)C,6.809668302
COCCN1CCC[C@H]1Cn1nc(Cc2ccc(cc2)Cl)c2c(c1=O)nccc2,5.301029996
Cc1cc(Nc2ncc(Cl)c(Nc3ccccc3S(=O)(=O)C(C)C)n2)c(OC(C)C)cc1C1CCN(CCO)CC1,5.578396073
O=C1N(CC[C@H]1[NH2+]Cc1n(cnc1)Cc1ccc(cc1)C#N)C(=O)c1cccnc1N,4.301029996
CCOc1nn(C2CCN(C(C)=O)CC2)cc1Nc1ncc(Cl)c(-c2cnn3ccccc23)n1,5.193820026
NCCCCN(Cc1nccc2c3ccccc3n(CC(N)=O)c12)[C@H]1CCCc2cccnc12,5.744727495
NCC(=O)N1CCn2c(C1)nc(c2Nc1ccc(Cl)c(F)c1)-c1ccc(F)cc1,4.677780705
Fc1ncc2c(c1)n1CC(N)C(Cc1n2)c1cc(F)c(cc1F)F,4.091514981
Cc1c([C@@H](O)CN2CCC3(CC2)CCN(c2cnsc2)C3=O)ccc2c1COC2=O,5.30980392
O=C1OCc2cc(CCN3CCN(C(=O)Cc4ccc(-n5cnnn5)cn4)CC3)ccc21,4.337242168
CCCCNc1nccc2[nH]c3ccccc3c12,5.799998135
COc1ccc2cc3c4cc(OC)c(OC)cc4CC[n+]3cc2c1OC,4.689999563
CC1CC1c1cc(cc(COCC2(CCN(C)CC2)c2ccc(F)cc2)n1)C(F)(F)F,4.468521083
O[C@@]1(CC[C@@H](CC1)N1CC(C1)NC(=O)CNC(=O)c1cccc(c1)C(F)(F)F)c1cccnc1,4.455931956
C[C@@H](c1cscn1)c1c(CCN(C)C)sc2ccccc12,5.769551079
COc1ccc(cn1)C1(O)CCC(CC1)N1CC(C1)NC(=O)CNc1ncnc2c1cc(cc2)C(F)(F)F,4.54515514
COc1ccc2ncc(F)c(CCC34CCC(CC3)(CO4)NCc3nc4NC(=O)COc4c(C)c3C=C)c2n1,6.301029996
O=c1n(-c2ccccc2)c(nc2ccccc12)-c1ccc(OCCCN2CCCCC2)cc1,6.337242168
Fc1ccc(F)c(c1)C(=O)N1CCC(CCN2CC[C@H](C2)NC(=O)CNC(=O)c2cccc(c2)C(F)(F)F)CC1,5
C(CCN1CCN(CC1)c1ccccc1)CCCN1CCN(CC1)c1ccccc1,5.096910013
CC(C)(CO)NC(=O)c1nn(c2[C@@H]3C[C@@H]3Cc12)-c1ccc(F)cc1F,3.288192771
Brc1ccc(cc1)N(C1CCN(CC1)C1CCCC1)C(=O)NCc1ccccc1,6.749579998
CCN1CCN(CC1)c1cc2[nH]c(S[C@@]3(C)CC[C@@H](CC3)N3CCCC3=O)nc2cc1Cl,5
Clc1ccc(cc1)c1ccc(cc1)CCCNc1ccc(cc1)CN1CCCCC1,5.698970004
CCN1CCN(CC1)c1cc2[nH]c(S[C@@]3(C)CC[C@@H](CC3)S(C)(=O)=O)nc2cc1Cl,5
NC1=NC2(CO1)c1cc(NC(=O)c3ccc(cn3)C#N)ccc1OCC21CC1,5.443697499
C[C@@H]1OCC2(CCN(c3nc(N)c(Sc4ccnc(C5CC5)c4Cl)c(=O)n3C)CC2)[C@@H]1N,5.008773924
CCN(CC)CC(=O)N[C@@H]1CC[C@@H](C(=O)NC(c2ccc(F)cc2)c2ccc(F)cc2)[C@H](c2ccc(Br)cc2)C1,6.107905397
C[C@H](NC(=O)C(C)(C)Oc1ccc(cn1)C(F)(F)F)[C@@H](Cc1ccc(Cl)cc1)c1cccc(c1)C#N,4.847711656
C[C@@H]1CCCN1CCc1ccc2nc(ccc2c1)-c1ccn2ncnc2n1,4.681936665
CNCc1ccc(-c2cc(-c3nc(-c4ccc(S(=O)(=O)C(C)C)cc4)cnc3N)on2)cc1,5.522878745
C[C@H](c1c(CCN(C)C)oc2ccccc12)c1ccccn1,5.920818754
CC1(C)Oc2ccc(cc2C2(COC(N)=N2)C11COC1)-c1cc(Cl)cnc1F,6
CCOC(=O)CCc1ccc(OC[C@H](O)CNC(C)(C)Cc2ccc3ccccc3c2)c(C#N)c1.Cl,8.769551079
O[C@H]1CCCC[C@@H]1NC(=O)c1cc(CN2CCC(CC2)(C#N)c2ccccn2)c2ccccn2c1=O,4.785156152
Oc1ccc(cc1)[C@H]1CC[C@@H](CC1)NC(=O)C1Cc2ccccc2CN1,4.522878745
NC1(Cc2nc(-c3ccc(OC(F)(F)F)cc3)c[nH]2)COC1,4.853871964
Clc1ccc2c(c1)[C@](O)(c1ccccc1)C(=N2)N,4.602059991
ONC(=O)\C=C\c1ccc(CNCCc2c[nH]c3ccccc23)cc1,4.561299467
COc1ccc2ncc(=O)n(C[C@H](N)[C@H]3CC[C@@H](CC3)NCc3ccc4OCC(=O)Nc4n3)c2c1,3.477555766
ONC(=O)C=Cc1ccc2c(c1)CN(C2)S(=O)(=O)c1ccccc1C,4.522878745
CC(C)S(=O)(=O)N[C@H]1CN(C)C[C@@H]1c1ccc(cc1)-c1cccnc1F,5.200659451
Cc1cccc(c1)C(CC[C@@H](N)C(O)=O)(c1ccccc1)c1ccccc1,4.602059991
O=[N+]([O-])c1ccc(NCCCCN2CCC(Nc3nc4ccccc4n3Cc3ccc(F)cc3)CC2)c2nonc12,7.602059991
Cc1cnc(NC(=O)c2cc(Oc3ccc(C(=O)N(C)C)cc3)c3cc(C)oc3c2)cn1,4.229147988
Fc1cnc2ccc(=O)n3CC(F)(CC45CCC(CC4)(CO5)NCc4ccc5OCC(=O)Nc5n4)c1c23,4.860120914
CC(C)[C@@H](N)CN1C2CCC1CC(OC(c1ccc(F)cc1)c1ccc(F)cc1)C2,5.360513511
CONC(=O)CCCN(C)C(=O)c1ccc2n(C)c3CC[C@H](Cc3c2c1)C1CCOCC1,4.48148606
COc1ccc(-c2ccc3ncnc(N4CCC[C@H](C(=O)N5CCN(C)CC5)C4)c3c2)cn1,5.823908741
COc1ccc2ncc(F)c(C[C@H](N)[C@@H]3CC[C@@H](NCc4ccc5c(n4)NC(=O)CO5)CO3)c2n1,5.301029996
COC(=O)C1(CNC(=O)c2cc(OC)cc(OC)c2)CCN(Cc2cccc(OC)c2)CC1,6.522878745
CNC(=O)CCCNC(=O)N(C1CCN(CC1)[C@@H](CCNC(=O)c1c(C)cc(nc1C)Cl)C)Cc1ccsc1,4.301029996
CC(c1ccccc1C(=O)N(C1CCNC1)C1CCCC1)C,4.732828272
C[C@@H]1COCCN1c1nc(cc2c1ncn2[C@@H](S(=O)(=O)C)C)c1cncc2c1cc[nH]2,5.045757491
N#Cc1ccc(S(=O)(=O)N2C[C@H](S(=O)(=O)c3ccc(Cl)cc3)[C@](O)(CN)C2)c(Cl)c1,5.27572413
CC(C)c1nnc(C)n1C1CCN(CC1)C(C)C[C@H](NC(=O)C1CC(F)(F)C1)c1ccccc1,5.638272164
COc1cc(NC(=O)c2ccccc2F)ccc1-c1nnc(NCCCN2CCCCC2)o1,4.958607315
CCN(CC)C(=O)c1ccc(cc1)[C@@H](N1CCN(Cc2cncs2)CC1)c1cccc(NC(=O)OC)c1,4.853871964
COc1ccc2ncc(F)c(CC(=O)C34CCC(NCc5ccc6c(n5)NC(=O)CO6)(CC3)CO4)c2n1,5.026872146
COc1ccc2cc3[n+](cc2c1OC)CCc1cc2c(cc1-3)OCO2.[Cl-],5.508638306
COc1ccc(cc1)C1CN(CC1CC(=O)N(c1cccc(c1)Cl)C)CCc1ccc(c(c1)OC)OC,7.537602002
CC(C)(O)[C@H]1CC[C@@H](CC1)Nc1ccc2ncc(-c3cccc(c3)C(F)(F)F)n2n1,4.522878745
Fc1cc2COC3(CCN(Cc4ccc(cc4)C(N=O)c4ccc(F)c(F)c4)CC3)c2cn1,6.522878745
COc1ccccc1Oc1ccccc1CN1CCC2(CC1)CCN(CC2)C(=O)c1ccccn1,7
O[C@H]1CC[C@@H](CC1)Nc1ccc2ncc(-c3cccc(OC(F)(F)F)c3)n2n1,4.795880017
COCc1ccc2c3nc(N4CCC[C@@H](N)C4)n(Cc4ccccc4Cl)c3c(=O)n(C)c2c1.Cl,5.742321425
CC(CN(C(=O)c1cccc(c1C)Cl)C1CNCC1)C,4.280701867
CC(C)(C)c1cc(CNCC2CCN(CCCCCC(c3ccc(F)cc3)c3ccc(F)cc3)C2)cc(c1O)C(C)(C)C,6.060480747
CC(C)(C)NCCCc1cc(nc(n1)C#N)-c1cccc(c1)C(F)(F)F,5.958607315
Cc1cc(Cl)cnc1C(=O)Nc1ccc2OCC3(CC3)C3(COC(N)=N3)c2c1,5.30980392
Cc1cc(C)nc(Nc2cc(NCC3(N)CC3)cnc2C(N)=O)c1,5.769551079
NC1CCCN(C1)c1c(cccc1Br)/C=C\1/SC(=O)NC1=O,4.522878745
COC(=O)c1cnc(Nc2cnc(C#N)c(O[C@@H]3CCNC3)n2)cc1N(C)C,4.522878745
OC(=O)c1ccccc1Oc1ncc(Cl)cc1NS(=O)(=O)c1ccc(Cl)c(Cl)c1,4.500312917
CC(=O)N1CCC(CC1)n1ncc(c1)c1cnc(c(c1)c1nc2c(o1)cccc2)N,4
COc1cnc2ccc(=O)n(CCN3CCC(CC3)c3nc4cc(Cl)c(F)cc4[nH]3)c2c1,5.920818754
COCc1cnc2n1C[C@@H](CC[C@H]2NC(=O)N1CCC2(CC1)OC(=O)Nc1c2cccn1)c1cccc(c1F)F,5.26520017
O=C(Cc1ccncc1)N1CCC(CC1)c1ccc(NC(=O)c2ncc([nH]2)C#N)c(c1)C1=CCCCC1,5.494850022
Cc1nc(C)c(o1)-c1nnc(SCCCN2CCC3CC3(CC2)c2ccc(cc2)C(F)(F)F)n1C,5.900008766
COc1ccc(cc1)C1CN(CC1CC(=O)Nc1cccc(c1)Cl)CCC1CCOCC1,6.920818754
Nc1nc2c(s1)cc(cc2)OC(F)(F)F,4.670000424
CSc1ccccc1C(=O)N(C1CCCC1)[C@H]1CCNC1,4.728158393
COc1ncc(cn1)-c1cccc(Cl)c1CCNC(=O)c1ccc(OCCC(F)(F)F)nc1,5.399996913
COc1ccc2C(N(Cc3ccccc3-c3ccccc3)C(=O)c2c1C)C(=O)NC(C)(C)C,4.619788758
Cn1c(SCCCN2CC[C@]3(C[C@@H]3c3ccc(F)cc3)C2)nnc1-c1cccnc1,5.679999196
OC(=O)c1ccccc1N1CCC(CN2CCC(CC2)Oc2ccc(Cl)c(Cl)c2)CC1,5.799998135
Fc1ccc(cc1)C(=O)N1CCN(C(=O)C1)c1ccc(cc1)OCCCN1CCCCC1,4.301029996
CC(C)S(=O)(=O)N[C@H]1CN(C[C@@H]1c1ccc(cc1)-c1ccc(cc1)C#N)c1ccccc1,6.096910013
O=C(c1cc([C@H]2CCCN2c2cc(F)cc(F)c2)c2oc(N3CCOCC3)cc(=O)c2c1)N1CCOCC1,4.346787486
COc1ccc(cc1)-c1nnc(o1)C(=O)N1CCC(CC1)Oc1ccc(CN2CCC(O)C2)cc1,4.619788758
CC(C)(C)c1[nH]c2ccccc2c1CCNCc1ccc(\C=C\C(=O)NO)cc1,5.127843727
COc1ccc(cc1)c1cc(=O)c2c(o1)cc(cc2OC)OC,4.735182177
CCOC(=O)N1CCN(Cc2nc(no2)-c2cccc(Cl)c2)CC1,4.809668302
CCOC(=O)C1CCC(CC1)N1CC(C1)NC(=O)CNc1noc2c1cc(cc2)C(F)(F)F,5.251811973
CONC(=O)N(Cc1ccsc1)C1CCN(CC1)[C@H](C)CCNC(=O)c1c(C)cc(nc1C)C(=O)NC(C)C,4.48148606
CC(C)N1CCC[C@H](Cn2c(C)nc3ccc(Oc4ccc(F)c5cccnc45)nc3c2=O)C1,7
Cc1nccn1-c1ccc(-c2cn(CC(=O)Nc3cccc(Cl)c3Cl)nn2)cc1,5.657577319
CC(C)N1CCC[C@H](Cn2c(C)nc3cnc(Oc4ccc(F)c5cccnc45)cc3c2=O)C1,5.020001176
OC1CN(CCC1Cc1ccccc1)CCS(=O)(=O)c1ccc(cc1)O,5
Cl.COc1ccccc1N1CCN(CCCCCC(=O)n2c3ccccc3c3ccccc23)CC1,5.552841969
COc1ccc(cc1c1ccc(cc1CN(C(=O)O)CCc1ccccc1)C(F)(F)F)CC(=O)O,4
CC(NC(C(COc1ccc(c2c1CCC2)C)O)C)C,5.036212173
NC1=NC2(CO1)c1cc(ccc1OCC21CC1)-c1cncc(OCC(F)(F)C(F)F)c1,5.769551079
C[C@@H](N1[C@H]2CC[C@@H]1C[C@H](C2)Oc1cccc(c1)C(N)=O)c1ccc(C)nc1,9
CC(Cc1ccc(cc1)[C@@H](C(=O)O)C)C,5
FC(F)(F)c1cccc(c1)C(=O)NCC(=O)NC1CN(C1)[C@H]1CC[C@@H](CC1)c1cnccn1,4.920818754
CNC1CCN(C1)c1nc(N)nc2c1oc1c2cc(cn1)Cl,5
FC1CCN(C1)C(=O)C(C(c1onc(n1)c1ccc(cc1F)S(=O)(=O)C)CC1CC1)N,4.232844134
ONC(=O)C=Cc1ccc2c(c1)CN(C2)S(=O)(=O)c1ccc(cc1)C,4.522878745
Cc1nc2ccncc2c(=O)n1-c1ccc(OC2CCN(CC2)C2CCC2)cc1,5
Clc1ccc(NC(=O)N2CCN(C[C@H]3CN(CCO3)C3CC3)CC2)cc1Cl,4.795880017
CNc1cc(Nc2cnc(C#N)c(O[C@H](C)CN(C)C)n2)ncc1-c1cnn(C)c1,4.920818754
O1CCC(CC1)C1NC(Cc2c1[nH]c1c2cccc1)c1[nH]cc(n1)C1C2CC3CC1CC(C2)C3,6.295849483
CC(C)Oc1cc([C@@](Cc2ccccc2)(NC[C@@H](O)CC(F)(F)F)c2cc(F)cc(OC(F)(F)C(F)F)c2)ccc1F,4.638272164
Cc1cccc(Nc2nc(N[C@@H]3CC(F)(F)CC[C@@H]3N)ncc2C(N)=O)c1,5.102372909
COc1cc(ccc1OCCN1CCCC1)-n1ccnc(NCCc2ccccc2)c1=O,5.207608311
COc1cc2CC(=O)N([C@@H](c3ccc(Cl)cc3)c2cc1OC(C)C)c1ccc(cc1)N(C)C[C@H]1CC[C@@H](CC1)N1CCNC(=O)C1,4.795880017
Fc1ccc(nc1)C(=O)c1ccccc1NS(=O)(=O)c1ccc(NC(=O)OCC2CCCO2)cc1,5
NC(=O)c1cc(Cl)c2c(Cl)c(C3CC3)n([C@H]3CCCNC3)c2n1,5.537602002
Cn1c(CCCCN2CC3[C@@](C2)(C3)c2ccc(cc2)C(F)(F)F)nnc1c1cccnc1C,5.100179498
CCN1CCN(CC1)c1cc2[nH]c(S[C@@]3(C)CC[C@@H](CC3)N(C)C(C)=O)nc2cc1Cl,5
Cc1ncoc1-c1nnc(SCCCN2CC3CC3(c3ccc(C(F)(F)F)cc3)C2)n1C,6
c1ccc(cc1)n2nnc3ccccc23,4.779999191
COc1cc(OC)cc(c1)C(=O)NCC1(CCN(Cc2ccc(cc2)C(F)(F)F)CC1)C(O)=O,4.917933066
CNC(=O)c1ccc(Nc2nccc(n2)-c2cnc(C)n2C(C)C)cc1F,4.795880017
Cc1ncc(CNC2CCN(CCn3c4cc(Oc5ccc(cc5)S(N)(=O)=O)cnc4ccc3=O)CC2)cc1Cl,4.086186148
CCN1CCN(CC1)c1cc2[nH]c(nc2cc1Cl)C(=O)C1(CC)CCC(CC1)(C)O,4.958607315
O[C@@]1(CC23CCC(CC2)(CO3)NCc2cc(on2)-c2cccs2)Cn2c3c1c(F)cnc3ccc2=O,9
COc1ccc2nccc(CCN3CCC(NCc4ccc5c(n4)NC(=O)CO5)CC3)c2c1,5.420216403
CN(C)C(=O)c1cccc(CN2CCc3cc4nc(N)sc4cc3CC2)c1,4.48148606
CCCNC[C@@H](O)COc1ccccc1C(=O)CCc1ccccc1,5.699991797
OC(=O)C1CCN(Cc2ccc(Oc3nc4ccccc4s3)cc2)CC1,5
NC(=O)c1cnc2ccc(-c3cccnc3)cc2c1SC1CCCC1,5.292429824
O/N=C(/c1ccc(CN2CCC3(CC2)OCc2cc(F)ncc23)cc1)c1ccc(F)c(F)c1,6.508638306
COc1cccc(c1)C(=O)N1CCn2c(nnc2-c2nc(C)ns2)[C@H]1C,4.15490196
CCO\N=C(\c1ccc(CN2CCC3(CC2)OCc2cc(F)ncc32)cc1)c1ccc(F)c(F)c1,7
Cn1c(nc2c(Cl)cccc2c1=O)-c1ccc(OC2CCN(CC2)C2CCC2)cc1,5.958607315
O=C([C@@H](c1ccc(nc1C)n1cnnn1)C)N1CCN(CC1)CCc1ccc2c(c1C)COC2=O,5.468521083
Fc1cnc2nc(Oc3ccc(CN4CCCCC4)cc3)sc2c1,5
COc1cccnc1Cn1ccc2nc(N)nc(OCc3ncc(C)o3)c21,5.657577319
Cc1nc2ccccc2n1C1CC2CCC(C1)N2CCC1(CCN(CC1)C(=O)C(C)(C)C(=O)NS(C)(=O)=O)c1ccccc1,4.600326279
CCS(=O)(=O)c1cc2cc(C[C@](O)(CC(C)(C)c3ccc(F)cc3C(N)=O)C(F)(F)F)[nH]c2cn1,4.522878745
CC1COCC(C)N1S(=O)(=O)c1ccc(-c2ccc(CCN3CCC[C@H]3C)cc2)cc1,5.933040802
Cn1c(nc2ccccc2c1=O)-c1ccc(OC2CCN(CC2)C2CCC2)cc1,5.251811973
COCC(C)(C)C#Cc1c(Cl)c2c(Cl)cc(C(N)=O)nc2n1[C@H]1CCCNC1,8.958607315
FC(F)(F)CN1c2ccccc2C(=N[C@@H](NC(=O)Cc2ccc(cc2C(F)(F)F)C(F)(F)F)C1=O)c1ccccc1,5.22184875
COc1nc2ccc(CN(C)C)cc2cc1C(c1ccccc1)C(O)(CCN(C)C)c1cccc2ccccc12,5.318758763
CN[C@H]1CCN(C1)C(=O)c1ccc(cc1)Nc1ncc(c(n1)c1cnc(n1C(C)C)C)F,4.022276395
OC1(CCCCC1)[C@@H](CN(C)C)c1ccc(O)cc1,5.259637311
CN(C)c1ccc(\C=C\c2c(F)cccc2Cl)cn1,4.225483034
C[C@@H]1CCCN1CCc1cc2c(o1)ccc(c2)c1cnccn1,5
CC#CCn1c(nc2n(C)c(=O)n(Cc3nc(C)c4ccccc4n3)c(=O)c12)N1CCC[C@@H](N)C1,4.522878745
CC(C)C[C@H](CN)Nc1cc(Nc2cccc(n2)C(C)(C)C)c(nn1)C(N)=O,5.399996913
CCN1CCN(CC1)c1cc2[nH]c(nc2cc1Cl)C(=O)C1(C)CCC(=O)CC1,5.070581074
C[C@H](CO)CONC(=O)c1ncc2cncn2c1Nc1ccc(I)cc1F,4.853871964
NC(=O)C1CCN(Cc2ccc(Oc3nc4ccccc4s3)cc2)CC1,5.823908741
Cc1cc(F)ccc1OC1CCN(CC2CCN(CC2)[C@@](C)(Cc2ccc(F)cc2)C(O)=O)CC1,4
C[C@@H]1OCC2(CCN(c3nc4[nH]nc(-c5ccnc(NC6CCC6)c5Cl)c4c(=O)n3C)CC2)[C@@H]1N,5.721246399
C1c2cc(cnc2O[C@]11CN2CCC1CC2)-c1ccoc1,5.795880017
Cc1c([C@@H](O)CN2CCC3(CC2)CCN(c2ccc(S(C)(=O)=O)cn2)C3)ccc2c1COC2=O,4.841637508
Cc1ccc(Nc2cc(N[C@@H]3CCCC[C@@H]3N)nnc2C(N)=O)nc1C,4.700000504
Cc1ccc(cn1)-c1nnc(SCCCN2C[C@@H]3C[C@@]3(C2)c2ccc(cc2)C(F)(F)F)n1C,6.100015437
Fc1ccc(cc1)C(c1nncn1Cc1ccccc1)OCCN1CCCC1,5.420216403
NC(=O)C1CCN(CCOc2ccc(Oc3nc4ncccc4s3)cc2)CC1,5
O=C1CN(C(=O)N1C1CCC1)Cc1ccc(cc1)c1cccc(n1)CN1CCCCC1,5
CCCCN(CC(COc1ccc(cc1)NS(=O)(=O)C)O)CCc1ccc(c(c1)Cl)Cl,7.15490196
Cc1ccc(-c2cc(S(=O)(=O)c3ccc(CN)s3)ccc2S(C)(=O)=O)cc1.Cl,4.167491087
N[C@@H](CC(=O)N1C[C@@H](F)C[C@H]1C#N)Cc1cc(F)c(F)cc1F,4.162096055
C1Oc2ccc(cc2O1)[C@H]3OC[C@H]4[C@@H]3CO[C@@H]4c5ccc6OCOc6c5,4.820000358
CCO\N=C(\c1ccc(F)c(F)c1)c1ccc(CN2CCC3(CC2)OCc2cc(=O)n(C)cc32)cn1,5
Cc1ncoc1-c1nnc(SCCCN2CC3CC3(C2)c2cccc(OC(F)(F)F)c2)n1C,6.062131203
COc1cc(CN2CCC(CNCCCCCC(c3ccc(F)cc3)c3ccc(F)cc3)C2)cc(OC)c1OC,7
Clc1ccc(cc1)-c1oc(cc1)\C=N\N1CC(=O)N(CCCC[NH+]2CC[NH+](CC2)C)C1=O,5.853871964
COc1cc(\C=C\c2nc(N)c3c4CCCCCc4sc3n2)ccc1-n1cnc(C)c1,6.408935393
FC(F)Oc1ccccc1CC(N1CCNCC1)c1ccccc1,4.970616222
CN(C(=O)c1ccc(cc1)n1cccn1)C1CCN(C1)C1CCC1,4.602059991
CN(C1CCN(Cc2ccc(cc2)C(F)(F)F)CC1)C(=O)Cc1ccc(cc1)-n1cnnn1,5.920818754
CS(=O)(=O)Cc1cc(nc(n1)-c1ccc2[nH]ccc2c1)N1CC2CCC(C1)O2,4.494850022
Cc1ncoc1-c1nnc(SCCCN2CC[C@@]3(C[C@@H]3c3ccc(C(F)(F)F)cc3F)C2)n1C,6.349984048
COc1cc(-c2cn(C3CCc4ccccc4N(Cc4cccnc4)C3=O)nn2)ccc1-n1cnc(C)c1,5.351639989
CC(C)(O)c1cccc(-c2ccc3nc(-c4ccc(Cl)cc4)cn3c2)c1,5.823908741
CC(N(C)C)C1(CCCCC1)c1ccc(Cl)c(Cl)c1,4.397940009
CC[C@@H](OC(C)=O)C(C[C@H](C)NC)(c1ccccc1)c1ccccc1,4.920001602
Cc1c[nH]c2c(Nc3nc(N[C@@H]4CCOC[C@@H]4N)cc4nc[nH]c(=O)c34)cccc12,4.522878745
N#Cc1c(\N=c2/sc(nn2-c2ccccc2)-c2ccccc2)nc(cc1-c1ccccc1)-c1ccccc1,5.119186408
COc1cc(ncc1C#N)[C@H](O)CN1CCN(C[C@H](O)c2ccc3C(=O)OCc3c2C)CC1,4.744727495
O=C1OCc2c1ccc(CCN1CCN(C(=O)Cc3ccc(-n4cnnn4)cc3)CC1)c2Cl,4.769551079
CNc1nccc(N2CCC3(CCN(C[C@H](O)c4ccc5c(c4C)COC5=O)CC3)C2=O)n1,5.026872146
CN1CCC(CNc2ccc3ncc(-c4cccc(OC(F)(F)F)c4)n3n2)CC1.O=S(=O)(O)O,5.499996932
O[C@]1(CN2CCC1CC2)C#Cc1ccc(Oc2ccc(cc2)C(=O)NCc2ccncn2)cc1,4.300162274
Clc1ccc(cc1)C(=O)C1CCN(CC1)CCCc1ccccc1,7.259637311
N#Cc1ccccc1C1CCC(CC1)N1CC(C1)NC(=O)CNc1ncnc2c1cc(cc2)C(F)(F)F,5.677780705
CCO[C@@H]1Cc2cc(ccc2[C@H]1N1CCN(C[C@@H]1C)C1(C)CCN(CC1)C(=O)c1c(C)ncnc1C)C(F)(F)F,5.346787486
CC[C@@H](C(=O)O[C@H]1C[C@@H](C)C=C2[C@H]1[C@@H](CC[C@@H]1C[C@@H](O)CC(=O)O1)[C@H](C=C2)C)C,5.15490196
COc1ccc2nccc(NC(=O)[C@H]3CC[C@@H](CC3)NCc3ccc4OCCOc4c3)c2c1,4.602059991
O[C@H](CNC(=O)c1cc(=O)[nH]c2ccccc12)CN1CCC(CC1)Oc1ccc(Cl)c(Cl)c1,5
Fc1ccc(CC2(CCNC2)c2ccc3[nH]ccc3c2)cc1,5.045757491
Cc1cccnc1CN1CCC2(CC1)N(C(=O)N(C2=O)c1ccc(cc1)-c1ccccc1)c1cc(=O)[nH]cn1,6.698970004
Cc1nc2c(F)cccc2c(=O)n1-c1ccc(OC2CCN(CC2)C2CCC2)cc1,5
COc1cc(nc(C)c1C#N)C(O)CN1CCN(C[C@H](O)c2ccc3C(=O)OCc3c2C)CC1,4.964570262
C[C@H]1SC(N)=N[C@](C)(c2cc(NC(=O)c3cnc(OCF)cn3)ccc2F)[C@H]1F,5.292429824
CC(C)n1ncc2CC3(CCN(CC3)C(=O)c3ccc4[nH]ncc4c3)CC(=O)c12,4.638272164
Fc1ccccc1C(=O)Nc1ccc(-c2nnc(NCCCCN3CCOCC3)o2)c(F)c1,4.534617149
O=C1CCc2ccccc2N1CCCN1CCC(CC1)n1c2ccccc2[nH]c1=O,5.13667714
Cc1ncoc1-c1nnc(SCCCN[C@@H]2CC3C[C@]3(c3ccc(C(F)(F)F)cc3F)C2)n1C.Cl,6
CCn1cc(cn1)C1(N[C@H](Cc2c1[nH]c1ccccc21)c1nc(c[nH]1)-c1ccc(F)cn1)c1nn(C)c(=O)o1,4.399027104
CSc1ccc(N2CCC3(CCN(C[C@H](O)c4ccc5c(c4C)COC5=O)CC3)C2)cn1,5.337242168
O=S(=O)(Cc1cc(nc(n1)-c1ccccn1)N1CCOCC1)c1ccccc1,4.494850022
CCc1c(CN[C@H]2CC[C@@H](F)C2)nc(-c2ncccc2Cl)n1-c1ccc(C)nc1,4.823908741
OCC1CCCN(C1)C(=O)CC1CCN(Cc2ccc(o2)-c2ccc(Cl)cc2)CC1,5.638272164
C[C@@H]1CCCN1CCc1ccc2nc(ccc2c1)-c1cccnc1,4.920818754
N#Cc1ccccc1Cn1c(nc2c(c1=O)[nH]cc2Br)N1CCCC(C1)N,3.522878745
O=C(CCCCc1c[nH]nn1)NC1CCN(C(=O)OCc2cc(Cl)cc(Cl)c2)CC1,5.031517051
NS(=O)(=O)c1ncccc1-c1nc(NCc2ccccn2)c2c(-c3ccccc3)cccc2n1,4.443697499
CC(C)S(=O)(=O)N[C@H]1CN(C)C[C@@H]1c1ccc(cc1)-c1cccc(NS(C)(=O)=O)c1,4.500312917
Cc1ccc(NC(=O)N2CCN(C[C@@H]3CCCN(C3)C3CC3)CC2)cc1Cl,5.148741651
CCN(CC)C(=O)c1ccc(cc1)C(=C1CCNCC1)c1cccc(F)c1,5.522878745
NC1=NC2(CO1)c1cc(ccc1OCC21CC1)-c1cnc2[nH]cc(Cl)c2c1,5.356547324
Clc1cnc2nc(oc2c1)N1CCN2CCC1CC2,5.48148606
CCN=C(NS(=O)(=O)c1cccc(Cl)c1)N1N=CCC1c1ccccc1,5
C[C@H](CN[C@@H](C(=O)Nc1ccc(-c2cnn(C)c2)cn1)c1ccccc1)c1ccc(C#N)cc1,4.982966661
CC(C)Oc1ccccc1CC(N1CCNCC1)c1ccccc1,5.195860568
CCOc1cc([C@](O)(CCN(C)C)[C@H](c2ccc(N(CC)CC)nc2)c2cc3cc(Br)ccc3nc2OC)cc(OCC)n1,5.004364805
COc1ccc(cc1OC1CCCC1)C1CNC(=O)C1,4.096910013
Cc1nc2cc(Nc3cc(NC4CCN(c5ccc(C#N)cn5)CC4)c(C(N)=O)cn3)ccc2o1,5.180456064
C[C@H]1COCCN1c1nc(N2CCOC[C@@H]2C)c2ccc(nc2n1)-c1cccc(c1)C(=O)NCCO,4.494850022
CC1OC2(CCN(CCc3ccccc3)CC2)CN(c2ncccc2C(F)(F)F)C1=O,5.086186148
Fc1cc(Cl)cc(c1)N1CCN(CCN2Cc3ccccc3C2)C1=O,5.500312917
CCOC(=O)CCc1ccc(c(c1)C#N)OCC(CNC(Cc1ccc2c(c1)cccc2)(C)C)O,5.769551079
Cc1ccc(OCCCc2cccc(CCCOc3ccc(C)cc3)[n+]2C)cc1,6.259637311
Cc1ncc(cn1)-c1ccccc1CCNC(=O)c1ccc(nc1)C(=O)NCCCC(F)(F)F,4.700000504
Clc1cccc(c1)N1CCN(C1=O)CCN1C2CCCC1CC2,5.801342913
C(Oc1ccccc1)c1cccc(COc2ccccc2)n1,7.13076828
NC(=O)c1cncc(O[C@@H]2C[C@@H]3CC[C@H](C2)N3Cc2ccccc2)c1,5.823908741
COc1c(cc(CN2CCN(CCCCCC(c3ccc(F)cc3)c3ccc(F)cc3)CC2)cc1C(C)(C)C)C(C)(C)C,7
COc1ccc(CCN2[C@@H](CN(NS(C)(=O)=O)C2=O)c2ccc(OC)cc2)cc1,4.821023053
CC(C)N1CCN(CC1)C(=O)N1CCC(CC1)NC(=O)C1CCCC1,3.805023304
CN1CCN(CC1)c1nc2ncc(Cl)c(N3CCN(Cc4cc(C)on4)CC3)c2[nH]1,5.638272164
COC(=O)c1ccc(cc1)Oc1ccc(cc1)CN1CCC(CC1)N1C(=O)N(C[C@H]1c1ccccc1)C1CCCCC1,4.801342913
N#Cc1c(ccn(c1=O)CC1CC1)N1CCC(CC1)c1cccc(c1)C(F)(F)F,6.522878745
CC(C)c1cc(cc2nc(oc12)-c1ccc(cc1)C(=O)NCC1CN(C(=O)O1)c1ccc(cn1)C(C)=C)C#N,4.522878745
Cc1nc2cc3CCN(CCSc4nnc(-c5cccc6nc(C)ccc56)n4C)CCc3cc2o1,4.300162274
C[C@H]1C[C@H]2CSC(N)=N[C@]2(CO1)c1cc(NC(=O)c2ccc(cn2)C#N)cs1,5.744727495
CCS(=O)(=O)c1ccc2OCC(=O)N(CCN3CCC(CC3)NCc3ccc4OCC(=O)Nc4n3)c2c1,4
COc1cc(ccc1-n1cnc(C)c1)-c1cn(nn1)[C@H]1CC[C@@H](CN(Cc2ccccc2)C1=O)c1ccccc1,6.698970004
CCCC[C@@H](CCO)Nc1nc(N)nc2cc(OC)ccc12,5.494850022
OC(c1ccc2n(ncc2c1)-c1ccc(F)cc1)(c1cccc(Cl)c1Cl)C(F)(F)F,5
COc1ccc(cc1)[C@H]1CN(Cc2ccc(OC)c(OC)c2)C[C@@H]1CNC(=O)c1cccc(Cl)c1,6.22184875
O=C1COc2c(N1)nc(c(c2)C)CNC12CCC(CC1)(OC2)CC1(O)Cn2c3c1c(F)cnc3ccc2=O,4.22184875
Nc1nc(NCc2cc(C3CC3)on2)c2c(ccn2Cc2ccccn2)n1,6.698970004
CN(C)C(c1ccccc1)C(O)(c1cccnc1)c1cccnc1,4.22184875
COc1cc(ccc1-n1cnc(C)c1)-c1cn(nn1)[C@H]1CCCCN(CC(F)(F)F)C1=O,4.659555885
Clc1cccc(c1)N1CCN(C1=O)CCN1CC2CCC(C1)CC2,6.397940009
Cc1cccnc1CN1CCC2(CC1)N(C(=O)N(C2=O)c1ccc(nc1)-c1ccc(cc1C)C(O)=O)c1cnccn1,5.602059991
COc1nc2ccc(C)cc2cc1C(c1ccccc1)C(O)(CCN(C)C)c1cccc2ccccc12,5.366531544
NC(=O)c1cnc(N[C@H]2CCCNC2)c2cc(-c3cccc(F)c3)sc12,4.847711656
COc1ccnc(c1)-c1ccc2OC(C)(C)C3(COC3)C3(COC(N)=N3)c2c1,5.008773924
Cc1cc(O[C@H](CCCCNCc2ccc(F)cc2)C(=O)NO)cc(C)c1F,6.102372909
ONC(=O)/C=C/c1ccc(cc1)CN(CC(F)F)CCc1c(C)[nH]c2c1cccc2,4.301029996
FC(F)(F)c1ccc(NC(=O)NS(=O)(=O)c2ccc(OCCCN3CCCC3)cc2)cc1,4
COc1ccc(cc1)-c1ncccc1NP(=O)(c1ccccc1)c1ccccc1,4.48148606
COc1cc(Cl)c(cc1O)-c1nc(SCC(=O)N(C)C)nc2[nH]cc(C#N)c12,4.522878745
Nc1cccnc1C(=O)N1CCC2(CC1)CCN(CC2)Cc1cccc2c1OC(O2)(C)C,5.379863945
CN1CCN(c2ncnc3c2nc(-c2ccccc2Cl)n3-c2ccc(Cl)cc2)CC1,6.200659451
O=C(C(C(C(=O)N1CCC(C1)(F)F)N)c1ccc(cc1)c1ccc2n(c1)ncn2)N(C)C,4
COc1cc(OC)cc(c1)C(=O)NCC1(CCN(CCc2ccccc2)CC1)C#N,5.804100348
N#Cc1ccccc1Cn1c(nc2c(c1=O)cc([nH]2)Br)N1CCCC(C1)N,3.522878745
COC(=O)N1CCC(CC1)C1NC(Cc2c1[nH]c1c2cccc1)c1[nH]cc(n1)c1ccccc1,6.15490196
CCNC(=O)[C@H]1CC(=O)[C@@]2(C)CC[C@@H]3c4ccc(OCCCN5CCC[C@H]5C)cc4CC[C@H]3[C@H]12,4.756961951
CC(C)Cc1ccc2ncccc2c1NS(=O)(=O)c1ccc(CCCO[C@H]2C[C@@H]3CC[C@H](C2)N3C)cc1,5.795880017
CC(=O)Nc1cccc(C2CCN(Cc3ccc(C(=O)c4nc5ccccc5n4-c4ccc(Cl)cc4)cc3)CC2)c1,5.769551079
Cc1[nH]c(cc1C(=O)NCCCN1CCN(CC1)c1cccc(Cl)c1Cl)-c1ccccc1,7
O=C(c1ccccc1C(C)C)N(C1CNCC1)CC1CCCC1,5.628932138
CC(C)(Cc1ccccn1)N1C(C(=O)NCc2ccc(OC(F)(F)F)cc2)c2ccccc2C1=O,5.366531544
COc1ccc(CCN(C)CCCC(C#N)(c2ccc(OC)c(OC)c2)C(C)C)cc1OC.Cl,6.251811973
CCOC(=O)c1c(OC)cnc2c(CCC34CCC(CC3)(CO4)NCc3ccc4OCC(=O)Nc4n3)ccnc12,9
CC#CC(CC(O)=O)c1ccc(Oc2ccc(cc2OC(F)F)C(F)(F)F)cc1,4.22184875
Cc1c(NC(=O)OC[C@@H]2COCCN2)cn2ncnc(Nc3ccc4n(Cc5cccc(F)c5)ncc4c3)c12,5.397940009
Cn1cc(NC(=O)c2cccc(-c3ccnc(N)c3)n2)c(C(N)=O)n1,4.602059991
O[C@@]1(CC23CCC(CC2)(CO3)NCc2ccc3OCC(=O)Nc3c2)Cn2c3c1c(F)cnc3ccc2=O,5.13667714
CCN(Cc1ccc(cc1)C=CC(=O)NO)CCc1c[nH]c2c1cccc2,5.227678293
COC1COCCC1N[C@@H]1C[C@H]2CN(c3ccccc3)C[C@@]2(C(=O)N2CCc3ncc(C(F)(F)F)cc3C2)C1,4.640164518
CN(C1CCN(Cc2ccc(cn2)C(F)(F)F)CC1)C(=O)Cc1ccc(cc1)-n1cnnn1,5.37675071
O=C(c1ccc(cc1)OC1CC(C1)N1CCCCC1)N1CCCC1,4.522878745
COc1ccc(NC(=O)c2ccc(cc2F)C(=N)N(C)C)c(c1)C(=O)Nc1ccc(Cl)cn1,5.37675071
O=C(CN1CCOCC1)N1CCC(CC1)c1ccc(NC(=O)c2ncc([nH]2)C#N)c(c1)C1=CCCCC1,5
CN(CCC(=O)N1CCCC1)C(=O)CC1CCN(Cc2ccn(c2)-c2ccc(cc2)C(F)(F)F)CC1,4.552841969
CCOC(=O)NCCc1ccccc1-c1ccc([C@H]2CNCC[C@@H]2c2ccn(C)c(=O)c2)c(Cl)c1,5.494850022
CN1CCN(Cc2ccc3nc(Nc4ccc(cn4)C(F)(F)F)[nH]c3c2)CC1,4.66756154
Cc1ncoc1-c1nnc(SCCCN2CC[C@@]3(C[C@H]3c3ccc(F)cc3C(F)(F)F)C2)n1C,5.570005616
Cc1ccc(CCOCc2cccc(COCCc3ccc(C)cc3)[n+]2C)cc1,7
COc1cc(ncn1)N1C(=O)N(C(=O)C11CCN(Cc2ncccc2C)CC1)c1ccc(cc1)-c1ccc2[nH]ncc2c1,5.327902142
ClC(Cl)Cl,2.397940009
CC(C)c1cc(cc(COCC2(CCN(C)CC2)c2ccc(F)cc2)n1)C(F)(F)F,4.585026652
N#Cc1cc(CNC2CCN(CC2)CCN2C(=O)C=CC3C2C=CC(=O)N3C)cnc1C,4.48148606
CN(C1CCN(Cc2ccc(cc2)C(F)(F)F)CC1)C(=O)Cc1ccc(cc1)S(C)(=O)=O,5.522878745
OC(=O)c1ccc(cc1)N1CCC(CN2CCC(CC2)Oc2ccc(Cl)c(Cl)c2)CC1,4.500312917
Brc1ccc(cc1)CN1CCC(CC1)N1C(=O)N(C[C@H]1c1ccccc1)C1CCCCC1,5.568636236
Cn1c(nc2ccc(cc12)-n1ccc(OCc2ccc(Cl)s2)cc1=O)C1CC1,5
N[C@H]1CN(C[C@@H]1c1cc(F)c(F)cc1F)c1ccc(cn1)-n1ccc(OCc2ccccc2)cc1=O,5.214670165
Cc1c(C)c2ccc(OCCCCN3CCC(c4noc5cc(F)ccc45)CC3)cc2oc1=O,6.709965389
C[C@@H]1CCCN1CCc1ccc2nc(ccc2c1)-c1csc(n1)-c1ccc(OCC(F)(F)F)nc1,5.823908741
O=C(c1ccc(cc1)NS(=O)(=O)C)C1CCN(CC1)CCc1ccccn1,7.408935393
Cn1c(SCCCN2CC3CCN(c4c(F)cc(F)cc4F)C3C2)nnc1-c1cnccn1,6.301029996
Cc1nc2ccccc2c(=O)n1-c1ccc(OC2CCC(C2)N2CCCC2)cc1,5
C[C@H](Oc1cccc2ncnc(Nc3ccc(OCc4ccccn4)c(Cl)c3)c12)C(=O)N(C)C,5
N#C[C@H]1CCOC[C@@H]1n1cc(C(N)=O)c(Nc2ccc(OC(F)F)cc2)n1,4.602059991
COc1cc(ccc1-n1cnc(C)c1)-c1cn(CC(=O)N2CCC(CC2)c2nc3ccccc3o2)nn1,4.987162775
COc1cccc(n1)C1(O)CCC(CC1)N1CC(C1)NC(=O)CNc1ncnc2c1cc(cc2)C(F)(F)F,4.872895202
CNC(C)c1cc(C)ccc1Oc1ccc(Cl)c(Cl)c1,5.57024772
COc1ccc(cc1)[C@H](N[C@@H]1CC[C@H](C(C1)(C)C)C(=O)N1CCC(CC1)(c1ccccc1)N(C(=O)C)C)C,5
C[C@@H]1CCCN1CCc1ccc2nc(ccc2c1)-c1sc(nc1C)N1CCOCC1,4.690369833
C[C@@H]1CCCN1CCc1ccc2nc(ccc2c1)-c1sc(nc1C)-c1cccnc1,5.22184875
O=C(C1CCS(=O)(=O)CC1)N[C@H](c1ccc(cc1)F)CCN1[C@@H]2CC[C@@H]1C[C@@H](C2)n1c(C)nc2c1ccc(c2)F,5
O=C(N1CCCC1)c1ccc(cc1)-c1ccc2C(=O)N(CCN3CCCC3)CCc2c1,5.055517328
N#Cc1cnc(cn1)Nc1ncc(c(c1)NC[C@@H]1CNCCO1)C1CC1,5.180456064
Clc1cc(C(=O)N[C@@H]2CC[NH+](C[C@@H]2OC)CCCOc2ccc(F)cc2)c(OC)cc1N,7.698970004
CS(=O)(=O)Nc(cc1)ccc1CC[N@@H+](C)CCOc(cc2)ccc2NS(=O)(=O)C,8
C[n+]1c(cccc1C#Cc1ccc(cc1)-c1ccccc1)C#Cc1ccc(cc1)-c1ccccc1,6.698970004
Cc1ncoc1-c1nnc(SCCCN2CC[C@@]3(C[C@H]3c3ccc(F)cc3)C2)n1C,6.219970873
CCN([C@H]1CCNC1)C(=O)c1ccccc1Oc1ccccc1,5.301029996
CC(C)N1CCN(CC1)C(=O)N1CCC(=CC1)c1ccccc1,4.652511911
Cc1ccc(cc1)COC(=O)N1CCC(CC1)CNc1ncccn1,5
Oc1ccc2CC3N(CC4CC4)CCC56C(Oc1c25)c7oc8ccccc8c7CC36O,6.730020323
N[C@H]1CN(Cc2ccc(cc2)-n2cncn2)C[C@H]1C(=O)N1CCC[C@H]1C#N,5.744727495
CCCCc1nc(C(C)C)c(CC(=S)N2CCCC2)c(=O)n1Cc1ccc(-c2ccccc2-c2noc(=O)[nH]2)cc1,5.15490196
N#Cc1ccc(cc1)-c1cnc2nc(sc2c1)N1CCC(CC1)N1CCCCC1,5.958607315
Fc1ccc(cn1)NC(=O)C1(C)CCCN1c1nc(Nc2[nH]nc(c2)C2CC2)c2n(n1)ccc2,5
COc1ccc(cn1)[C@]1(O)CCC(CC1)N1CC(C1)NC(=O)CNc1noc2c1cc(cc2)C(F)(F)F,5.060480747
CNc1ccc(\C=C\c2c(F)cccc2F)cc1,4.308918508
CC(C)(O)c1ccc(cn1)-c1cccc(c1)-n1cc(C(=O)NC2CC2)c(=O)c2cccnc12,4.436518915
COc1cc(OC)cc(c1)C(=O)NCC1(CCN(Cc2ccccc2C(F)(F)F)CC1)C#N,5.322393047
O=C(C1CC1c1ccc(cc1)C(F)(F)F)N1CCN(CC1)S(=O)(=O)c1cc(cc(c1)C(F)(F)F)c1[nH]cnn1,6
CN(C)C/C=C/C(=O)N1CCN(c2cnc3cc(C(F)(F)F)cc(NCc4cccc([N+](=O)[O-])c4)c3c2)CC1,4.03574037
Cc1cc2c(Nc3ccccc3N=C2N2CCNCC2)s1,4.865399009
CN(C1CCNCC1)C(=O)N1CC(=C[C@@]1(CO)c1ccccc1)c1cc(F)ccc1F,4.716698771
Fc1ccc(cc1)C(=O)CCCN1CCC(CC1)n1c(=O)[nH]c2c1cccc2,8.468521083
CCc1cccc(NC(=O)N2CCc3nc(nc(c3C2)-c2ccccc2C)-c2c(C)noc2C)c1,5.301029996
CN1CCN(CC(=O)Nc2ccc(-c3cccc4c3oc(cc4=O)N3CCOCC3)c3sc4ccccc4c23)CC1,5
Fc1ccc(cc1)N1N=C[C@H]2[C@@H]1C=C1CCN(C[C@@]1(C2)C(=O)c1ccccn1)S(=O)(=O)c1ccc(cc1)C(F)(F)F,5.301029996
COc1cc2nnc(C(N)=O)c(Nc3ccc(C)cc3F)c2cc1N1CCS(=O)(=O)CC1,4.795880017
Cl.O=C(c1ccc(Cl)cc1)N1CCN(c2ccc(OC3CCN(C4CCC4)CC3)cc2)C(=O)C1,4.499999679
C[C@H]1CCCCO[C@@H](CN(S(=O)(=O)c2ccc(cc2)F)C)[C@@H](CN(C(=O)c2c(O1)ccc(c2)NC(=O)Nc1c(C)noc1C)C(C)C)C,4
Cn1cc(cn1)[C@]1(N[C@H](Cc2c1[nH]c1ccccc21)c1nc(c[nH]1)-c1ccc(F)cn1)c1noc(CN)n1,5.431798276
Fc1ccc(cc1)C(=O)N1CCN(C(=O)C1)c1ccc(cc1)OCCCN1CCCC1C,4.602059991
CN(C)CCN(Cc1ccccc1)c2ccccn2,5.530001358
COc1ccc(cc1)[C@@H](C)N[C@@H]1CC[C@@H](C(=O)C2CCC(CC2)(N(C)C(C)=O)c2ccccc2)C(C)(C)C1,5
C[C@@H]1CCCN1CCN1CCc2cc(ccc2C1=O)-c1ccc(F)cc1,6.522878745
Cc1ccccc1CN1C2CCC1CC(C2)Oc1cccc(c1)C(=O)N,6.207608311
COc1cc(ccc1n1cnc(c1)C)c1nnn(c1)C1C[C@H](CN(C1=O)CC(F)(F)F)C(F)(F)F,4.882728704
Cc1ccc2c(cccc2n1)-c1nnc(SCCCN2CCc3cc4NCCOc4cc3CC2)n1C,6.400007822
Clc1ccc2oc3c(nc([nH]c3=O)[C@@H]3CCCN3)c2c1,4.522878745
O[C@]1(CC[C@@H](CC1)N1CC(C1)NC(=O)CNc1nccc2ncc(cc12)C(F)(F)F)c1cncs1,4.301029996
O=C(Nc1ccccc1)Nc2n[nH]c3nnc(c4ccccc4)c(c5ccccc5)c23,4.820000358
CC(C)S(=O)(=O)N[C@H]1CN(C)C[C@@H]1c1ccc(cc1)-c1cccc(c1)S(C)(=O)=O,4.200659451
N#Cc1ccc(OC2CNC(C(=O)N3CCCN(C4CCCC4)CC3)C2)cc1,5.537602002
Cc1ccc2[nH]c(C(=O)N[C@H]3Cc4ccccc4[C@H]3NC(=O)CCN(C)C)cc2c1,4.599999383
COc1cc2CCN(Cc2cc1OC)C(=O)N1CCN(CC1)C(C)C,3.93930216
CC(C)(C)c1[nH]c2ccccc2c1C1CCCN(Cc2ccc(\C=C\C(=O)NO)cc2F)C1,4.522878745
CN(CCN1CCN(C1=O)c1ccc2OCOc2c1)C[C@]12CC[C@@H](CC1)C2(C)C,5.200659451
O=C(N(C1CCN(C1)C1CCN(CC1)C(=O)c1c(C)cccc1C)Cc1ccccc1)C1CC1,5.008773924
CCc1cc2nccc(Nc3n[nH]c(C)c3C)c2cc1S(=O)(=O)C(C)(C)C,4.619969752
CS(=O)(=O)c1ccc(-c2noc([C@@H](CCO)[C@H](N)C(F)=C3CCCC3)n2)c(Cl)c1.O=C(O)C(F)(F)F,4.327902142
Cc1cccc(Nc2nc(N[C@@H]3COCC[C@@H]3N)ncc2C(N)=O)c1,5.102372909
O[C@H]([C@H]1C[C@@H]2CCN1C[C@@H]2C=C)c3ccnc4ccccc34,5.499996932
Cc1cc(ccc1NC(=O)[C@H](C1CCCCC1)n1c(nc2cc(F)c(F)cc12)-c1ccc(Cl)cc1)C(O)=O,6.15490196
Cc1nc2c(cccc2c(=O)n1-c1ccc(OCCCN2CCCC2)cc1)C(F)(F)F,6.522878745
CCN(c1ncc(C(N)=O)c2sc(-c3ccccc3)cc12)[C@H]1CCCNC1,5.619788758
Cc1cc(CNc2nc(N)nc3ccn(Cc4cc(Cl)ccn4)c23)no1,6.301029996
CN(C)CCN1CCN(CC1)c1ccc(cc1NC(=O)c1ccc(o1)-c1ccncc1)C(F)(F)F,9
CC1(C)C[C@@H](NC(=O)c2ccccc2O)c2cc(-c3ccc(Cl)cc3)c(nc2O1)-c1ccc(Cl)cc1Cl,4.522878745
Cc1nc2ccccc2c(=O)n1-c1ccc(OC2CCCN(CC2)C2CCCC2)cc1,5.167491087
NCCC(c1ccccc1)Oc1cc(Cl)c(cc1C#N)F,5
COc1ccc2ncc(F)c([C@@H](O)CC[C@@H]3CCN(CCSc4cccs4)C[C@@H]3C(O)=O)c2c1,4.628932138
ONC(=O)C=Cc1ccc(cc1)CNCCc1c(nn2c1cccc2)c1ccccc1,4.983384452
Cc1cccc(C)c1C(=O)N1CCC(CC1)N1CC[C@H](C1)N(Cc1ccccc1)C(=O)C1CC1,5.008773924
ONC(=O)\C=C\c1ccc(CNCCc2c([nH]c3ccccc23)-c2ccccn2)cc1,5.823908741
NC(=O)C(NC(=O)C1(N)CCN(CC1)c1ncnc2[nH]ccc12)c1ccc(Cl)cc1,4
O=C(C(n1c(nc2c1cccc2)c1ccc(cc1)Cl)C1CCCCC1)Nc1ccc(cc1C(F)(F)F)C(=O)O,4.698970004
Cc1ccccc1N1CCN(C[C@@H]2CCc3cccnc3[C@@H](O)C2)CC1,5.638272164
CCN1CCN([C@H](C)C1)c1cc2[nH]c(SC(C)(C)C)nc2cc1Cl,6.004364805
O=C(C1CC1c1ccc(cc1)C(F)(F)F)N1CCN(CC1)S(=O)(=O)c1cc(cc(c1)C(F)(F)F)C(C(F)(F)F)O,7.22184875
CC(=O)CC(C1=C(O)Oc2ccccc2C1=O)c3ccc(cc3)[N+](=O)[O-],4.390000296
Cc1nc2cccc(Cl)c2c(=O)n1-c1ccc(OC2CCN(CC2)C2CCC2)cc1,5
CN1CCOc2c1cnn1c(-c3ccc4cccc(NC5CCCCC5)c4c3)nnc21,5.217527376
COc1c(Nc2ccc(nc2C)S(C)(=O)=O)ncnc1OC1CCN(CC1)C(=O)OC(C)C,4.93930216
CC1(C)[C@H](Nc2c(C(N)=O)cnn3cc(-c4ccc(C#N)nc4)cc23)CC[C@]1(C)N,5.387216143
Fc1cnc(CCN2C(C(=O)NCc3ccc(OC(F)(F)F)cc3)c3ccccc3C2=O)nc1,5.259637311
OC1(CCN(CCCC(=O)c2ccc(F)cc2)CC1)c3ccc(Br)cc3,6.929962133
Nc1n[nH]c(N2CCC(N3CCC[C@@H]3Cc3ccc(Cl)cc3)CC2)n1,5.397940009
CN(C)c1ccc(-c2cc3nccnc3c(CCC3CCCNC3)n2)cn1,4.800000875
Fc1ccc(cc1)N1CC2(OC1=O)CCC(CC2)c1nc2c([nH]1)cc(cc2)OC(F)(F)F,6.096910013
Fc1cccc(c1)S(=O)(=O)c1ccc2c3CCNCc3oc2c1,6
OC(CN1CCN(CC1)Cc1ccc(c(c1)Cl)Cl)COc1ccc(cc1)C(F)(F)F,5.036212173
CC(C)=CCn1c(N2CCC[C@H](N)C2)nc2c1c(=O)n(CC(=O)c1ccccc1)c(=O)n2C,6.698970004
Nc1nc2c(s1)CC[C@H]2C(=O)Nc1ccc(C[C@@H]2CC[C@H]([C@H](O)c3cccc(F)c3)N2)cc1,5.397940009
Cn1cc(-c2cc3nccnc3c(NC[C@@H]3CNCCC3(F)F)n2)cn1,4.599999383
CCc1c(-c2ccc(N3CCC(N(C)C)C3)cc2)[nH]c(=O)c2c(=O)[nH]sc12,4.698970004
Nc1ccc(-c2cccc(F)c2)cc1NC(=O)c1ccc(CN2CCC3(CCCN3)CC2)cc1,6.777283529
CCCNS(=O)(=O)c1cc(c(cc1F)Cl)C(=O)N1CCC(CC1)(CCN1[C@@H]2CC[C@@H]1C[C@@H](C2)n1c(C)nc2c1cccc2)c1cccc(c1)F,5.050609993
N#Cc1cc2cc(ccc2[nH]1)C1(Cc2ccccc2)CCNC1,5.853871964
Fc1ccc(c(c1)F)C1N=C(CCc2ccc(cc2)NS(=O)(=O)C)N(Cc2c1cccc2)C,6.420216403
COc1ccc2c(c1)C(=O)O[C@]21CC[C@@H](CC1)C(=O)N(C)CCN1CCCCC1,5
COc1cccc(C(c2cc3cc(Br)ccc3nc2OC)C(O)(CCN(C)C)c2cnc(C)cc2C)c1OC,5.408935393
CC(C)Oc1ccc(cc1C#N)-c1nc(no1)-c1ccc2CCN(CCc2c1)C(CO)CO,4.749999856
COc1ccc([C@]2(c3ccc(F)cc3)N=C(c3cc(C#N)ccn3)N[C@H]2C)cn1.Cl,5.200659451
Fc1cccc(-c2c[nH]c([C@H]3Cc4c([nH]c5ccccc45)[C@@H](C4CCOCC4)N3)n2)c1,6.588380294
Fc1cccc(O[C@@H]2CN[C@H](C2)C(=O)N2CCCN(CC2)C2CCC2)c1,5.522878745
Fc1cnn(c1)Cc1c(F)ccc2c1CCC2c1ncc[nH]1,5
O[C@@]1(CC23CCC(CC2)(CO3)NCc2ccc3OCCOc3n2)Cn2c3c1c(F)cnc3ccc2=O,4.22184875
CCOC(=O)NCCc1ccccc1c1ccc(c(c1)Cl)[C@H]1CNCC[C@H]1c1ccn(c(=O)c1)C,5.494850022
CN1CCC(Cn2nc(-c3ccc4cc(OC5CCC5)ccc4c3)c3c(N)ncnc32)CC1,6.698970004
N#Cc1ccccc1Oc1ccc([C@H]2CC[C@@H](C(N)=O)N2)cc1,5.399996913
Cc1c(Cl)cccc1N1CCN(CCCNC(=O)c2nc(-c3ccccc3)n(c2Cn2cncn2)-c2ccccc2)CC1,5.008773924
CC(C)(O)c1nc2cc(Cl)ccc2n1[C@H]1CC[C@@H](NC[C@H]2Cc3ccc(C#N)cc3C2)CC1,7.22184875
Fc1cc2[nH]c(C=3CC=CNC=3)c(c2cc1)[C@@H]1C[NH2+]CC[C@@H]1F,5.602059991
CNS(=O)(=O)c1cc(C(=O)N2CCC(CCN3C4CCC3CC(C4)n3c(C)nc4ccccc34)(CC2)c2cccc(F)c2)c(Cl)cc1F,4.720000164
Cn1ncc(C(=O)N2CCC(CC2)Nc2cc(=O)[nH]c3cc(F)c(F)cc23)c1Cl,4
O(C)c1c2c(C[C@@H]3N(CCc4cc(OC)c(OC)cc34)[C@@H]2Cc2ccccc2)ccc1OC,5.600326279
COc1ccc(CCN2C(CN(NS(C)(=O)=O)C2=O)c2ccc(Cl)cc2)cc1,5.060480747
Cc1nc2ccccc2n1C1CC2CCC(C1)N2CCC1(CCN(CC1)C(=O)c1cc(c(Cl)cc1F)S(N)(=O)=O)c1cccc(F)c1,4.300162274
CCOC(=O)C1CCN(CCCCOc2ccc(cc2)S(N)(=O)=O)CC1,4.725842151
c1cccc(c12)[nH]c(=O)n2CCC[N@H+](CC3)CC[C@@H]3n4c(=O)[nH]c(c45)cc(Cl)cc5,6.78994915
CNCc1ccc(Cl)cc1Oc1ccc(F)c(Cl)c1,5.677780705
C[C@H](C(=O)N1CCC(Oc2ccc(-c3cn(C)cn3)cc2C(N)=O)CC1)c1ccc(OC(F)(F)F)cc1,5.187086643
OCCN1CCC(CC1)c1ccc(NC(=O)c2ncc([nH]2)C#N)c(c1)C1=CCCCC1,5
CS(=O)(=O)N1CCN(C(=O)c2cnc3ccc(F)cc3c2N2CCC(C#N)(c3ccccc3)CC2)CC1,5.262807357
O(C)c1cc2c(cc1OC)C[C@H](CC1CC[NH+](CC1)Cc1ccccc1)C2=O,5.699991797
CC(NC(=O)C1(N)CCN(CC1)c1ncnc2[nH]ccc12)c1ccccn1,4.477555766
Cl.COc1ccc2ncc(F)c(C[C@H](O)C34CCC(CC3)(CO4)NCc3ccc4OCC(=O)Nc4n3)c2n1,4.744727495
CO[C@H]1C[C@@H]2C[C@H](C[C@@]2(C1)C(=O)N1CCc2ncc(cc2C1)C(F)(F)F)NC1CCOCC1OC,4.301029996
CC(C)Cc1cc(CNC(=O)C2C3CN(Cc4ccccc4)CC32)nn1-c1ccccc1,5.844663963
CC=C1N(C)C(C)CC1(c1ccccc1)c1ccccc1,4.300162274
COc1cccc(c1)-c1cccc(c1)C1(N=C(C)C(N)=N1)C1CCN(CC1)C(C)=O,4.48148606
FC(F)(F)Oc1ccc2nc([nH]c2c1)[C@H]1CC[C@@]2(CN(C(=O)O2)c2ccccn2)CC1,5.602059991
COc1cccc(-n2cc3nc(-c4cccnc4C)n(C[C@H]4CCCN(C[C@H]5CCCO5)C4)c(=O)c3n2)c1,4.356547324
CNCC(O)c1ccc(OC(=O)C(C)(C)C)c(OC(=O)C(C)(C)C)c1,4.629999781
CNC(=O)c1cnc(Nc2ccccn2)cc1Nc1ccccc1S(C)(=O)=O,4.443697499
C=CC(=O)N[C@H]1CCN(c2ccc(C(N)=O)c(Nc3ccc(N4C[C@H](C)O[C@H](C)C4)nc3)n2)C1,5
CC(C)(N)C(=O)N1CCn2c(Nc3ccc(F)cc3)c(nc2C1(C)C)-c1ccc(F)cc1,4.659555885
CCOC(=O)[C@H]1[C@H](CC2N(C1CC2)C)OC(=O)c1ccccc1,5.920818754
CC1CCCN1CCc1ccc(cc1)-c1ccc(cc1)S(=O)(=O)N1CCS(=O)(=O)CC1,5.022276395
COc1ccc(cc1Cl)[C@@]12CN(C[C@H]2C1)CCCSc1nnc(n1C)c1ocnc1C,5.400116928
CN(C)CC(O)Cn1ncc2cc(ccc12)-n1ccc(OCc2ccccc2)cc1=O,4.91721463
CC(C)Cc1cc(nn1-c1ccccc1)C(=O)NCC1(CCN(Cc2ccccc2C(F)(F)F)CC1)C#N,5.322393047
Cc1nc(Nc2ncc(s2)C(=O)Nc2c(C)cccc2Cl)cc(n1)N1CCN(CCO)CC1,4.844663963
COc1ccc2OC(C(C)S(=O)(=O)c2c1)c1ccc(OCCCN2CCCC2)cc1,6
N[C@H](COc1cccc2ccc(=O)[nH]c12)CN1CCC2(CC1)Cc1cc(F)ccc1O2,5.920818754
CC(C)c1cc(CN2Cc3ccccc3S2(=O)=O)nn1C(C)(C)C,4.714442691
Cn1cc(C(=O)NC[C@@H](O)CN2CCC(CC2)Oc2ccc(Cl)c(Cl)c2)c(cc1=O)C(F)(F)F,4.900001867
O(C(=O)c1ccccc1)[C@@H]1C[C@H]2[NH+]([C@H](CC2)[C@H]1C(=O)[O-])C,3.407268012
COc1ccc2c(c1)n(CCN1CC[C@@H]([C@H](C1)O)NCc1ccc3c(n1)NC(=O)CO3)c(=O)cn2,3.818156412
COCCN1CCCC(Cn2c(-c3cccnc3C)nc3cn(-c4ccc(C#N)cc4)nc3c2=O)C1,4.677780705
OC(CN1CCN(CC1)Cc1c(F)cccc1Cl)COc1ccc(cc1)C(F)(F)F,4.854803594
CCCCNCC[C@@H](O)c1cc2c(Cl)cc(Cl)cc2c2cc(ccc12)C(F)(F)F,7.140261434
O=C1COc2ccc(CNC34CCC(CCc5c(cnc6ccc(nc56)C#N)C#N)(CC3)OC4)nc2N1,9
COCCONC(=O)N(Cc1ccsc1)C1CCN(CC1)[C@H](C)CCNC(=O)c1c(C)cc(Cl)nc1C,4.397940009
CN(CCC(c1ccc(cc1)Cl)NC(=O)C1(N)CCCN(C1)c1ncnc2c1cc[nH]2)C,4
CN(CCCOc1ccc(cc1)S(=O)(=O)Nc1ccc(cn1)C(=O)CSC(=O)C)C,4.522878745
C[C@@H]1CCCN1CCN1CCc2cc(ccc2C1=O)-c1ccc(cc1)C#N,7
Cc1c(C(F)CN2CCN(C(=O)Cc3ccc(-n4cnnn4)cc3)CC2)ccc2c1COC2=O,4.167491087
CC#Cc1cncc(c1)-c1cc(ccc1O)C1(N=C(C)C(N)=N1)C1CC1,4.610833916
Cn1c(C(N)=O)ccc1-c1cccc(OC(=O)NCCN2CCN(c3ccccc3)CC2)c1,5.190002845
Cc1nc(nc(OCCCN2CCCC2)c1Cl)-c1ccccc1,9
CC(C)(C)CCN1CCC(CNC(=O)C2(CCCCC2)c2ccc(F)cc2)CC1,5.434860848
CN1C[C@H]2[C@H](CN(Cc3ccc(F)c(Cl)c3)C(=O)c3cn(C)cn3)[C@H]2C1,5.070581074
CCCCN(CC)CC#CCc1ccc(C)cc1,5.459670525
Cc1nc(C)c(s1)-c1ccc(cc1)N1C(=O)N(c2cc(=O)[nH]cn2)C2(CCN(Cc3ncccc3C)CC2)C1=O,6.045757491
Cc1c2CCCN3CCC[C@@H]3CNc3cc(ccc3C(N)=O)-n2c2CC(C)(C)CC(=O)c12,5.585026652
Cn1nc(-c2cnc3[nH]cc(C(=O)N[C@]4(C)C[C@H](N)C4)c3n2)c2ccc(F)cc12,4.522878745
CCN(CC)C(=O)c1ccc(cc1)[C@@H](N1CCN(Cc2cccnc2)CC1)c1cccc(NC(=O)OC)c1,4.958607315
Clc1ccccc1OC1CN(C1)S(=O)(=O)c1ccc2c(c1)CCNCC2,5.467245621
Cn1nc(-c2cnc3[nH]cc(C(=O)N[C@@]4(C)C[C@H](N)C4)c3n2)c2ccc(F)cc12,6
O=C(NC(c1ccc(Cl)cc1)c1cnccn1)[C@@H]1CC[C@@H](N2CCOCC2)C[C@H]1c1ccc(Br)cc1,6
CN1CCC[C@@H]1Cn1nc(Cc2ccc(Cl)cc2)c2ccncc2c1=O,5.900008766
CC(C)c1ccccc1C(=O)N(CC1CCCC1)[C@H]1CCNC1,5.628932138
Cc1cccc(n1)-c1[nH]c(CNc2ccccc2F)nc1-c1ccc2ncnn2c1,4.508638306
Fc1cnc2ccc(OCC3(CC3)C#N)nc2c1CCC12CCC(CC1)(CO2)NCc1ccc2OCC(=O)Nc2n1,5.259637311
N#Cc1cnc(s1)Nc1ncnc(c1)N1CCN(CC1)C(=O)C,5.48148606
Cc1c(ccc(F)c1C#N)[C@@H]1CN2CCN(C[C@H]2CO1)C(=O)Cc1cnc(cn1)-n1cnnn1,5
COc1ccc(CC(C)(C)NCC(O)COc2cccc(Cl)c2C#N)cc1,5.443697499
Fc1ccc(F)cc1C=1CN(C(=O)[C@@H](N)C(C)C)[C@H](C=1)c1cc(O)ccc1,5.070581074
OC1CN(C1)CCC1CCN(CC1)c1nc2ccccc2c(c1)C(=O)NCC1CCC(CC1)CNC(=O)OC(C)(C)C,4.48148606
Clc1ccc(cc1)c1cc2C(NC(=O)c3c(C)n[nH]c3C)CC(Oc2nc1c1ccc(cc1Cl)Cl)(C)C,5.795880017
Fc1cccc(c1Cn1nnc(c1)C(=O)N)F,4
Cc1cc(C)c(-c2cn(C)cn2)cc1NC(=O)c1ccc(OCc2ccccn2)cc1,4.677780705
C[C@@H]1CN(CCN1C(=O)C(=O)c1c[nH]c2ncccc12)C(=O)c1ccccc1,4.096910013
COc1ccc(cc1)[C@@H](C)N[C@@H]1CC[C@@H](C(=O)N2CCC(CC2)(c2ccccc2)c2ccccc2)C(C)(C)C1,6.301029996
CCOC(=O)N1CCC(CN2CCC3(CN(C(=O)NC)c4ncccc34)CC2)CC1,6.522878745
COCC(=O)OC1(CCN(C)CCCc2nc3ccccc3[nH]2)CCc2cc(F)ccc2C1C(C)C,5.84001195
CC(C)n1c(C)ncc1-c1ccnc(Nc2ccc(cc2)N2CCN(CC2)C(=O)CO)n1,4.619788758
CC(C)(C)CN([C@H]1CCNC1)C(=O)c1cccc(Cl)c1Cl,4.774690718
Nc1ncnc2n(cc(-c3cccc(OCC45CCC(CC4)O5)c3)c12)[C@@H]1C[C@H](CN2CC[S+]([O-])CC2)C1,4.522878745
CCOC(=O)C1=C[C@]2(CC)CCCN3CCc4c(n1c1ccccc41)[C@@H]32,7.408935393
Cn1cc2c(Nc3nc(N[C@@H]4CCOC[C@@H]4N)cc4cc[nH]c(=O)c34)cccc2n1,4.522878745
CCC1Sc2ccccc2OC1c1ccc(cc1)OCCCN1CCCC1,7.958607315
N#Cc1ccc(cc1)c1ccc2c(c1)cc(o2)CCC1CCC[C@H]1C,6.709965389
CC[C@H]1OC(=O)[C@H](C)C(=O)[C@H](C)[C@@H](O[C@@H]2O[C@H](C)C[C@@H]([C@H]2O)N(C)C)[C@](C)(O)C[C@@H](C)C(=O)[C@H](C)[C@H]2N(C3CN(C3)[C@H](C)c3ccnc4ncccc34)C(=O)O[C@]12C,4.366531544
O=C(NC1CN(C1)C1CC[C@](CC1)(O)c1ccnn1C)CNc1nn(c2c1cc(cc2)C(F)(F)F)C,4.301029996
Cc1ncoc1-c1nnc(SCCCN2CC3CC3(C2)c2ccc(Cl)cc2F)n1C,6.198390512
Clc1cc2c(cc1)\C(\c1ncccc1CC2)=C\1/CC[NH2+]CC/1,5.350665141
O[C@H]1C[C@@H](COc2ccc3ncc(F)c(CCC45CCC(CC4)(CO5)NCc4ccc5OCC(=O)Nc5n4)c3n2)C[C@H]1O,5.568636236
O=S(=O)(c1ccc2c(c1)cccc2)NCCCCN1CCN(CC1)c1noc2c1cccc2,4.698970004
Brc1n2c(nc1C)C(=O)N(C=C2)CC1(CC1)c1ccccc1,4.585026652
CN(S(=O)(=O)c1ccccc1)c1ccc(cc1)C12CNCC2C1,4.200659451
COc1ccc2ccc(=O)n(C[C@H](N)[C@H]3CC[C@@H](CC3)NCc3ncc4OCC(=O)Nc4n3)c2c1,4
O=c1[nH]c2c(n1CCCN1CCN(CC1)C(c1ccccc1)c1ccccc1)cccc2,6.449771647
C[NH+](C)CCCN1c2ccccc2Sc3ccc(Cl)cc13,5.832682665
COc1ccc(cc1CO)-c1ccc2c(nc(nc2n1)N1CCOC[C@@H]1C)N1CCOC[C@@H]1C,4.517126416
COc1ccc(cc1)-n1cnc2c(csc2c1=O)-c1ccccc1F,4
CC1(C)CCc2cc(CN3CCC4(CC3)CCN(CC4)C(=O)c3ccc(N)cn3)ccc2O1,4.709965389
CN1Cc2ccccc2[C@H](N=C1CCc1ccccc1)c1ccccc1,7.045757491
Cc1ccc2c(cccc2n1)-c1nnc(SCCCN2CCc3ccc4oc(nc4c3CC2)C(F)(F)C(F)(F)F)n1C,6.602059991
CC(CCCCC(=O)Nc1ccc(cc1)C(F)(F)F)NCCc2cnc[nH]2,4.889999849
Cl.Nc1ncc(-c2cnn(C3CCNCC3)c2)cc1-c1nc2ccccc2o1,6.124938737
COc1ccc(cc1C(=O)N(C)C)c1ccc2c(n1)nc(nc2N1CCOC[C@H]1C)N1CCOC[C@H]1C,4.494850022
Cc1noc(c1CCN1Cc2ccc(\C=C\C(=O)NO)cc2C1)-c1ccccc1,4.522878745
FC(F)(F)c1nc(cs1)-c1nnc2CN(CCn12)C(=O)c1ccc(cc1)-c1cccs1,4.522878745
CC(C)c1cc(cc2nc(oc12)-c1ccc(cc1)C(=O)NCC1CN(C(=O)O1)c1ccc(cn1)-c1ccccc1C(N)=O)C#N,4.522878745
CC([C@H](N)C(F)=C1CCCC1)c1nc(no1)-c1ccc(cc1Cl)S(C)(=O)=O,4.721246399
COc1ncc(cc1C)[C@]1(O)CC[C@@H](CC1)N1CC(C1)NC(=O)CNC(=O)c1cccc(c1)C(F)(F)F,4.665546249
Clc1ccc2c(c1)C1(NC(C)Cc3c1[nH]c1c3cc(c(c1)F)F)C(=O)N2,4.522878745
C[C@H](Cc1cc2CCN(CCCO)c2c(c1)C(N)=O)NCCOc1ccccc1OCC(F)(F)F,5.050122296
Cc1ccccc1C1CCN(C[C@H]2CCc3cccnc3[C@@H](O)C2)CC1,6.698970004
O[C@H](COc1ccc(F)cc1)CN1CCN(Cc2ccc(Cl)c(Cl)c2)CC1,6.537602002
OCCN1CCN(CC\C=C/2\c3ccccc3Sc4ccc(Cl)cc24)CC1,5.390000296
Oc1cc(-n2cccn2)ccc1-c1ccc(OC2CCNCC2)nn1,5.22184875
CC[C@H]1OC(=O)[C@H](C)C(=O)[C@H](C)[C@@H](O[C@@H]2O[C@H](C)C[C@@H]([C@H]2O)N(C)C)[C@](C)(O)C[C@@H](C)C(=O)[C@H](C)[C@H]2N(C3CN(Cc4c(O)cnc5ncccc45)C3)C(=O)O[C@]12C,3.853871964
N[C@H]1C[C@@H](N2Cc3cnc4nnc(C5CC5)n4c3C2)CC[C@@H]1c1cc(F)c(F)cc1F,6.22184875
N#Cc1cnc(cn1)Nc1ncc(c(c1)NC[C@H]1CNCCO1)Cl,5.214670165
COc1ccc(cc1)C1CN(CC1CNC(=O)c1cccc(c1)Cl)CCc1ccc(cc1)OC,7.552841969
FC(F)(F)c1cnc2CCN(Cc2c1)C(=O)[C@]12C[C@@H](C[C@H]1CCCC2)NC1CCOCC1,4.410050399
O=C1N(C[C@H](N1C1CCN(CC1)Cc1ccc(cc1)Oc1ccc(cc1)C(=O)N)c1ccccc1)C1CCCCC1,5.552841969
CC(Oc1ccc(cc1C(=O)N1CCN(CC1)c1ncc(cn1)C(F)(F)F)S(C)(=O)=O)C(F)(F)F,4.397940009
N#Cc1ccc(OC2CNC(C(=O)N3CCCN(C4CCC4)CC3)C2)cc1,5
C[C@H](C1=C(CCN(C)C)Cc2cc(C)ccc12)c1cnccn1,6.443697499
O=C1OCc2cc(CCN3CCN(CCc4ccc(cc4)C#N)CC3)ccc12,6.397940009
O=C1COc2c(N1)cc(cc2)CCN1CCN(CC1)c1cccc2c1ccc(n2)C,8.102372909
N1CCN(C1=O)CC[N@H+](CC2)CC[C@@H]2c3cn(c(c34)ccc(Cl)c4)-c5ccc(F)cc5,8
C[NH+](C)CCN1C(=O)[C@H](OC(=O)C)[C@H](c2ccc(cc2)OC)Sc(c13)cccc3,4.761953897
O=S1CCC(CC1)C1N[C@H](Cc2c1[nH]c1ccccc21)c1nc(c[nH]1)-c1ccccc1,7
Fc1ccc(cn1)-c1cc2sc(nc2cn1)N1CCC(CC1)N1CCCCC1,5.017728767
CN1CCCC(CC1)n1nc(Cc2ccc(Cl)cc2)c2ccccc2c1=O,7
O=C1OCc2cc(CC(=O)N3CCN(CCc4ccc([N+](=O)[O-])cc4)CC3)ccc21,5.886056648
CC(c1noc(c1)CNCCN1CCC(=CC1)c1ccccc1)C,5.698970004
CC(C)(C)NC(=O)c1c[nH]c2ncc(nc12)-c1nn(CCCN2CCOCC2)c2ccc(OC(F)F)cc12,5.853871964
CC(C)(C)Oc1ccc(S(C)(=O)=O)cc1C(=O)N1Cc2cn(-c3ccccc3F)nc2C1,5.091514981
COc1cc(F)ccc1-c1cncc(NCc2ccccc2)c1,5.283996656
Cc1c(ccc(F)c1C#N)[C@@H]1CN2CCN(C[C@@H]2CO1)C(=O)Cc1ccc(nc1)-n1cnnn1,5
CC(C)S(=O)(=O)Nc1cc(C(=O)N2CCC(CCN3C4CCC3CC(C4)n3c(C)nc4ccccc34)(CC2)c2cccc(F)c2)c(F)cc1F,5.050609993
Fc1ccc(COc2ccn(-c3ccc(OCCN4CCCC4)cc3)c(=O)c2)cc1,9
CCCCCCCCCCCCC/C=C/[C@H]([C@@H](NC(=O)C)CO)O,4
COc1cnc2c(c1)n(C[C@H](C1CCC(CC1)NCc1ccc3c(n1)NC(=O)CO3)N)c(=O)cc2,3.477555766
Cc1nc2ccc3CCN(CCCSc4nnc(-c5cccc6nc(C)ccc56)n4C)CCc3c2s1,5.500312917
Cc1cc2nc(CC3CCCNC3)n(Cc3ccc(Cl)cc3)c2cc1C,6.301029996
COc1ccc2nccc([C@@H](O)CN3CCC(CC3)NCc3ccc4OCCOc4c3)c2c1,4.400116928
Clc1ccc(NC(=O)N2CCN(C[C@@H]3CCCN(CCCc4ccccc4)C3)CC2)cc1Cl,6.397940009
CCn1cc(C(O)=O)c(=O)c2cc(F)c(N3CCN[C@H](C)C3)c(F)c12,2.620000003
CC(S(=O)(=O)NC1COCC1c1ccc(cc1)c1cccs1)C,4.200659451
FC1CCN(C1)C(=O)C(C(C(=O)N(C)C)C1CCC(CC1)N(C(=O)c1cccc(c1)F)C)N,4.045757491
CC(C)c1ccc(-c2cc(CN3CCN(c4ccccn4)CC3)nn2-c2ccc(F)cc2)cc1,4.600326279
CC(C)COC[C@H]([NH+]1CCCC1)CN(c2ccccc2)Cc3ccccc3,7.590066877
Cc1c(ccc(F)c1C#N)[C@H]1CN2CCN(C[C@H]2CO1)C(=O)Cc1ccc(nn1)-n1cnnn1,4.472370099
Cc1ccccc1-c1nc2cn(-c3ccc(Cl)cc3)nc2c(=O)n1CC1CCCN(C(C)C)C1,5.455931956
CC(=O)O[C@@]1(CC[C@H]2[C@@H]3C=C(C)C4=CC(=O)CC[C@@H]4[C@H]3CC[C@]12C)C(=O)C,5.239999953
CC(C)Cn1c2ccc(Nc3ncccn3)cc2c2c3CNC(=O)c3c3-c4cn(C)nc4CCc3c12,4.698970004
CC[C@@H](NC(=O)c1cc(C(=O)N2CCC[C@@H]2C)n2CCOCc12)c1ccc(c(Cl)c1)C(F)(F)F,5
CCOC(=O)C1CCC(CC1)N1CC(C1)NC(=O)CNc1nn(c2c1cc(cc2)C(F)(F)F)CC=C,5.431798276
OCC1CN(C(=O)O1)c1ccc(cn1)-c1ccc2N3[C@@H](COc2c1)[C@H](CO)OC3=O,4.397940009
NC1=N[C@]2(CO[C@H](C[C@H]2CS1)c1ncco1)c1ccc(F)cc1F,4.974694135
Clc1cccc(C(=O)N(C2CCCC2)[C@H]2CCNC2)c1Cl,4.987162775
Clc1cc(Cl)cc2c1cc(c1c2cc(cc1)C(F)(F)F)[C@H](O)CC[NH+](CCCC)CCCC,7.511449283
COc1cc(-c2cn(C3CCc4ccccc4N(CC4(C)COC4)C3=O)nn2)ccc1-n1cnc(C)c1,4.742321425
CC1(C)C[C@@H](NC(=O)c2[nH]nc3CCCc23)c2cc(-c3ccc(Cl)cc3)c(nc2O1)-c1ccc(Cl)cc1Cl,4.522878745
OC(=O)CCCOc1cccc(CCCCCCOc2cc(cc(c2)-c2ccccc2)-c2ccccc2)c1CCC(O)=O,5.522878745
O=C(N[C@@H]1CN2CCC1CC2)c1cccc2oc(nc12)C1CC1,6.15490196
COc1ccc(Cn2c(=O)n3ncnc3c3c4c(sc32)CN(C(=O)C2CC2(F)F)CC4)cc1,5.30980392
COC(=O)N1CCC(CC1)CN1CCC(CC1)CNC(=O)c1cccc2c1nc([nH]2)C(C)C,5
O=C(C(n1c(nc2c1cc(F)c(c2)F)c1ccc(cc1)Cl)C1CCCCC1)Nc1ccc(cc1)C(=O)O,4.698970004
N#C[C@@H]1C[C@H](F)CN1C(=O)[C@@H](N)Cc1cscn1,3.753009301
COc1ccc(-n2cc3nc(-c4cccnc4C)n(C[C@H]4CCCN(C[C@H]5CCCO5)C4)c(=O)c3n2)cc1,5.387216143
CC(C)c1cc(cc2nc(oc12)-c1ccc(cc1)C(=O)NCC1CN(C(=O)O1)c1ccc(cn1)-c1ccccc1OC(F)(F)F)C#N,4.522878745
Cc1ccc(CCN2CC[C@H](CNC(=O)c3cc(C(C)C)no3)C2)cc1C(F)(F)F,5.721246399
CC(C)CN([C@H]1CCNC1)C(=O)c1cccc(Cl)c1C,4.280668713
CN1C(=O)CC[C@H]1CN(Cc1ccc(Cl)cc1)S(=O)(=O)c1cccc(C#N)c1,4.522878745
COc1ccc(cc1)[C@@H](C)N[C@@H]1CC[C@@H](C(=O)N2CCC(CC2)(c2nnco2)c2ccccc2)C(C)(C)C1,5
CS(=O)(=O)c1ccc(OCC(F)(F)F)c(c1)C(=O)N1CCN(CC1)c1ccc(cc1F)C#N,5.698970004
Cc1cc(CNc2nc(N)nc3ccn(Cc4ncccc4F)c23)no1,5.677780705
C[C@@H]1CN(CC#N)CCN1c1cc2[nH]c(SC(C)(C)C)nc2cc1Cl,5
COc1ccc(cc1CO)c1ccc2c(n1)nc(nc2N1CCOCC1)N1C[C@H](C)O[C@H](C1)C,5.080921908
Fc1ccccc1C(=O)Nc1ccc(cc1)-c1nnc(NCCCN2CCCC2)o1,5.102372909
CNS(=O)(=O)Nc1nccc(c1F)Cc1c(=O)oc2c(c1C)ccc(c2)Oc1ncccn1,4.301029996
COc1cccc(NC(=O)c2cnc([C@]34CO[C@@H](C)C[C@H]3CSC(N)=N4)s2)c1,5.207608311
CC(C)c1noc(n1)C1CCN(CC1)C(C)C[C@H](NC(=O)C1CCC1)c1ccccc1,5.795880017
Cc1cc(NCc2c(C)cccc2C)c2cccc(C(N)=O)c2n1,6.301029996
COc1cnc2ccc(=O)n(CCN3CCN(CC3)c3nc4ccccc4[nH]3)c2c1,5.15490196
COc1cccc(C=C2SC(O)=NC2=O)c1N1CCC[C@@H](N)C1,4.522878745
N#Cc1ccc(CCN2CCN(CCc3ccc4nonc4c3)CC2)cc1,9
Cc1cc(Cl)ccc1OC1CCN(C[C@H](O)CNC(=O)c2cn[nH]c2C(F)(F)F)CC1,5.647817482
Cn1ncc(c1)c1cnc2c(c1)c(=O)c1cc(ccc1cc2)NS(=O)(=O)N(CC1COCCO1)C,4.522878745
Cc1cc(N2C[C@@H]3CC[C@H](C2)[C@H]3Nc2nc3n(n2)CCCC[C@H]3c2ccc(F)c(F)c2F)ncn1,5.853871964
Fc1ccc(cc1)Cn1c2c(nc1NC1CC[NH2+]CC1)cccc2,7.552841969
O=C1N(CC[C@@H]1[NH+](Cc1cccnc1)Cc1n(cnc1)Cc1ccc(cc1)C#N)Cc1ccccc1,6.060480747
Cc1cnc(nc1)N1CCC(CC1)C1CCN(CC1)c1cc(nc(C)n1)C#N,5.744727495
COc1ccc(cn1)[C@@]1(N=C(N[C@H]1C)c1cc(ccn1)C#N)c1ccc(F)cc1,5.200659451
O(C)c1ccc(cc1OC)CC[N@H+](C)CCC[C@@](C#N)(c1ccc(OC)c(OC)c1)C(C)C,6.866461092
Oc1ccc2c(c1)CC[C@@H]1[C@@H]2CC[C@]2([C@H]1CC[C@@H]2O)C,4.522878745
CS(=O)(=O)c1ccc(-c2noc([C@@H](CC3CC3)[C@H](N)C(F)=C3CCCC3)n2)c(Cl)c1.O=C(O)C(F)(F)F,5.148741651
Cn1cc(-c2cc(F)cc(-n3ncc4cc(C(C)(C)C)cc(F)c4c3=O)c2CO)cc(NC(=O)[C@@H]2C[C@@H]2F)c1=O,5.795880017
FC(F)(F)c1ccc(NC(=O)N2CCN(C[C@@H]3CCCN(C3)C3CC3)CC2)cc1Cl,6.050609993
C[C@H](Nc1nc(Nc2ncc(C)s2)cc(n1)N1CCOCC1)c1ccc(F)cn1,4.920818754
CC[C@@]1(c2cccc(C(N)=O)c2)[C@H]2CN(CC3(O)Cc4ccccc4C3)C[C@H]21,5.657577319
CNC(=O)[C@@]12C[C@@H]1[C@H]([C@H](O)[C@@H]2O)n1cnc2c(NC)nc(nc12)C#Cc1ccc(Cl)s1,4.88941029
O=C(NC1CN(C1)C1CCC(CC1)n1ccccc1=O)CNc1n[nH]c2c1cc(cc2)C(F)(F)F,4.468521083
OC1(CNC(=O)C2CCN(Cc3ccn(c3)-c3ccc(cc3)C(F)(F)F)CC2)CCCCC1,4.931814138
ONC(=O)C=Cc1ccc2c(c1)CN(C2)Cc1ccccc1,4.560667306
Cc1nc(nc(OCCCN2CCCCC2)c1Cl)-c1ccc(Cl)cc1,9
OC(=O)c1ccc(cc1)C1=CC2(CCNCC2)Oc2ccccc12,4
Fc1ccc(cc1C#N)-c1cnc2nc(sc2c1)N1CCC(CC1)N1CCCCC1,7
COc1ccccc1CCNCC(=O)N1CCc2ccccc2C1C1CCCCC1,5.080921908
O=S1CCC(CC1)C1NC(Cc2c1[nH]c1c2cccc1)c1[nH]cc(n1)c1ccccc1,7
C[C@@H](Oc1cccc(Cn2c(C)c(C(=O)c3ccc(Cl)cc3)c3ccc(OC(F)(F)F)cc23)c1)C(O)=O,5.494850022
COc1ccccc1CCN1CCC(CCc2ccccc2OCCF)CC1.Cl,6.366531544
O(C(=O)N1CCc2c(cccc2)[C@@H]1c1ccccc1)[C@H]1C2CCN(C1)CC2,6.568636236
COc1c(Nc2ncc(Cl)c(N[C@H]3[C@@H](C(N)=O)[C@@H]4C=C[C@H]3C4)n2)ccc2c1CCC[C@@H](N1CCN(C)CC1)C2,5.102372909
C[C@H](CO)OC[C@H](Oc1ncnc2c1cnn2-c1ncccc1Cl)C(=O)Nc1ccc(C#N)cn1,4.200000237
C[C@@H]1CN(c2noc(C(F)(F)F)n2)CCN1c1ncc(OCc2ccncc2C#N)cn1,5.119186408
Clc1ccc(cc1)C(c1cccnc1Cl)OC1CN(C1)C(=O)N1CCCCC1,4.511449283
C[N+](C)(CCCCNC(=O)Cc1ccc(OCc2ccccc2)cc1)CCNC(=O)c1nc(Cl)c(N)nc1N,5.255707017
NC(=N)NCCC[C@H]1CN(C(=S)N1CCc1cccc(c1)F)[C@H](CNCc1ccccc1)C,5
O=C(N1C2CCC1CC(C2)S(=O)(=O)c1ccccn1)Nc1ccc(cc1)C(F)(F)F,5
Cc1nsc(n1)-c1nnc2[C@@H](CCO)N(CCn12)C(=O)c1ccc(F)cc1,4.301029996
COc1cccc(-c2cccc(C3(C)N=C(N)CCS3)c2)c1,4.958607315
CCCCN1CCC[C@@H]1Cn1nc(Cc2ccc(Cl)cc2)c2ncccc2c1=O,9
CCCCCCCN(CC)CC#CCCc1ccccc1,5.35753548
COc1ccccc1[C@@H](C)N[C@@H]1CC[C@@H](C(=O)N2CCC(CC2)(C(=O)N2CCCC2)c2ccccc2)C(C)(C)C1,5
CCc1c(C)[nH]c2CCCC(=NOC(=O)Nc3ccccc3)c12,4.522878745
COc1cc(cc(COCC2(CCN(C)CC2)c2ccc(F)cc2)n1)C(F)(F)F,5.004364805
COc1ccc(cc1)[C@@H](C)N[C@@H]1CC[C@@H](C(=O)N2CCC(CC2)(N2CCCOC2=O)c2ccccc2)C(C)(C)C1,5
FC(CCN1CCc2ccccc2CC1)Cc1ccccc1,5.927015255
COC1COCCC1NC1CCC(C1)(C(C)C)C(=O)N1CCN(CC1)c1cncc(n1)C(F)(F)F,5.119186408
Cc1nn(C2CCN(C(=O)[C@@H](C)O)CC2)c(C)c1Nc1ncc(Cl)c(-c2cnn3ccccc23)n1,4.537602002
Cc1[nH]c(/C=C2\C(=O)Nc3ccc(F)cc32)c(C)c1NC(=O)[C@H]1CCCN1.Cl,5.171984936
COc1ccc2C([C@@H](C)c3nccs3)=C(CCN(C)C)Cc2c1,4.657577319
FC(F)(F)Oc1ccc(CNC(=O)C2N(CC(F)(F)c3ccccn3)C(=O)c3ccccc23)cc1,5.013228266
CCOC(=O)C1=C(CN2CCOCC2)NC(c2nccs2)=N[C@H]1c1ccc(F)cc1Br,5.346787486
NC1=NC2(CO1)c1cc(ccc1OCC21CC1)-c1cnc2[nH]ccc2c1,5.036212173
C[C@@H](N1C(=O)O[C@@](Cc2ccccc2)(C1=O)c1nnc(o1)C1(CC1)c1ccccc1)c1ccccc1,5.22184875
CC(C)c1cc(OC(=O)C)c(C)cc1OCCN(C)C,4.679999196
O=C(C1SCCN1S(=O)(=O)c1ccc(cc1)C)NC1C2CC3CC1CC(C2)(C3)C(=O)N,4
COc1cc(CCN2CCN(CC(O)c3ccc4C(=O)OCc4c3C)CC2)ccc1C#N,5.045757491
Cc1nnc(o1)[C@@]1(N[C@H](Cc2c1[nH]c1ccccc21)c1nc(c[nH]1)-c1ccc(F)cn1)c1cnn(C)c1,5.494850022
CC(C)=CCn1c(N2CCC[C@H](N)C2)c(C#N)c2n(C)c(=O)n(Cc3cnc4ccccc4n3)c(=O)c12,5.301029996
Cc1nc2c(s1)[C@](N=C2N)(c1cccc(c1)c1cncnc1)c1ccccc1,5.124938737
CN(Cc1ccc(C(F)(F)F)cc1)c1cc(C(=O)Nc2ccccc2)ncn1,5.48148606
COc1nc2ccc(Br)cc2cc1[C@@H](c1ccccc1)[C@@](O)(CCN(C)C)c1cccc2ccccc12,9
Clc1ccc(Cl)c(NC(=O)NS(=O)(=O)c2ccc(OCCCN3CCCCC3)cc2)c1,4
O=C(NC1CN(C1)C1CCC(CC1)c1ccc(cn1)O)CNC(=O)c1cccc(c1)C(F)(F)F,5
N1C[C@@]2([C@@H](C2)C1)c1ccc(cc1)C,4.344861565
C[C@@]1(c2cc(CNC3(C(F)F)CC3)c(F)cc2F)CCSC(N)=N1,4.863279433
COc1ccc(cc1)C(=O)C1CCN(CC1)CCc1ccccc1,6.496209317
CCCC[C@@H](CCO)Nc1nc(N)nc2cc(C)ccc12,5.744727495
OC(CNC(=O)CC1CCN(Cc2ccc(o2)-c2ccc(Cl)cc2)CC1)C(F)(F)F,6
NC[C@H](Oc1noc2ccc(-c3ccccc3Cl)nc12)c1ccccc1,5.443697499
Clc1cc(CCN2CCN(CCc3ccc4C(=O)OCc4c3)CC2)ccc1C#N,7
O[C@@H](COc1ccc(cc1)C(F)(F)F)CN1CCN(Cc2ccc(Cl)c(Cl)c2)CC1,5.036212173
Cc1cc(-c2nnc(SCCCN3CC[C@]4(C[C@@H]4c4ccc(C(F)(F)F)cc4)C3)n2C)on1,6.689944262
CO[C@H]1CN(CC[C@@H]1NCc1ccc2c(n1)NC(=O)CO2)CCn1c(=O)ccc2c1cc(OC)cc2,4.568636236
NC(=O)c1ccc(c(F)c1)-c1ccc2[nH]nc(-c3cncc(O[C@H]4CNCCC44CC4)n3)c2c1,5.958607315
Cc1[nH]nc2c1C(c1cc(-c3cccnc3)cc(C(F)(F)F)c1)(C(C)C)C(C#N)=C(N)O2,4.537602002
COC1COCCC1N[C@@H]1C[C@H]2C[C@H](C[C@]2(C1)C(=O)N1CCc2ncc(cc2C1)C(F)(F)F)C(F)(F)F,4.301029996
CNC(=O)c1cnc(N)c(O[C@H]2CN(C(=O)Cc3ccc(OC(F)(F)F)cc3)CC2(F)F)c1,4.055517328
COc1cnccc1[C@@H]1CC[C@@H](CC1)N1CC(C1)NC(=O)CNc1ncnc2ccc(cc12)C(F)(F)F,4.694648631
COC(=O)[C@@H]1C[C@@H]1COc1ccc2ncc(F)c(CCC34CCC(CC3)(CO4)NCc3ccc4OCC(=O)Nc4n3)c2n1,6.22184875
CS(=O)(=O)N1CCC(CC1)C1NC(Cc2c1[nH]c1c2cccc1)c1[nH]cc(n1)c1ccccc1,5.455931956
Cc1nc(C(=O)NCCN2CCN(CC2)c2cccc(Cl)c2Cl)c(C)n1-c1ccccc1,5
COCCC(=O)N1CCO[C@@H](c2nc(-c3ccc(C(=O)Nc4cc(C(F)(F)F)ccn4)cc3)c3c(N)nccn23)C1,5.236572006
Fc1cc(F)cc(c1)C(=O)N1CCN(C(=O)C1)c1ccc(cc1)OCCCN1CCCC1C,6.301029996
OCc1ccc(cn1)c1cccc2c1CC(CO2)NC(=O)c1ccc(nc1)OCCOCC(F)(F)F,4.801342913
CC(C)(C)c1cc(NC(=O)n2ccc3ccc(Oc4ncnc5c4CNC5)cc32)no1,4.677780705
CCCCCCCN(CC)CC#CCc1ccc(C)cc1,5.293282218
C(COc1ccc(cc1)-c1ccccc1)CN1CCCCC1,6.397940009
CCCC[C@H]1CN(CC2CCOCC2)C(=O)OC11CCN(CC1)C1(C)CCN(CC1)C(=O)c1c(C)ncnc1C,4.924453039
C=CCOCC1CCC(CC1)N1CC(C1)NC(=O)CNc1nn(c2c1cc(cc2)C(F)(F)F)C,5.301029996
COc1nccc(c1)C1CCC(CC1)N1CC(C1)NC(=O)CNC(=O)c1cccc(c1)C(F)(F)F,5.207608311
CC(=O)Oc1ccccc1C(=O)O,3
CN(CCCC(=O)NC1CC1)C(=O)c1ccc2n(C)c3CCC(Cc3c2c1)C1CCOCC1,4.48148606
Cc1c(CN2CCOCC2)cc(-c2ccc(C(C)C)cc2)n1C1CC1,5.096910013
Cc1cccnc1-n1nc(C)c(cc1=O)-c1ccc(OC2CCN(CC2)C2CCC2)cc1,4.522878745
Cn1cc(cn1)-c1ccc2c(c1)[nH]c1c(cnc(N[C@H](C3CC3)C(F)(F)F)c21)C(N)=O,5.468521083
CNCc1cc(ccc1Oc1ccc(Cl)c(Cl)c1)S(=O)(=O)NC,5.318758763
CN(CCc1sc2c(c1C(c1ncccc1F)C)cccc2)C,6.48148606
CCN(CC)Cc1ccc(-c2ccc3ncc(-c4ccc(S(C)(=O)=O)cc4)n3n2)cc1F,5.283996656
C[C@@H]1NC(=N[C@@]1(c1ccc(F)cc1)c1ccc(F)nc1)c1ccnc(c1)C#N,5
COc1ccc(cc1)N(C1CCN(CC1)C(CCNC(=O)c1c(C)cc(nc1C)Cl)C)Cc1cnccc1C,6.602059991
OC1C(c2cc(OCCCC(F)(F)F)ccc2OC1(C)C)N(S(=O)(=O)C)C,4.899629455
Cc1cc(-n2cnnn2)ncc1C(C)C(=O)N1CCN(CCc2ccc3c(c2C)COC3=O)CC1,4.37675071
Cc1ccc2c(c1)nc(CCN1C(=O)c3cccc4cccc(c34)C1=O)n2-c1ccncc1,5.327902142
O=C(C(n1c(nc2c1cc(F)c(c2)F)c1ccc(cc1)Cl)C1CCCCC1)Nc1ccc(cc1C)C(=O)O,6.15490196
COc1ccc2ccc(=O)n(CCN3CCC(CC3)NCc3cc4OCCOc4cn3)c2n1,4.397940009
Cc1cc2ncn(Cc3ccc(Cl)cc3)c2cc1C,5.15490196
Cc1cc2c3cc(F)ccc3[n+](c3c2c(c1)n(C)c1c3cc(cc1)F)C,6
[O-][N+](=O)c1ccc(CCN2CCN(CCc3ccc(cc3)-c3ncco3)CC2)cc1,9
COc1ccc(cc1)[C@@H](C)N[C@@H]1CC[C@@H](C(=O)N2CCC(CC2)(C(=O)N(C)C)c2ccccc2)C(C)(C)C1,5
NC1(CCN(CC1)c1ncnc2[nH]ccc12)C(=O)NC(CCCO)c1ccc(Cl)cc1,4.238124761
COc1ccc2nccc(NC(=O)[C@@]3(O)CC[C@@H](CC3)NCc3cnc4OCCOc4c3)c2n1,4.283996656
Cn1c(SCCCN2C[C@@H]3[C@](C2)(C3)c2ccc(cc2)C(F)(F)F)nnc1c1cccnc1C,6.408935393
CS(=O)(=O)Cc1cc(nc(n1)-c1ccc2nc[nH]c2c1)N1CCOCC1,4.494850022
Cn1ccc2c1cccc2N(C1CCNCC1)Cc1ccccc1,4.698970004
ONC(=O)C=Cc1ccc(cc1)CNCCc1c([nH]c2c1cccc2)c1c(C)noc1C,4.505288975
O=C(Nc1ccc(cc1)-c1nnc(NCCCCN2CCCCC2)o1)C1CCCCC1,4.602059991
CCOC(=O)c1sc2c(c1C)c(N)nc(n2)C=Cc1ccc(c(c1)OC)n1cnc(c1)C,6.008773924
CCOC(=O)[C@@H]1CC[C@@H](CC1)N1CC(C1)NC(=O)CNc1n[nH]c2ccc(cc12)C(F)(F)F,5.040958608
C[C@@H](N)C(=O)N1CCN(c2cnc3cc(C(F)(F)F)cc(NCc4cccc([N+](=O)[O-])c4)c3c2)CC1,5.308034897
COc1cc(ccc1-n1cnc(C)c1)-c1cn(nn1)C1CCCC(NC1=O)C(C)(C)C,4.354577731
O=C(c1cccc(c1)c1noc(=S)[nH]1)N1CCC(CC1)(CCN1[C@@H]2CC[C@@H]1C[C@@H](C2)n1c(C)nc2c1cccc2)c1ccccc1,4.522878745
CC(C)(O)c1cc(cc(c1)S(=O)(=O)N1CCN(CC1)C(=O)[C@@H]1C[C@H]1c1ccc(cc1)C(F)(F)F)C(F)(F)F,5.920818754
Fc1ccc(cc1)C(=O)N1CCN(CCn2c(=O)[nH]c3ccccc3c2=O)CC1,7
CC(C)Oc1ccc(cc1C#N)-c1nc(no1)-c1cnc2CN(CCc2c1C)C(CO)CO,4.900001867
Clc1cc2[nH]c(-c3ccccc3)c(c2cc1)[C@@H]1C[NH2+]CC[C@H]1F,5.853871964
O=C1OCc2ccc(CCN3CCN(C(=O)Cc4ccc(-n5cnnn5)cc4)CC3)cc21,4.494850022
CC(=O)N1CCC(CC1)C1N[C@H](Cc2c1[nH]c1ccccc21)c1nc(c[nH]1)-c1ccccc1,5.008773924
Fc1cc2COC3(CCN(Cc4ccc(Nc5ccc(F)c(F)c5)cc4)CC3)c2cn1,9
CN(C)c1nc2c(CCC34CCC(CC3)(CO4)NCc3ccc4OCC(=O)Nc4n3)ccnc2cc1F,9
COc1ccc(CCN(C)CCN2CCN(C2=O)c2cccc(Cl)c2)cc1OC,5.602059991
CN(CCN1CCN(C1=O)c1cccc(Cl)c1)C[C@@]12CC[C@@H](CC1)C2(C)C,5.500312917
Cc1ncoc1-c1nnc(SCCCN2CC3CC3(C2)c2ccc(c(F)c2)C(F)(F)F)n1C,6.273028416
CCCN(C(=O)c1ccccc1C(C)C)C1CNCC1,4.698970004
N\C1=N/C(=O)[C@@H]2CCCN2c2ccc(OC\C=C\CCNCC(=O)Nc3c(Cl)cc(CN1)cc3Cl)cc2,4.886056648
CCCCc1cc(OC2CCN(CCC(C)S(=O)(=O)CC)CC2)c2ncccc2c1.Cl.Cl,6.7000571
FC(F)(F)c1cccc(c1)C(=O)NCC(=O)N[C@@H]1CCN(CCN2CCN(CC2)C(=O)c2ccccc2Cl)C1,5
COc1cccc2c1nc(-c1ccc(OC3CCN(CC3)C3CCC3)cc1)n(C)c2=O,5
NC1=NC2(CO1)c1cc(ccc1OCC21CC1)-c1cncc(c1)C1CC1,5.455931956
F[C@H]1CN(C[C@H]1F)C(=O)[C@@H]1C[C@@H](CN1)N1CCN(CC1)c1ncccn1,4.26760624
CC(C)(C)c1cc(CN2CCN(CCCCCC(c3ccc(F)cc3)c3ccc(F)cc3)CC2)cc(c1O)C(C)(C)C,7
C[C@H](c1ccnc(Nc2nc3ccc(-c4cc(N(C)C)ncn4)cc3[nH]2)c1)N1CCN(C(=O)CC(F)(F)F)CC1,5.327902142
Cc1nc([C@]2(c3cnn(C)c3)N[C@@H](c3nc(-c4ccccc4)c[nH]3)Cc3c2[nH]c2ccccc32)no1,5.740645073
CN1C(=O)N(CCCCC(=O)C)C(=O)c2c1ncn2C,4.620000528
O=C(c1ccc(cc1)Oc1ccc(cc1)C#CC1(O)CN2CCC1CC2)NCc1ccncn1,4.301029996
CCC(C)c1ccc(OCCOc2ccc(Cl)cc2CNn2cnnc2)cc1,5.851397345
COc1ccc(cc1Cl)C12CC1CN(CCCSc1nnc(-c3ocnc3C)n1C)C2,5.644605955
CN(C)c1nc(N)c(nc1Cl)C(=O)N=C(N)N,4.620000528
COc1ccc(cn1)-c1cc(cnc1N)-c1ccc(cc1)S(=O)(=O)N(C)C,5.013228266
C[C@@H]1CCCN1CCc1ccc2nc(ccc2c1)-c1ccc2nccnc2c1,5.075720714
CC#Cc1cncc(c1)-c1ccc2OC(C)(C)C3(COC3)C3(COC(N)=N3)c2c1,6
Nc1nc2cc3CCN(CCc3cc2s1)C(=O)c1ccccc1,4.48148606
COc1cc(NCC2CCNCC2)nc2n(nnc12)-c1cccc(OC(F)(F)F)c1,5.499996932
O[C@]1(CC[C@@H](CC1)N1CC(C1)NC(=O)CNC(=O)c1cccc(c1)C(F)(F)F)c1ccns1,4.619788758
Cc1nc(-n2cnnn2)ccc1C(C)C(=O)N1CCN(CCc2ccc3c(c2C)COC3=O)CC1,5.468521083
CC(=O)N1CCN2CCCc3c(C)c4c(CC(C)(C)CC4=O)n3-c3ccc(C(N)=O)c(NC[C@H]2C1)c3,4.612610174
Cc1c(CNC2CCCC2)nn(c1-c1ccc(C)nc1)-c1ncc(Cl)cc1Cl,5.920818754
CNS(=O)(=O)CCN(CCc1ccc(Cl)cc1)C1CCN(c2nc(N)n[nH]2)CC1,4.795880017
O=C(C(O)C)NC1CC(C)(C)Oc2c1cc(c1ccc(cc1)Cl)c(n2)c1ccc(cc1Cl)Cl,6.920818754
Fc1cc2c(nc1N1CC3(CNC3)/C(=N/OC)/C1)N(C[C@@H](C(O)=O)C2=O)C1CC1,3.661344534
O=C(Nc1cccc(C(F)(F)F)c1)n1ccc2cc(Oc3ncnc4c3CNC4)ccc21,4.806875402
CCOc1cccc(C=C2SC(O)=NC2=O)c1N1CCC[C@@H](N)C1,4.522878745
O(C[C@H](O)CNCCC)c1ccc(O)cc1C(=O)CCc1ccccc1,3.969805215
N#Cc1ccc(COc2ccc([C@H]3CC[C@@H](C(N)=O)N3)cc2)cc1,5.099999035
O=C1N[C@H](c2cncc(C#Cc3ccccc3)c2)[C@@H](c2cc(F)ccc2F)O1,5.443697499
Cc1cccc(c1)CN1C2CCC1CC(C2)Oc1cccc(c1)C(=O)N,6.283996656
CCCCCCCN(CCCCc1ccc(cc1)N)CC,6.563837353
COc1ccc(cc1)[C@H]1CN(CCC2CCS(=O)(=O)CC2)C[C@@H]1CC(=O)Nc1cccc(Cl)c1,6.537602002
Cc1nc2n(c(=O)c1CCN1CCN(c3cccc4sccc34)CC1)CCCC2F,5.212539525
CCS(=O)(=O)c1ccc2c(c1)nc(n2C[C@H]1CCCO1)C(C)(C)C,4.200659451
CCC12CCCN3CCc4c(C13)n(c5ccccc45)C(O)(C2)C(=O)OC,6.460046158
NCCCC1(c2ccccc2)C(=NN2C1COc1c2cc(cc1)F)C(=O)C,6.026872146
N[C@@H]1COCC[C@H]1Nc1cc2cc[nH]c(=O)c2c(n1)Nc1cccc2c1nn(c2)C,4.522878745
CN(c1ncc(C(N)=O)c2sc(-c3ccccc3)cc12)[C@H]1CCCNC1,5.568636236
OCCNC(=O)N1CCC(CC1)c1ccc(NC(=O)c2ncc([nH]2)C#N)c(c1)C1=CCCCC1,5
COc1cc([C@](O)(CCN(C)C)[C@@H](c2cc3cc(Br)ccc3nc2OC)c2cccc(OC)c2F)cc(OC)n1,4.886056648
CNC(C)c1cc(ccc1Oc1ccc(Cl)c(Cl)c1)C(F)(F)F,5.522878745
CN1CCC[C@H]1Cn1nc(Cc2ccc(cc2)Cl)c2c(c1=O)nccn2,5.899629455
CO[C@H]1[C@@H](CC(=O)O[C@H](C)C\C=C\C=C/[C@H](O)[C@H](C)C[C@H](CC=O)[C@@H]1O[C@@H]1O[C@H](C)[C@@H](O[C@H]2C[C@@](C)(O)[C@@H](OC(=O)CC(C)C)[C@H](C)O2)[C@@H]([C@H]1O)N(C)C)OC(C)=O,3.990124366
CO[C@@]12CC[C@@]3(C[C@@H]1[C@@](C)(O)C(C)(C)C)[C@H]1Cc4ccc(O)c5O[C@@H]2[C@]3(CCN1CC1CC1)c45,5.102372909
C[C@@H]1NC(=NC1(c1ccc(F)cc1)c1ccc(F)cc1)c1cc(ccn1)C#N,5.769551079
CC(=O)Nc1ccc2ccn(-c3cc(NC4CC4)n4ncc(C#N)c4n3)c2c1,5.065501549
COc1ccc(cc1[C@@H](O)C)c1ccc2c(n1)nc(nc2N1CCOC[C@H]1C)N1CCOC[C@H]1C,4.4225082
CC1(O)CN(C1)S(=O)(=O)c1ccc2c(c[nH]c(=O)c2c1)C(=O)NC[C@@H](O)CN1CCC(CC1)Oc1ccc(Cl)c(Cl)c1,5.499996932
COc1ccnc(c1)C1=N[C@@]([C@H](C)N1)(c1ccc(F)cc1)c1ccc(F)nc1,5.200659451
O=C(NC1CCC(CC1)c1ccc(cc1)O)CCc1cccnc1,4.522878745
COc1cc(C(=O)N2C[C@@H](n3cc(C4CC4)nn3)C[C@H]2C(=O)NCC(c2ccccc2)c2ccccc2)ccc1CN,5.619788758
COc1cccnc1[C@H](C)c1c(CCN(C)C)sc2ccccc12,5.522878745
Cc1cc(OC(F)(F)F)ccc1-c1c(Oc2ccc(\C=C\C(O)=O)cc2)c2ccc(O)cc2oc1=O,4
CCOC(=O)CCc1ccc(OC[C@H](O)CNC(C)(C)Cc2ccc3ccccc3c2)c(c1)C#N,9
COc1ccc(Cn2cnc3c(NS(C)(=O)=O)c(C)c(C)cc23)cc1,4.522878745
Cc1nc(SCc2cc(cc(NCC#N)n2)N2CCOCC2)oc1C,5
OCc1nccc(c1)c1cccc2c1CC(CO2)NC(=O)c1ccc(nc1)OCC(F)(F)F,4.801342913
OC(=O)[C@H](Cc1cccc(c1)C(F)(F)F)N1CCC(CN2CCC(CC2)Oc2ccc(Cl)c(Cl)c2)CC1,5.200659451
O[C@]1(CC[C@@H](CC1)N1CC[C@H](C1)NC(=O)CNC(=O)c1cccc(c1)C(F)(F)F)c1ncccn1,9
Cc1c(C(=O)CC#N)oc2ccccc12,7.522878745
CN(C)c1ccc(-c2cc3nccnc3c(NC[C@@H]3CNCCC3(F)F)n2)cn1,5.099999035
Cc1cc(ccc1-c1ccnc(NCc2n[nH]c3nc(N)ccc23)c1)C#N,5.366531544
CC1(C)NCCc2c1oc1cc(ccc21)S(=O)(=O)c1cccc(F)c1,6
CC[C@H]1OC(=O)[C@H](C)[C@@H](O[C@H]2C[C@](C)(C[C@H](C)O2)OC)[C@H](C)[C@@H](O[C@@H]2O[C@H](C)C[C@@H]([C@H]2O)N(C)C(C)C)[C@](C)(O)C[C@@H](C)[C@H](OCC(=O)NC)[C@H](C)[C@@H](O)[C@]1(C)O,4.522878745
Fc1cccc(n1)N1C[C@@]2(CC[C@@H](CC2)c2nc3ccc(OC(F)(F)F)cc3[nH]2)OC1=O,5.399996913
C[N+]1([O-])CCN(CC1)C1=Nc2cc(Cl)ccc2Nc2ccccc12,3.875169851
Nc1nc(N2CCC(N(CCc3ccc(Cl)cc3)Cc3cccc(C(F)(F)F)c3)CC2)n[nH]1,5.568636236
COc1ccc(CCN2C(CN(NS(C)(=O)=O)C2=O)c2ccc(OC(C)C)cc2)cc1,4.769551079
NC(=O)c1cccc(c1)S(=O)[C@@H]1C[C@@H]2CC[C@H](C1)N2Cc1ccccc1,4.698970004
OC(=O)c1ccccc1C(=O)N1CCC(CC1)(CCN1[C@@H]2CC[C@@H]1C[C@@H](C2)n1c(C)nc2c1cccc2)c1ccccc1,3.903089987
COc1ccc(CNC(=O)c2cc(-c3cc(Cl)cc(Cl)c3)cnc2-c2cccnc2)cc1OC,5.158015195
CS(=O)(=O)c1ccc2nc(N)n(CC(O)c3cccc(Cl)c3Cl)c2c1,4.477555766
CN1CCN=C1Cn1ncc2cc(ccc12)-n1ccc(OCc2ccccc2)cc1=O,5.48148606
CC(C)N1CCN[C@@H](CN2CCN(CC2)C(=O)Nc2ccc(Cl)c(Cl)c2)C1,5.251811973
O1CC(=CC1=O)[C@@H]1CC[C@]2(O)[C@H]3[C@@H]([C@]4(CO)[C@](O)(C[C@H](O[C@@H]5O[C@@H](C)[C@H](O)[C@@H](O)[C@H]5O)C[C@H]4O)CC3)[C@@H](O)C[C@]12C,7.818156412
COc1cc(ccc1N1CC[C@H](C1)O)n1cnc2c(c1=O)sc(c2)c1ccc(cc1)Cl,5
CC(C)[C@@]1(CC[C@H](C1)NC1C2CCCC1COC2)C(=O)N1CCN(CC1)c1cc(ccn1)C(F)(F)F,5.903089987
O=C1COc2c(N1)nc(cc2)CNC12CCC(CC1)(OC2)CCc1c(F)cnc2c1nc(OCCc1[nH]ccc(=O)c1O)cc2,6.045757491
CN1CCN(CC1)CCCN1c2ccccc2Sc2c1cc(cc2)C(F)(F)F,5.850780887
Cc1nc2ccc(F)cc2c(=O)n1-c1ccc(OC2CCN(CC2)C2CCC2)cc1,5
O=C(C1CC1)N1CCc2c(sc3c2c2ncnn2c(=O)n3Cc2ccc(Cl)cc2)C1,6.30980392
CCOc1cc2ncc(c(c2cc1N1CCN(CC1)C)Nc1cccc(c1F)Cl)C(=O)N,5.075720714
CCN(CCCC(=O)NC1CC1)C(=O)c1ccc2n(C)c3CCC(Cc3c2c1)C1CCOCC1,4.48148606
CCS(=O)(=O)n1c2CCN(Cc2c2cc(ccc12)C(=O)N1CCC(C)CC1)C1CCOCC1,5.508638306
Fc1ccccc1C(=O)Nc1ccc(cc1)-c1nnc(NCCCN2CCCCCC2)o1,5.200659451
O=C1CCCN1C1CCN(CCc2ccc(Oc3nc4ncccc4s3)cc2)CC1,5.552841969
Nc1nc(N2CCC(N3Cc4cnccc4OC[C@@H]3Cc3ccc(Cl)cc3)CC2)n[nH]1,4.769551079
Cc1[nH]c(cc1C(=O)NCCCN1CCN(CC1)c1cccc(Cl)c1Cl)-c1ccccn1,6.045757491
Fc1ccc2c(c1F)[nH]c(=O)cc2Cn1c(nc2c1nccn2)C1CCC1,4.522878745
COC[C@H]1Cn2cc(-c3nc(Nc4ccnn4C)ncc3C)cc2C(=O)N1Cc1cccc(C)n1,4.698970004
CN[C@H]1Cc2ccccc2[C@@H](C1)c1ccc(c(c1)Cl)Cl,5.634512015
CNCc1ccc(cc1Oc1ccc(Cl)cc1)C(F)(F)F,5.292429824
O[C@@H]1CCN(C1)C(=O)NC1CCN(Cc2ccn(c2)-c2ccc(cc2)C(F)(F)F)CC1,4.500312917
CC1(C)Oc2ccc(cc2C2(COC(N)=N2)C11COC1)-c1cccnc1F,5
C[C@@]1(c2cc(CNCC3CC3)c(F)cc2F)CCSC(N)=N1,4.48148606
O(CCOc1ccccc1N(CC(O)=O)CC(O)=O)c1ccccc1N(CC(OCOC(=O)C)=O)CC(O)=O,5.882728704
CN1c2ccccc2C(=N[C@H](NC(=O)Nc2cccc(C)c2)C1=O)c1ccccc1,5
CSc1ccccc1C(=O)N(C1CNCC1)CC1CCC1,4.698970004
Clc1cc(Cl)c2c(c1)[nH]c(c2)C(=O)NC1CCC(CC1)(C)C,4.522878745
Nc1ccc(-c2cccs2)cc1NC(=O)c1ccc(CN2CCC3(CCCN3)CC2)cc1,5.796695084
Cn1cnc(c1)C(=O)N(Cc1ccc(c(c1)Cl)F)CC1C2C1CNC2,4.835647144
CC1(C)Cc2c(O1)cccc2CN1CCC2(CC1)CCN(CC2)C(=O)c1ccncc1,5.149966742
C[C@@H]1CN(CC[C@]1(C(=O)O)c2ccccc2)C3CCC(CC3)(C#N)c4ccc(F)cc4,5.050000457
Cc1c(C(C)CN2CCN(C(=O)Cc3ccc(-n4cnnn4)nc3)CC2)ccc2c1COC2=O,4.30980392
COC1COCCC1NC1CCC(C1)(C(C)C)C(=O)N1CCN(CC1)c1nncc(c1)C(F)(F)F,4.504455662
COC1COCCC1N[C@@H]1C[C@H]2CCC[C@]2(C1)C(=O)N1CCc2ncc(OC(C)C)cc2C1,4.328827157
CC(NC(=O)C1(N)CCN(CC1)c1ncnc2[nH]ccc12)c1ccc(cc1)S(C)(=O)=O,4.477555766
FC(F)(F)c1cnc2CCN(Cc2c1)C(=O)[C@@]12CCC[C@@H]1C[C@H](C2)NC1CCSCC1,4.63638802
Cc1cc(NCc2c(Cl)ccc(Cl)c2Cl)c2cccc(C(N)=O)c2n1,6.301029996
O=C(N1CCC(CC1)Oc1ccc(CN2CCCC2)cc1)c1noc(n1)-c1ccccc1,5.124938737
Cc1ccc(cn1)-c1nnc(SCCCN2CCc3ccc4oc(nc4c3CC2)C(F)(F)F)n1C,5.801342913
C[C@@H]1CN(CCN1c1ncc(OCc2ccc(C[S+](C)[O-])cc2F)cn1)c1nnc(o1)C(F)(F)F,4.522878745
OC(=O)c1cccc(c1)C1CCN(CC1)C1CCC(C1)(C(=O)NCc1cc(cc(c1)C(F)(F)F)C(F)(F)F)C(O)(C)C,4.705093089
N#Cc1cccc(c1)C(C(NC(=O)C(Oc1ccc(cn1)C(F)(F)F)(C)C)C)Cc1ccc(cc1)Cl,4.847711656
FC(F)(F)c1ccc2ncnc(NCC(=O)NC3CN(C3)[C@H]3CC[C@H](CC3)c3ccccc3C#N)c2c1,5.677780705
COc1ccc(cc1)-c1nnc(o1)C(=O)N1CCC(CC1)Oc1ccc(CN2CC(O)C(C)(C)C2)cc1,5
OCc1cc(ccc1O)C(O)CNCCCCCCOCCCCc2ccccc2.OC(=O)c3ccc4ccccc4c3O,5.379999358
Cc1ncoc1-c1nnc(SCCCN2CCc3nc4cc(ccn4c3CC2)C(F)(F)F)n1C,6.102372909
Cc1cc(OCCN2CCOCC2)nn1-c1ccc(Cl)cc1Cl,5
S(=O)([O-])(=NC(=O)c1cc(OC)c(cc1)Cc1c2cc(NC(OC3CCCC3)=O)ccc2n(c1)C)c1ccccc1C,4.600326279
COC(=O)C1(CNC(=O)c2cc(OC)cc(OC)c2)CCN(Cc2ccc(cc2)C(F)(F)F)CC1,5.628932138
NS(=C)(=O)c1ccc(cc1)C1=C(C(=O)OC1)c1ccccc1,4
CC(=O)Nc1ccc2cnn(-c3cc(NC4CC4)n4ncc(C#N)c4n3)c2c1,4.48148606
CN1CCC(COCc2cc(cc(n2)C2CC2(C)C)C(F)(F)F)(CC1)c1ccc(F)cc1,5.045757491
O=C(Nc1ccc(cc1)-c1nnc(NCCCCN2CCCCC2)o1)c1ccccc1,4.700000504
CN(C/C=C/C=C/c1ccc(C(F)(F)F)cc1)Cc1ccc2c(c1)OCCO2.Cl,4.91721463
Clc1ccc(cc1)-n1cc(NCCN2CCCCC2)nn1,5.508638306
Fc1ccc(cc1)C1(CNC(=N1)c1cc(ccn1)C#N)c1ccc(F)cc1,7
COc1cccc2c3nc(CN4CCN(C[C@H]4C)c4ncc(C)s4)nn3c(N)nc12,4.327902142
COc1cc([C@](O)(CCN(C)C)[C@H](c2cc(OC(C)C)cnc2OC)c2cc3cc(C#N)ccc3nc2OC)cc(OC)n1,5.619788758
Cc1cc2nc(COC3CCCC3)n(Cc3ccc(Cl)cc3)c2cc1C,5
O=C(NC1CN(C1)C1CCC(CC1)c1ccc(cc1)CC(=O)N)CNc1n[nH]c2c1cc(cc2)C(F)(F)F,5.022276395
COc1cnc2ccc(=O)n3C[C@@](O)(CC45CCC(CC4)(CO5)NCc4ccc5OCC(=O)Nc5n4)c1c23,4.22184875
O=c1nc(N2CCN(CC3CCCCC3)CC2)sc2c([N+](=O)[O-])cc(C(F)(F)F)cc12,3.992679047
Cc1onc(n1)c1cccc(c1)C(=O)NC1CCC(CC1)CCN1CCc2c(CC1)ccc(c2)S(=O)(=O)C,5.600326279
CCC(CC)CNc1c(C(N)=O)cnc2ccc(C#N)cc12,5.638272164
CNCc1ccc(OC)cc1Oc1ccc(Cl)c(Cl)c1,6.161150909
O[C@@H](C(C[C@H](NC)C)(c1ccccc1)c1ccccc1)CC,4.920818754
CN1CCC(COCc2cc(cc(n2)N2CCC(CC2)C#N)C(F)(F)F)(CC1)c1ccc(F)cc1,5.113509275
CCOC1CN(CC1NC(=O)CNC(=O)c1cccc(c1)C(F)(F)F)C1CCC(CC1)c1ccccc1,6
CNS(=O)(=O)c1ccc(cc1)-c1cnc(N)c(c1)-c1ccc(OC)nc1,4.958607315
O=C1COc2c(N1)nc(cc2)CNC12CCC(CC1)(OC2)CC1(O)Cn2c3c1c(F)cnc3c(cc2=O)C,4.22184875
OCCNCc1cccc(c1)c1ccc2c(n1)nc(nc2N1CCOCC1)N1C[C@H](C)O[C@H](C1)C,4.886056648
COC[C@H](C)Oc1cc(Oc2ccc(S(C)(=O)=O)cc2)cc(C(=O)Nc2nccs2)c1,5.161150909
CN[C@@H]1CCN(c2ccc(Cl)c(Cl)c2)c2ccccc12,5.494850022
Cc1cc(on1)[C@H]1C[C@H]2[C@@H](CF)SC(N)=N[C@]2(CO1)c1ccc(F)cc1F,4.995678626
OC(=O)CCNC1CC[C@@]2(C1)Cc1ccccc1Cc1ccccc21,4.200000237
CC(C)(C)OC(=O)NC[C@H]1CC[C@H](CNC(=O)c2cc(nc3ccccc23)N2CCC(CCN3CC(O)C3)CC2)CC1,4.48148606
CCCCN(CC)CC#CCc1ccc(Cl)cc1,5.576754126
CC(N)COc1c(C)cccc1C,5
Cn1cc(-c2ccc(OC3CCN(C(=O)Nc4ccc(OC(F)(F)F)cc4)CC3)c(C(N)=O)c2)cn1,5.420216403
CCCCC1(CCNC1)c1ccc2[nH]ccc2c1,5.356547324
CN(C)C(=O)c1cccc(-c2ccc(F)cc2CC(c2cccnc2)c2cccnc2)c1,4.578396073
O=C([C@@H](c1ccc(cc1)O)N)N[C@@H]1C(=O)N2[C@@H]1SC([C@@H]2C(=O)O)(C)C,4
FC(F)(F)c1cc(cc(N)c1)CCN1CC(=O)N(CC1)[C@H]1CCc2cc(ccc2C1)CN(CC)CC,5.769551079
CC(C)(C)NC(=O)C1N(Cc2ccccc2-c2ccccc2)C(=O)c2cc(ccc12)C#N,4.48148606
CCOC[C@@H](CC(C)C)NC(=O)[C@@H]1CNC[C@@H]([C@@H]1O)C(=O)N(C1CC1)c1cc(OC)c(cn1)C(C)C,4.522878745
CC(C)(Cc1ccc2ccccc2c1)NC[C@@H](O)COc1cccc(Cl)c1C#N.Cl,5.522878745
O=C1[C@@H](CCc2c(N1CC(F)(F)F)cccc2F)n1nnc(c1)c1ccc(c(c1)OCC(F)(F)F)n1cnc(c1)C,5.886056648
COc1ccccc1N1CCN(C[C@@H](O)COc2ccc(cc2)C(F)(F)F)CC1,5.403402904
COc1ccccc1Oc1ccccc1CN1CCC2(CC1)CCN(CC2)C(=O)c1ccnc(N)c1,0.800000053
COc1ccc2ncc(F)c(CCN3CC[C@H](NCc4cc5OCCOc5cn4)[C@H](O)C3)c2n1,5.522878745
Fc1ccc(c(c1)C)[C@@H]1CCN(CC1)C[C@H]1NCc2c(C1)cccc2,6.698970004
CCOC(=O)c1ccc(nc1)[C@@]1(N[C@H](Cc2c1[nH]c1ccccc21)c1nc(c[nH]1)-c1ccc(F)cc1)c1cnn(C)c1,5.795880017
Oc1cccc(O[C@@H]2C[C@@H]3CC[C@H](C2)N3Cc2ccccc2)c1,5.795880017
CC(=O)Nc1cccc(CN2CCC(CC2)NC(=O)c2cc(=O)c3ccc(F)cc3o2)c1,4.216811309
COc1ccc2nccc(CC[C@H]3OC[C@H](NCc4ccc(Cl)cc4)CO3)c2c1,5.698970004
CC(=O)Nc1cccc(C2CCN(Cc3ccc(C(=O)c4nc5ccccc5n4-c4ccc(F)cc4)cc3)CC2)c1,5.705533774
CC(Oc1ccc(cc1C(=O)N1CCN(CC1)c1cnc(nc1)C(F)(F)F)S(C)(=O)=O)C(F)(F)F,4.397940009
CC(NC(=O)CC1CCN(Cc2ccn(c2)-c2ccc(cc2)C(F)(F)F)CC1)c1ccc(=O)[nH]c1,4.500312917
NCC1CN(C/C/1=N\OC)c1nc2c(cc1F)c(=O)c(cn2C1CC1)C(=O)O,3.522878745
Nc1cnc(cn1)-c1cc2sc(nc2cn1)N1CCC(CC1)N1CCCCC1,3.876615232
CC(C)N(C)[C@@H]1CC[C@@H]([C@H](CS(=O)(=O)c2ccc(C)cc2)C1)N1CC[C@H](NC(=O)c2cccc(c2)C(F)(F)F)C1=O,5.522878745
COC1(CCOCC1)c1ccc(NC(=O)c2cc(=O)c3cc(F)cc(-c4c(C)nn(C)c4C)c3o2)cn1,4.022276395
COc1ccc2ncc(=O)n(CCN3CC[C@@H](NCc4cc5OCCOc5cn4)[C@H](O)C3)c2c1,4
CN(CCN1CCN(C1=O)c1cccc(c1)C(F)(F)F)C[C@@]12CC[C@@H](CC1)C2(C)C,5.200659451
CCN1C(=O)CNc2ncc(nc12)-c1ccc(nc1C)-c1nc[nH]n1,4.48148606
COc1cc2nccc(CCC34CCC(CC3)(CO4)NCc3ccc4OCC(=O)Nc4n3)c2nc1OC,9
COc1ccc(cc1)C1CN(CC1CC(=O)Nc1cccc(c1)Cl)CCCC1CCOCC1,6.431798276
Clc1ccc(NC(=O)N2CCN(C[C@@H]3CCCN(C3)C3CC3)CC2)cc1,4.853871964
COc1ccc(cc1)-c1nnc(o1)C(=O)N1CC(C1)Oc1ccc(CN2CC3(COC3)C2)cc1,4.657577319
O=C(O)CC1CCC2(CC1)CCN(c1ccc(-c3nc4cc(C(F)(F)F)ccc4[nH]3)cn1)CC2,5.26760624
Clc1ccc(CN2CCN(CCN3Cc4ccccc4C3)C2=O)cc1,5.699991797
Cc1noc(C)c1-c1[nH]c2ccccc2c1CCNCc1ccc(\C=C\C(=O)NO)cc1,4.505845406
Clc1cccc(c1)C(=O)N1CC[C@H](NCc2cncn2Cc2ccc(cc2)C#N)C1=O,5.236572006
CC(C)(C)c1cc(NC(=O)c2cnc3cc(Oc4ncnc5c4CNC5)ccn23)no1,5.036212173
Cc1ncoc1-c1nnc(SCCCCN2CC[C@]3(C[C@@H]3c3ccc(C(F)(F)F)cc3)C2)n1C,6.250031916
CNCc1ccccc1Oc1ccc(Cl)c(Cl)c1,5.411168274
O=C(Nc1ccc(OC(F)(F)Cl)cc1)c1cnc(N2CC[C@@H](O)C2)c(-c2cncnc2)c1,5.301029996
O=C(C(c1ccc(cc1)OS(=O)(=O)C(F)(F)F)(F)C)NS(=O)(=O)C,5
COC1COCCC1N(C1CCC(C1)(C(C)C)C(=O)N1CCN(CC1)c1nccc(c1)C(F)(F)F)C,4.769551079
Cc1ncc(C)c(n1)C(=O)N1CCC(CC1)[C@H](N)Cc1cc(F)c(F)cc1F,4.070581074
CN1CCC(COCc2cc(cc(n2)C2CC2)C(F)(F)F)(CC1)c1ccccc1,5.045757491
Cl.Cl.N=C(Nc1ccc2N(CCc2c1)C1CCNCC1)c1cccs1,4.062983893
Fc1cnc2cc(Cl)cnc2c1CCC12CCC(CC1)(CO2)NCc1ccc2OCC(=O)Nc2n1,9
Cc1nc(C)c(s1)-c1nnc(SCCCN2C[C@@H]3C[C@@]3(C2)c2ccc(cc2)C(F)(F)F)n1C,5.93930216
Fc1ccc(cc1)C(=O)Nc1ccc(cc1)-c1nnc(NCCCN2CCCCC2)o1,5
CC(N(C)C)C1(CCCCC1)c1ccc2ccccc2c1,5.397940009
COCCOc1cc2ncc(c(c2cc1N1CCN(CC1)C)Nc1cccc(c1F)Cl)C(=O)N,4.657577319
CN(C)CCC1CCN(CC1)c1cc(C(=O)NC[C@H]2CC[C@H](CNC(=O)OC(C)(C)C)CC2)c2ccccc2n1,4.48148606
CCc1cc(NC(=O)c2ccccc2F)ccc1-c1nnc(NCCCN2CCCCC2)o1,5.399996913
Cc1nc2c3CCN(CCCSc4nnc(-c5cccc6nc(C)ccc56)n4C)CCc3c(Cl)cc2o1,5.801342913
FC(F)Oc1cc(ccc1OC(F)F)[C@@H](C=1C=C[C@@H](NC=1)C(O)(C)C)c1cc[n+]([O-])cc1,4.595166283
Cc1ccc2c(cccc2n1)N1CCN(CCc2cccc-3c2OCc2c(ncn-32)C(=O)N2CCOCC2)CC1,6
CC(C)(C)OC(=O)N1CCC(CC1)C(=O)NCCCNc1nc2ccccc2[nH]1,4.300162274
O=C(NC1CN(C1)C1CCC(CC1)C(=O)N)CNc1nn(c2c1cc(cc2)C(F)(F)F)C,4.494850022
COc1ccc(c2c1onc2N)c1ccc(cc1)NC(=O)Nc1cc(C)ccc1F,4.522878745
Cn1nc(NCC(=O)NC2CN(C2)[C@@H]2CC[C@@H](CC2)C#C)c2cc(ccc12)C(F)(F)F,7
CCc1nc2c(n1[C@@H]1C[C@H]3CC[C@H](C1)N3CC[C@@H](c1ccc(cc1)F)NC(=O)[C@@H]1CC[S@+](CC1)[O-])cccc2,5
Cn1c(CCCCN2CC3[C@@](C2)(C3)c2ccc(cc2)C(F)(F)F)nnc1c1ccc(cc1)OC(F)(F)F,6.886056648
O=C(c1ccc(F)cc1F)N1CCN(c2ccc(OC3CCN(C4CCCC4)CC3)cc2)C(=O)C1.O=CO,4.599999383
CN([C@H]1CC[C@@]2(CCCO2)C[C@@H]1N3CCCC3)C(=O)Cc4ccc(Cl)c(Cl)c4,5.139997578
COc1ccc(cc1)[C@H]1CN(CCCN(C)S(C)(=O)=O)C[C@@H]1CC(=O)Nc1cccc(Cl)c1,5.337242168
Fc1cccc(c1)C1(CCN2[C@@H]3CC[C@@H]2C[C@@H](C3)n2c(C)nc3c2cccc3)CCN(CC1)C(=O)c1cc(ccc1Cl)S(=O)(=O)N,4.522878745
FC(F)Oc1ccccc1CC(N1CCNCC1)c1ccccc1F,5.187086643
Cc1nccn1CC(NC(=O)NC1CCN(Cc2ccn(c2)-c2ccc(cc2)C(F)(F)F)CC1)c1ccccc1,4.500312917
CCCCCCC[N+](C/C=C\Cc1ccc(cc1)Cl)(CC)CC,8.823908741
COC(=O)Cc1ccc(cc1)CNC(=O)[C@@H]1CSCN1C(=O)C[C@@H](Cc1ccccc1F)N,5.013228266
Cc1ccc(-c2cc(S(C)(=O)=O)cc(S(=O)(=O)c3ccc(CN)s3)c2)cc1,5.337242168
COC1COCCC1N[C@@H]1C[C@H]2C[C@@H](C[C@]2(C1)C(=O)N1CCc2ncc(cc2C1)C(F)(F)F)C(N)=O,4.301029996
CCOC(=O)N1CCC(CN2CCC3(CC2)CC(=O)Nc2ncccc23)CC1,5.552841969
O=C(c1ccc(cc1)CNc1nccc(n1)c1ccccc1)Nc1ccccc1N,4.522878745
CC1(CC#Cc2c(Cl)c3c(Cl)cc(C(N)=O)nc3n2[C@H]2CCCNC2)COC1,8.301029996
CN1CCC(c2nc(-c3ccc(F)cc3)c(-c3ccnc(Nc4ccc(N5CCNCC5)cc4)n3)s2)CC1,4.549750892
COc1cc(CCN2CCN(CCc3ccc4C(=O)OCc4c3C)CC2)ccc1C#N,5.677780705
CCOC(=O)Nc1cccc(c1)[C@H](N1CCN(Cc2[nH]cnc2C)CC1)c1ccc(cc1)C(=O)N(C)CC,4.48148606
Cc1cc(N2CCC3(CCN(C[C@H](O)c4ccc5c(c4C)COC5=O)CC3)C2=O)sn1,5.13076828
CN[C@H]1C[C@@H](c2ccc(Cl)c(Cl)c2)c2ccccc2C1,5.278189385
C[C@@H]1CCCN1CCc1ccc2nc(ccc2c1)-c1csc(n1)-c1cc(Cl)nc(Cl)c1,4.690369833
CC(C)(O)[C@H]1CC[C@@H](CC1)Nc1ccn2ncc(-c3cccc(Cl)c3)c2n1,4.522878745
NC1CN(CCC1c1cc(F)c(cc1F)F)c1ccn2c(n1)nnc2,4
CS(=O)(=O)c1ccc2OCC(=O)N(CCN3CCC(CC3)NCc3ccc4OCC(=O)Nc4n3)c2c1,4.294992041
Cn1c(SCCCN2C[C@@H]3[C@](C2)(C3)c2cccc(c2)C(F)(F)F)nnc1c1ocnc1C,5.500312917
NC(=O)c1cn(-c2cccc(Br)c2)c2ncccc2c1=O,4.024568191
O=C(Nc1c(cccc1C)C)[C@@H]1[NH+](CCCC1)CC1CC1,4.698970004
CCn1nc(c2c1ccc(c2)C(F)(F)F)NCC(=O)NC1CN(C1)C1CCC(CC1)C(=O)OCC,5.119186408
OCC(=O)N1CCc2c(C1)sc(n2)c1ccc(cc1)OC1CC(C1)N1CCCCC1,4.522878745
Cc1ncoc1-c1nnc(SCCCN2CC3CC3(C2)c2cccc(c2F)C(F)(F)F)n1C,5.563312699
C[C@H]1OC(=O)[C@]2(CCC(N)=O)CC(F)(F)[C@@H](C)[C@H](\C=C\c3ccc(cn3)-c3ccccc3C#N)[C@H]12,4.841637508
Nc1nc(N2CCC(N(CCc3ccc(Cl)cc3)Cc3cccc(O)c3)CC2)n[nH]1,6.823908741
NC1=NC2(CO1)c1cc(NC(=O)c3ncc(cc3Cl)C#N)ccc1OCC21CC1,5
NC(=O)c1ccc(N[C@H]2CCCNC2)c2cc(-c3cccc(F)c3)[nH]c12,5.113509275
CC(C)OC[C@H](Oc1ncnc2c1cnn2-c1ncccc1Cl)C(=O)Nc1ccc(Cl)cn1,4.200000237
CC(C)(O)C(N1CCOCC1)c1ccccc1,4.22184875
CCS(=O)(=O)C[C@@H]1C[C@@H](CC[C@@H]1N1CC[C@H](NC(=O)c2cccc(c2)C(F)(F)F)C1=O)N(C)C(C)C,4.096910013
Cn1cnc(-c2cnc(OC3CCN(C(=O)Cc4ccc(OC(F)(F)F)cc4)CC3)c(C(N)=O)c2)c1,5.346787486
C[C@H]1Cc2c(ncnc2Oc2ccc3c(ccn3C(=O)Nc3cccc(C(F)(F)F)c3)c2)CN1,4.970616222
OCc1cc(ccc1O)C(CNCCCCCCOCCCCc1ccccc1)O,5.366531544
O=C1Nc2ncccc2C2(O1)CCN(CC2)C(=O)N[C@@H]1CC[C@H](Cn2c1ncc2C1(C)CCCO1)c1cccc(c1F)F,5.443697499
COc1ccc2C(N(Cc3ccccc3-c3ccccc3)C(=O)c2c1)C(=O)NC(C)(C)C,4.522878745
OCCNC(=O)c1ccccc1Oc1ncc(Cl)cc1NS(=O)(=O)c1ccc(Cl)c(Cl)c1,4.199970641
c1ccc(cc1)CCN1CCC(CC1)Cc1ccccc1,7.102372909
ONC(=O)\C=C\c1ccc2CN(Cc2c1)C(=O)c1cccnc1,4.522878745
CCCCCCCN(CC)C/C=C/Cc1ccc(Cl)cc1,8.301029996
CCOc1ccc(cc1)NS(=O)(=O)c1ccc(c(c1)C(=O)N1CCO[C@@H](C1)c1ccc(cc1)F)C,4.522878745
COc1cc2c(cc1Nc1ncc(Cl)c(Nc3ccccc3S(=O)(=O)C(C)C)n1)CCC(N)C2(C)C,4.356547324
NC1CC1COc1ccc2ncc(F)c(CCC34CCC(CC3)(CO4)NCc3ccc4OCC(=O)Nc4n3)c2n1,6.698970004
CN(Cc1ccc(cc1)-c1ccccc1)C(=O)N1CCC[C@H]1CN1CCCC1,5.288066296
COc1ccc(cn1)[C@@H]1CC[C@@H](CC1)N1CC(C1)NC(=O)CNc1nn(C)c2ccc(cc12)C(F)(F)F,4.920818754
CCOC(=O)c1cccc(n1)[C@]1(N[C@H](Cc2c1[nH]c1ccccc21)c1nc(c[nH]1)-c1ccc(F)cc1)c1cnn(C)c1,6.22184875
Cc1c(cc(-c2ccccn2)n1C)C(=O)NCCCN1CCN(CC1)c1cccc(Cl)c1Cl,5.769551079
CNC(=O)CN1CCC(n2nc(C)c(Nc3ncc(Cl)c(-c4cnn5ccccc45)n3)c2C)CC1,4.920818754
C(c1ccccc1)C1(CCNC1)c1ccc2[nH]ccc2c1,5.045757491
COc1cc(ccc1-n1cnc(C)c1)-c1cn(CC(=O)N(CC(F)(F)F)c2ccc3CCCc3c2)nn1,5.826813732
CCN1CCN(c2ccc(/C(=C(/CCCO)c3ccccc3)c3ccc(C)cc3)cc2)CC1.Cl.Cl,4.769551079
CC(C)Oc1cc(Oc2ccc(C(=O)N3CCC3)cc2)cc(C(=O)Nc2ccn(C)n2)c1,4.568636236
CC(C)(O)[C@H]1CC[C@@H](CC1)Nc1ccc2ncc(-c3cccc(Cl)c3)n2n1,4.522878745
Fc1ccc(-c2c[nH]c([C@H]3Cc4c([nH]c5ccccc45)[C@@H](C4CCOCC4)N3)n2)cc1,6.42365865
O=C1CCCN1C1CCN(CCOc2ccc(Oc3nc4ncccc4s3)cc2)CC1,5.602059991
COC(=O)c1ccc(COc2ccc3nc(N)sc3c2)cc1,5
NC(=O)C(c1ccccc1)(c1ccc(F)cc1)c1ccc(F)cc1,6
CCOC(=O)c1ccnc(c1)[C@]1(N[C@H](Cc2c1[nH]c1ccccc21)c1nc(c[nH]1)-c1ccc(F)cc1)c1cnn(C)c1,5.920818754
C(C1CC1)N1CC2CN(CC3CC3)CC(C1)C21CCCC1,5.602059991
Clc1cccc(c1)N1CCN(CCN2[C@H]3CC[C@@H]2CCC3)C1=O,5.799998135
COc1cc(ccc1-n1cnc(C)c1)-c1cn(CC(=O)N(Cc2ccccc2)Cc2ccccc2)nn1,6.060480747
ClC=1C=NNC(=O)C=1NCCC[NH+](CCc1cc(OC)c(OC)cc1)C,5.180456064
FC(F)(F)c1cnc2CCN(Cc2c1)C(=O)[C@@]12CCC[C@@H]1C[C@H](C2)NC1CCOCC1,4.590066877
CN(O)C(=O)c1cc2c(CN3CCC[C@H]3C(N)=O)cn(Cc3ccc(F)cc3)c2cn1,4.522878745
OC(=O)CCCCOc1ccc2ncc(F)c(CCC34CCC(CC3)(CO4)NCc3ccc4OCC(=O)Nc4n3)c2n1,4.361510743
OC[C@@H](NC(=O)NC1CCN(Cc2ccn(c2)-c2ccc(cc2)C(F)(F)F)CC1)c1ccccc1,4.621602099
NCc1ccc(C(=O)N2C[C@@H](n3cc(C4CC4)nn3)C[C@H]2C(=O)NCC(c2ccccc2)c2ccccc2)cc1,6.301029996
CCc1sc(CCc2cc(cc(NC(C)c3cc(Cl)cc(NC(=O)OC(C)C)c3)n2)N2CCOCC2)nc1C,9
CCCC(=O)N1CCc2c(C1)nc(C)n2[C@@H]1C[C@@H]2CC[C@H](C1)N2CC[C@H](NC(C)=O)c1cccc(F)c1,5.22184875
NC1CCCN(C1)c1ccccc1/C=C\1/SC(=O)NC1=O,4.522878745
CN1CCC(COCc2cc(cc(n2)C#N)C(F)(F)F)(CC1)c1ccccc1,4.48148606
C[C@H](O)C(=O)NC1CC(C)(C)Oc2nc(-c3ccc(Cl)cc3Cl)c(cc12)-c1ccc(Cl)cc1,6.698970004
Fc1cccc(COc2ccn(-c3ccc(OCCN4CCCC4)cc3)c(=O)c2)c1,9
Cc1cccc2CCCN(C(=O)CSc3ccc(Cl)cn3)c12,5.301029996
Cc1ncccc1Oc1ncc(Cl)cc1NS(=O)(=O)c1ccc(Cl)c(Cl)c1,4.500312917
CC(=O)OCC(=O)[C@H]1CC[C@H]2[C@@H]3CCC4=CC(=O)CC[C@]4(C)[C@H]3CC[C@]12C,4.749999856
CCOc1cc2ncc(c(c2cc1N1CCN(CC1)C)Nc1cc(F)ccc1F)C(=O)N,4.585026652
CCC1OC(=O)C(C)C(OC2CC(C)(OC)C(O)C(C)O2)C(C)C(OC2OC(C)CC(C2O)N(C)C)C(C)(O)CC(C)\C(=N\OCOCCOC)C(C)C(O)C1(C)O,4.440093375
CCCCc1cc(OC2CCN(CCCCNS(=O)(=O)C3CCCCC3)CC2)c2ncccc2c1.Cl.Cl,7.739928612
C[C@@H]1CN(CC(=O)N2CC(C)(C)c3nc(CO)c(Cc4ccc(F)cc4)cc32)[C@@H](CN2CCOC[C@H]2C)CN1,4.161150909
Clc1ccc(cc1)C(=O)C1CC[N+](CC1)(C)CCc1ccccc1,7.031517051
N#Cc1c2n(C)c(=O)n(c(=O)c2n(c1N1CCCC(C1)N)CC=C(C)C)Cc1nc(C)c2c(n1)cccc2,5.173925197
COc1ccc(cn1)-c1cc2sc(nc2cn1)N1CCC(CC1)N1CCCCC1,5.958607315
CC1(Cn2nc(-c3ccc4cc(OC5CC5)ccc4c3)c3c(N)ncnc32)COC1,5.721246399
CC(c1nc(-c2ccc(S(C)(=O)=O)cc2Cl)no1)[C@H](N)C(F)=C1CCCC1.O=C(O)C(F)(F)F,4.721246399
O[C@]1(CC[C@@H](CC1)N1CC(C1)NC(=O)CNC(=O)c1cccc(c1)C(F)(F)F)c1cncnc1,4.358525889
CCOCC1(COCC)N[C@H](Cc2c1[nH]c1ccccc21)c1nc(c[nH]1)-c1ccccc1,6.754487332
O=C1OCCN1CCNc1nonc1/C(=N/O)Nc1ccc(F)c(Br)c1,4.506960412
O=c1[nH]c2ccccc2n1C1CCN(CC1)C1CCCCC1,4.199970641
OCc1cc(Cl)ccc1NC(=O)NC1CCN(Cc2ccn(c2)-c2ccc(cc2)C(F)(F)F)CC1,5.48148606
Cl.O=C(CCc1ccccc1)c1cc(F)ccc1OCC(O)CN1CCN(C(c2ccccc2)c2ccccc2)CC1,5.315154638
CC(C1(CCC(C1)NC1CCOCC1)C(=O)N1CCN(CC1)c1nccc(c1)C(F)(F)F)C,6.522878745
ONC(=O)CCCCCCC(=O)Nc1ccc2ccnc(Nc3ccc(Br)cc3F)c2c1,4.397940009
NC(=O)c1cnc2[nH]ccc2c1NC1CCN(CC1)c1ccc(cn1)C#N,4.872895202
CC(C)(C)CCN1CCC(CNC(=O)c2cccc(Cl)c2)CC1,5.318758763
OCCN1CCN(CC1)CCCN1c2ccccc2Sc2c1cc(Cl)cc2,6
Fc1ccc(nc1)-c1c[nH]c(n1)[C@H]1Cc2c([nH]c3ccccc23)C(N1)C1CCCCC1,6.769551079
Cc1ccn(-c2cccc([C@H](CC(=O)O)CN3CC[C@@H](CCc4ccc5c(n4)NCCC5)C3)c2)n1,4.400000186
CCOC(=O)Nc1cccc(c1)[C@H](N1CCN(Cc2cnc(C)[nH]2)CC1)c1ccc(cc1)C(=O)N(C)CC,4.48148606
Fc1cccc(c1F)CN1CCN(CC1)c1ccc2n(n1)c(nn2)C(F)(F)F,4
CCn1c(nc2ccccc2c1=O)-c1ccc(OCCCN2CCCCC2)cc1,5.769551079
CC(C)N(C)[C@@H]1CC[C@H](NC(=O)CNC(=O)c2cccc(c2)C(F)(F)F)[C@H](CCc2ccccc2)C1,5.795880017
O=C(c1cccc(c1)S(=O)(=O)N(C)C)N1CCC(CC1)(CCN1[C@@H]2CC[C@@H]1C[C@@H](C2)n1c(C)nc2c1cccc2)c1ccccc1,5.698970004
O=C(NC1CN(C1)C1CC[C@](CC1)(O)c1nccs1)CNc1nn(c2c1cc(cc2)C(F)(F)F)C(=O)N,4.508638306
N#C[C@H]1CCOC[C@@H]1n1cc(C(N)=O)c(Nc2ccc(Cl)cc2)n1,4.397940009
ONC(=O)C=Cc1ccc2c(c1)CN(C2)S(=O)(=O)c1cccc(c1)OC,4.522878745
CCN1CCN(CC1)c1cc2[nH]c(S[C@@]3(C)CC[C@@H](CC3)C(=O)NC)nc2cc1Cl,5
FC(F)(F)c1cc(Cl)cc(COCC2(CCNCC2)c2ccccc2)c1,5.142667504
NC(=O)c1ccccc1O[C@@H]1C[C@@H]2CC[C@H](C1)N2Cc1ccccc1,6.522878745
O=C(C1SCCN1S(=O)(=O)c1ccccc1F)NC1C2CC3CC1CC(C2)(C3)C(=O)N,4
COc1ccc(Cl)cc1-c1ccnc(Nc2ccc(N3CCOCC3)c(OC)c2)c1,4.698970004
CC1CCCN1CCc1ccc(cc1)c1ccc(cc1)S(=O)(=O)N1CCOCC1,5.431798276
CCOC(=O)N1CCC(CN2CCC3(CN(C(N)=O)c4ncccc34)CC2)CC1,6.721246399
COc1ccc(S(=O)(=O)NCCc2cn(CC(=O)Nc3ccc(Cl)cc3)c3ccccc23)cc1,4.939679971
Fc1ccc2c(noc2c1)C1CCN(CCCOc2ccc(cc2)-c2nc3ccccc3o2)CC1,5.424812155
CCOC(=O)C(CC12CCC(NCc3ccc4c(n3)NC(=O)CO4)(CC1)CO2)c1c(F)cnc2ccc(OC)nc12,5.075720714
C[C@@H]1CC[C@H](Nc2ncc(C(N)=O)c3sc(-c4ccccc4)cc23)CN1,5.610833916
COc1cc(F)ccc1-c1cncc(c1)C1CCCN1,5.065501549
COC1COCCC1N[C@@H]1C[C@H]2C[C@@H](F)C[C@]2(C1)C(=O)N1CCc2ncc(cc2C1)C(F)(F)F,4.301029996
N#Cc1ccc2nn(CCCCN3CCN(c4cccc5sccc45)CC3)c(=O)n2c1,5.978810701
CN(C)C(=O)N[C@@H]1CC[C@H](CCN2[C@H]3CC[C@@H]2C[C@@H](C3)Oc2cccc(c2)C(N)=O)CC1,4.48148606
Cn1cnc(-c2cnc(N)c(O[C@H]3CN(C(=O)Cc4ccc(OC(F)(F)F)cc4)CC3(F)F)c2)c1,4.958607315
O[C@@]1(CC23CCC(CC2)(CO3)NC\C=C\c2ccc(F)cc2)Cn2c3c1c(F)cnc3ccc2=O,7.193820026
Cc1ncc(cn1)-c1ccccc1CCNC(=O)c1ccc(OCCC(F)(F)F)nc1,4.900001867
NCc1c(C)nc2c(c1c1ccc(cc1Cl)Cl)CN(C2=O)c1ccc(cc1)C#N,6
O=C(N1CCC(CC1)CNc1ncccn1)OC1Cc2c(C1)cccc2,5.214670165
CNC(=O)c1cc(ccc1OC(F)F)c1ccc2c(n1)nc(nc2N1CCOC[C@H]1C)N1CCOC[C@H]1C,4.616184634
N#Cc1cnc(s1)Nc1ncnc(c1)N,5
FC(F)(F)c1ccc2[nH]nc(NCC(=O)NC3CN(C3)[C@H]3CC[C@H](CC3)c3ccccc3)c2c1,5.920818754
CNC(=O)c1c(-c2ccc(F)cc2)oc2ccc(-c3cc(C(=O)NC4(c5ccccn5)CC4)ccc3C)cc12,5.236572006
CCN1C[C@H](CC1=O)N(Cc1cc(F)ccc1Cl)c1ccc(C#N)c(Cl)c1,5.508638306
COc1cc(ccc1NS(=O)(=O)c1ccc(cc1)C(C)C)[C@@]12C[C@@H]1CNC2,5.900008766
COc1cc(ncn1)N1C(=O)N(C(=O)C11CCN(Cc2ncccc2C)CC1)c1ccc(cc1)-c1ccc(C(O)=O)c(C)c1,4.638272164
N#Cc1c(N2CCCC(C2)N)n(c2c1n(C)c(=O)n(c2=O)Cc1nccc2c1cccc2)CC=C(C)C,5.045757491
COc1ccc(-c2cc(=O)c3ccccc3o2)cc1,4.659555885
Nc1ccc2c(c1)cc1c(c2)cccc1,4
CC(=O)[C@H]1CC[C@H]2[C@@H]3C=CC4=CC(=O)CC[C@@]4(C)[C@@H]3CC[C@]12C,4.660000322
CNC(=O)[C@@H]1CC[C@H](c2ccc(OCc3ccccc3F)cc2)N1,4.599999383
Cc1nc2ccccc2c(=O)n1-c1ccc(OC2CCCN(CC2)C2CCC2)cc1,5.13667714
Cc1ccc2c(cccc2n1)-c1nnc(SCCCN2CCc3nc4ccccn4c3CC2)n1C,5.602059991
Clc1ccc2c(c1)ncnc2N1CCC(CC1)CCNS(=O)(=O)N,5.468521083
CC1(C)CCN1Cc1cccc(F)c1CNc1cc(F)c(S(=O)(=O)Nc2cscn2)c(F)c1,4.653647026
NC(=O)c1cccc(c1)OC1CC2CCC(C1)N2Cc1ccncc1,5.823908741
COc1cnc2c(cn(Cc3ncnc(N(C)C)c3C)c2c1)C(=O)NCCO,4.48148606
Cc1[nH]nc(Nc2ccnc3ccc(S(=O)(=O)C(C)(C)C)cc23)c1C,4.809668302
CN(C)CCCC(NC(=O)C1(N)CCN(CC1)c1ncnc2[nH]ccc12)c1ccc(Cl)cc1,4
Fc1cccc(c1)C1(CCN2[C@@H]3CC[C@@H]2C[C@@H](C3)n2c(C)nc3c2cccc3)CCN(CC1)C(=O)c1cc(NS(=O)(=O)C)c(cc1F)F,4
COC[C@H](Oc1ncnc2c1cnn2-c1ccccc1Cl)C(=O)Nc1ccc(C)cn1,4.300000202
CC1(C)N(CCn2c(Nc3ccc(F)c(F)c3)c(nc12)-c1ccc(F)cc1)C(=O)CN,4.522878745
CCO[C@H]1COCC[C@H]1N[C@@H]1CC[C@](C1)(C(C)C)C(=O)N1CCN(CC1)c1cc(ccn1)C(F)(F)F,5.187086643
CC1(C)CC(NC(=O)CCO)c2cc(-c3ccc(Cl)cc3)c(nc2O1)-c1ccc(Cl)cc1Cl,6.420216403
Brc1ccc2OCC(=O)N(CCN3CCC(CC3)NCc3ccc4OCC(=O)Nc4n3)c2c1,5.552841969
COc1ccc(cn1)-c1cc(cnc1N)-c1ccc(cc1)C(=O)N1CCOCC1,4.958607315
CC(C)Oc1cc(n[nH]1)-n1cnc2cnc(N[C@@H](C)c3ncc(F)cn3)nc12,4.494850022
Nc1cccnc1[C@@H]1CC[C@@H](CC1)N1CC(C1)NC(=O)CNc1ncnc2ccc(cc12)C(F)(F)F,5.080921908
COc1cnc(cn1)-c1ccccc1C(F)(F)CNC(=O)c1ccc(COCC(F)(F)F)nc1,4.600326279
CN1CCCC(C1)c1nc2c(n1Cc1ccc(cc1)F)cccc2,6.142667504
CCc1nn2c(C)cc(C)nc2c1Cc1ccc(CCC(=O)N2CCNCC2)cc1,4.638272164
N[C@H]1CCCN(c2ccncc2Nc2ncc3ccc(-c4ncccc4F)nn23)C1,5.552841969
COc1ccc(cc1)C1CN(CC1CCc1[nH]c2c(n1)ccc(c2)Cl)CCc1ccc(c(c1)OC)OC,7.795880017
Fc1ccc(cc1)CNC(=O)c1nc2n(c(=O)c1O)CCC[C@@H]2N(S(=O)(=O)N(C)C)C,4.698970004
CCOc1ccc(CCN2[C@H](CN(NS(C)(=O)=O)C2=O)c2ccc(OC)cc2)cc1,4.913640169
CC(C)N1CCC[C@H](Cn2c(C)nc3cnc(Oc4ccc(F)cc4)cc3c2=O)C1,5.886056648
COc1ncc(cn1)c1cccc2c1CC(CO2)NC(=O)c1ccc(nc1)COCC(F)(F)F,4.801342913
ONC(=O)\C=C\c1ccc(CNCCc2c([nH]c3ccccc23)-c2ccccc2)cc1,5.829738285
N[C@@]1(CC[C@@H](CC1)N1CC(C1)NC(=O)CNC(=O)c1cccc(c1)C(F)(F)F)c1ccccc1,5.207608311
Fc1ccc(cc1)C1(CNC(=N1)c1cnccn1)c1ccc(F)cc1,5.468521083
CCCc1nc2ccccc2c(=O)n1-c1ccc(OCCCN2CCCC2)cc1,5.552841969
COC(=O)C1(CNC(=O)c2cc(Cl)cc(Cl)c2)CCN(Cc2ccccc2C(F)(F)F)CC1,6.337242168
O[C@@]1(CC23CCC(CC2)(CO3)NCc2ncc3OCC(=O)Nc3n2)Cn2c3c1c(F)cnc3ccc2=O,4.522878745
Cc1ccc(CCc2cccc(CCc3ccc(C)cc3)[n+]2C)cc1,9
O=C([C@H](Oc1cccc2c1c(ncn2)Nc1ccc(c(c1)C)OCc1cnccc1C)C)N(C)C,5.096910013
S(=O)(=O)(NCc1ccc(cc1)CC(=O)N([C@@H](CN1C[C@H](O)CC1)c1ccccc1)C)C,5
CCn1cc(cc(C)c1=O)[C@@]1(N=C(N)c2c1cccc2F)c1cccc(c1)-c1cncc(c1)C#CC,5.552841969
Fc1cnc2ccc(OCC(F)(F)F)nc2c1CCC12CCC(CC1)(CO2)NCc1ccc2OCC(=O)Nc2n1,5.958607315
Cc1nc2cc(-n3ncc(C(=O)c4cc5ccc(CN6CCC(F)(F)CC6)cc5[nH]4)c3N)ccc2[nH]1,5.065501549
COc1cccc2c1OC(C(C)S2(=O)=O)c1ccc(OCCCN2CCCCC2)cc1,5.318758763
CN1CCCCC1COc1ccc(cc1)-n1ccc(OCc2ccccc2)cc1=O,9
C(Oc1ccccc1)C#Cc1cc(cs1)-c1[nH]nc-2c1Cc1cc(CN3CCSC3)ccc-21,5
COc1nc2c(CCC34CCC(CC3)(CO4)NCc3ccc4OCC(=O)Nc4n3)c(F)cnc2cc1C(F)(F)F,9
COc1cc2ccc(Br)cc2cc1[C@@H](c1ccccc1)[C@@](O)(CCN(C)C)c1cccc2c1CCC2,5.420216403
COC(=O)N1CC(C(C1)C(=O)Nc1ccc(cn1)Cl)C(=O)Nc1ccc(cc1F)n1ccccc1=O,5
Clc1ccc(OC)c(c1)C(=O)NCCc1ccc([S+2]([O-])([O-])[N-]C(=O)NC2CCCCC2)cc1,4.130006
CCc1ccc2oc(nc2n1)N1CCN2CCC1CC2,4.568636236
O=C1NC(=O)NC(=O)C1([C@@H](CCC)C)CC,3.880018693
OCCN1CCN(C(C1)C)c1cc2[nH]c(nc2cc1Cl)SC(C)(C)C,5.795880017
C[C@@H]1CCCN1CCc1ccc2nc(ccc2c1)-c1ccc(cc1)C#N,5.494850022
CC(=O)NCCc1ccccc1c1ccc(c(c1)Cl)[C@H]1CNCC[C@H]1c1ccn(c(=O)c1)C,5.236572006
FC(F)(F)c1cc(Nc2ccncc2)nc(NCc2ccc3OCOc3c2)n1,3.869666232
S1[C@H](NC=C1[C@@H](c1cc(OC(C)(C)C)c(OC(F)F)cc1)c1cc[n+]([O-])cc1)C(O)(C(F)(F)F)C(F)(F)F,4.211831629
CCCCn1nc(c2c1ccc(c2)C(F)(F)F)NCC(=O)NC1CN(C1)C1CCC(CC1)C(=O)OCC,5.853871964
CSc1ncc(s1)[C@]1(O)CC[C@@H](CC1)N1CC(C1)NC(=O)CNC(=O)c1cccc(c1)C(F)(F)F,5.22184875
CC(=O)c1nn(-c2ccc(C)cc2)\c(=N\c2nc(cc(-c3ccccc3)c2C#N)-c2ccccc2)s1,4.542118103
CN1CCC[C@@H]1Cn1nc(Cc2ccc(Cl)cc2)c2ccccc2c1=O,6.7000571
O[C@]1(CC[C@@H](CC1)N[C@H]1CCN(C1)C(=O)CNC(=O)c1cccc(c1)C(F)(F)F)c1ccc(cn1)-c1ccncc1,4.886056648
O(CC[NH+](C)C)c1ccc(cc1)\C(=C(/CC)\c1ccccc1)\c1ccccc1,5.801342913
COc1ccccc1-c1nc2c(C(=O)N[C@H]3C[C@@H]4CCC[C@H](C3)N4C)cccc2o1,6.397940009
Cc1ccc(N2CCN(CC(O)COc3ccccc3C(=O)CCc3ccccc3)CC2)cc1.Cl,5.36552273
COc1ccc(NC(=O)N2CCN(c3nc(N)nc4sc(-c5ccccc5)nc34)CC2)cc1,5.769551079
Cc1ccc([C@@H]2CN(C(=O)[C@H]3CC[C@H](CN)CC3)C[C@H]2c2ccc(C#N)cc2)cc1,4.91721463
CCOc1cc(CN2CCC3(CC2)NC(=O)NC3=O)cc(OCC)c1-c1ccc(F)cc1,4.602059991
C[C@@H]1CN(CC2(CC2)c2ccc(cc2)C(N)=O)CCN1S(=O)(=O)c1ccc(cc1)C(C)(O)C(F)(F)F,5.193820026
Cn1cnc(c1)C(=O)N(C1CC2C(C1)CNC2)Cc1cccc(c1)OC(F)(F)F,4.879426069
CCOC[C@@H](CC(C)C)NC(=O)[C@@H]1CNC[C@@H]([C@@H]1O)C(=O)N(C1CC1)c1ccc(cn1)C(C)C,4.522878745
Cc1ncoc1-c1nnc(SCCN2CC[C@@]3(C[C@@H]3c3ccc(C(F)(F)F)cc3)C2)n1C,6.86998805
CCN1CCN(Cc2cnc(-c3ccc(C(=O)Nc4ccccc4N)cc3)c(Cl)c2)CC1,5.080921908
O=C(N1CCC2(CCN(Cc3cccc4CCOc34)CC2)CC1)c1ccncc1,5.110138279
FC(F)(F)c1ccc2ncnc(NCC(=O)NC3CN(C3)[C@H]3CC[C@H](CC3)c3ccccc3)c2c1,5.283996656
CN1C[C@H](CC1=O)N(Cc1ccccc1F)c1ccc(C#N)c(Cl)c1,5.187086643
CCS(=O)(=O)c1ncc2c(c1)cc([nH]2)CC(C(F)(F)F)(CC(c1ccc(cc1C(=O)N)F)(C)C)O,4.522878745
COc1ccc(cc1)-c1nnc(o1)C(=O)N1CC(C1)Oc1ccc(CN(C)CC2(C)COC2)cc1,4.795880017
N#Cc1ccc(O[C@@H]2[C@H]3[C@@H]4C[C@@H](CC4=O)[C@H]3C[C@H]2N2CCC[C@@H](N)C2)cc1,4.769551079
O=C(C1CCS(=O)(=O)CC1)N[C@H](c1ccc(cc1)F)CCN1[C@@H]2CC[C@@H]1C[C@@H](C2)n1c(C)nc2c1cncc2,5
FC1CN(CCC1CNC(=O)c1cc(Cl)cc(c1)Cl)CCC(C)(C)C,5.619788758
OC(=O)c1ccc(CN2CCC(CN3CCC(CC3)Oc3ccc(Cl)c(Cl)c3)CC2)cc1,4.500312917
Fc1ccc2c(c1)oc(cc2=O)C(=O)NC1CCN(CC1)C1CCc2c1cc1oc(=O)[nH]c1c2,4.602059991
F[C@H]1CN(CCn2c3cc(Oc4ccon4)cnc3ccc2=O)CC[C@H]1NCc1ccc2OCC(=O)Nc2n1,4
Nc1ncnc2c1ncn2[C@@H]3O[C@@H]4COP(=O)([O-])O[C@H]4[C@H]3O,5.080001969
CN(CCN1CCCCc2c1ccc(c2)NC(=N)c1cccs1)C,4.522878745
FC(F)(F)c1ccc(CNC(=O)C2N(CCc3ccccn3)C(=O)c3ccccc23)cc1,5.065501549
CC(CC#N)N1C(C(=O)NCc2ccc(OC(F)(F)F)cc2)c2ccccc2C1=O,4.508638306
Fc1ccc(cc1)C(c1ccc(cc1)F)N1CCN(CC1)C/C=C/c1ccccc1,8.244125144
CCN(C(=O)C1CN(C(=O)Nc2ccccc2)C2C(=C1)c1cccc3c1c(C2)c[nH]3)CC,4.522878745
C[S+]([O-])c1ccc(-c2ccc3ncc(-c4ccc(S(C)(=O)=O)cc4)n3n2)cc1,4.747146969
O(CC[N+](C)C)c1ccc(cc1)/C(/c1ccccc1)=C(\CC)/c1ccccc1,5.801342913
O=C(NC1(CC1)C#N)[C@@H]1CCCC[C@H]1C(=O)N1CCN(CC1)c1nc2ncccc2s1,4
FC(F)(F)c1ccc(cc1)-n1ccc(CN2CCC(CC2)NC(=O)NC(Cn2cncn2)c2ccccc2)c1,4.500312917
Cc1cc(=O)oc2c(C)c(OCCCCN3CCC(c4noc5cc(F)ccc45)CC3)ccc12,6.645891561
O=c1c(O)c(-c2cccc(O)c2)oc2ccc(O)cc12,4.003050752
Clc1ccc(cc1Cl)[C@@H]1CNCC=CC1,4.677780705
COC[C@H](C)Oc1cc(Oc2ccc(S(C)(=O)=O)cc2)cc(C(=O)Nc2nc(C)ns2)c1,5.124938737
Clc1ccc(cc1)C(NC(=O)C1(N)CCCN(C1)c1ncnc2c1cc[nH]2)CCN1CCCC1,4.677780705
CC[C@@]1(c2cccc(NS(C)(=O)=O)c2)[C@H]2CN(CC3(O)Cc4ccccc4C3)C[C@H]21,5.795880017
COc1ccc(cc1)C1CN(CC1CC(=O)Nc1cccc(c1)Cl)CCCN(S(=O)(=O)c1ccccc1)C,6.853871964
CNc1cc(Nc2cnc(C#N)c(O[C@H](C)CN(C)C)n2)ncc1Cl,6
Nc1ccc(cn1)-c1cc2sc(nc2cn1)N1CCC(CC1)N1CCCCC1,3.721246399
Fc1cc2c(cc1N1CCNCC1)n1C(C)Sc1c(c2=O)C(=O)O,3.522878745
CC(C)N1C[C@H](NS(=O)(=O)C(C)C)[C@H](C1)c1ccc(cc1)-c1cccc(NS(C)(=O)=O)c1,5.200659451
NC1=NC2(CO1)c1cc(ccc1OCC21CCC1)-c1cncnc1,5.27572413
CCC(CC)CNc1c(C(N)=O)cnc2ccc(-c3cncnc3)cc12,6.119186408
O=C1OCc2c1ccc(CCN1CCN(C(=O)Cc3ccc(-n4cnnn4)cc3)CC1)c2C1CC1,4.920818754
COC(=O)N1CCC(CN2CC[C@H](NC(=O)c3cc(Cl)c(N)cc3OC)[C@H](OC)C2)CC1,5
Cc1cc2nc(\C=C\c3cccs3)n(Cc3ccc(Cl)cc3)c2cc1C,5
Brc1ccc2c(c1)c1CCCC(c1[nH]2)NC(c1ccccc1)C,5.769551079
CN(C)C(=O)CNCCc1cccc(OCCCC(F)(F)F)c1.Cl,4.744727495
O=C(c1cc(Cl)c(O)cc1OC[C@@H](O)CN1CCC2(CC1)Cc1cc(Cl)ccc1O2)N1CC[C@H](O)C1,5.080921908
COc1cc(N(C)CCN(C)C)c(NC(=O)C=C)cc1Nc1ncc(Cl)c(n1)-c1cn(C)c2ccccc12,5.13076828
Cn1nccc1-c1cc(NC(=O)c2cccc(c2)C(F)(F)F)ccc1OCCN1CCOCC1,6.045757491
CCCCCCC#Cc1cccc(C#CCCCCCC)[n+]1C,5.701146924
Cc1cnc(cn1)N1CCC(CC1)C1CCN(CC1)c1cc(C)nc(n1)C#N,4.974694135
O=C(c1cccc(F)c1)N1CCc2oc(-c3ccc(F)cn3)nc2C1,4.13076828
N[C@H]1COC[C@@H]1Oc1ccc2ncc(F)c(CCC34CCC(CC3)(CO4)NCc3ccc4OCC(=O)Nc4n3)c2n1,5.552841969
OC(=O)c1cccc(c1)N1CCC(CN2CCC(CC2)Oc2ccc(Cl)c(Cl)c2)CC1,4.500312917
O=C(N(C1CNCC1)Cc1ccccc1c1ccccc1)C(C)C,5.519993057
COc1cc(ccc1Nc1ncc(Cl)c(n1)-c1cnc2ccccn12)C1CCN(CC1)C(C)=O,4.920818754
CN(CCNC(=O)c1ccc(cn1)C1(CCCO1)c1ccc(cc1)OCc1ccccn1)C,4.494850022
NC(=O)c1ccnc(O[C@@H]2C[C@@H]3CC[C@H](C2)N3Cc2ccccc2)c1,6
COc1ccc2c(c1)c(ccn2)C(CCC1CCN(CC1C(=O)O)CCSc1ccco1)O,5
CCNC(=O)c1ccc(s1)C(=O)NCCC1CCN(CC1)c1ncnc2cc(sc12)C(N)=O,4.301029996
CCN1CCN(CC1)c1cc2[nH]c(nc2cc1Cl)C(=O)[C@@]1(C)CC[C@@H](CC1)NC(=O)OC,5.30980392
Fc1ccc(c(c1)C1CN(CC1N)c1ccc(cn1)n1ccc(cc1=O)OCc1ccccc1)F,5.055517328
COc1ccc(c2c1onc2N)c1ccc(cc1)NC(=O)Nc1cccc(c1)C(F)(F)F,4.522878745
CSc1nn(-c2ccccc2)c2cc(NC(=O)C3CCNCC3)ccc12,5.091514981
Cl.FCCOc1ccccc1CCC1CCN(CCc2ccccc2Cl)CC1,6.161150909
Cc1cc(Nc2nccc(-c3sc(C4CCNCC4)nc3-c3ccc(F)cc3)n2)cc(C)n1,5.823908741
NC(=O)[C@@H]1CC[C@H](c2ccc(Oc3cccc(F)c3)cc2)N1,5.099999035
O[C@H]1CCCC[C@@H]1NC(=O)c1cc(CN2CCN(CC2)c2ccc(cc2)C#N)c2ccccn2c1=O,6.408935393
COc1cc(C=Cc2nc(N)c3c(n2)cccc3)ccc1n1cnc(c1)C,6.853871964
CCN1C(=O)Nc2cc(Cl)c(Cl)cc12,5.170001911
O=C(NC1CN(CC1O)C1CCC(CC1)c1ccccc1)CNC(=O)c1cccc(c1)C(F)(F)F,6
Cl.NC[C@H]1C[C@@H]1c1cc(Cl)ccc1OCC(F)=C,5.400116928
Fc1ccccc1-c1c[nH]c([C@H]2Cc3c([nH]c4ccccc34)[C@@H](C3CCOCC3)N2)n1,6.305394801
OC(=O)CC(NC(=O)NC1CCN(Cc2ccn(c2)-c2ccc(cc2)C(F)(F)F)CC1)c1ccccc1,4.500312917
CCc1c(C2CCN(CC2)CCCSc2ccc(cc2)F)c2c(n1CC(=O)O)cc(cc2)F,7.397940009
CCc1cc(N2CCN(CCc3ccc(OCCCN4CCCCCC4)cc3)CC2)c2nc(CCC(=O)O)ccc2c1,4.300000202
CC1CCN(CCCOc2ccc(cc2)-n2c(C)nc3ccccc3c2=O)C1,5.193820026
CC(C)NC(=O)c1cn(-c2cccc(c2)-c2ccc(cc2)C(C)=O)c2ncccc2c1=O,5.050609993
FC(F)(F)Oc1cccc(c1)-c1cnc2ccc(NCC3CCS(=O)(=O)CC3)nn12,5
Cc1c(CNC2CCCC2)nn(c1-c1ccc(Cl)nc1)-c1ncccc1Cl,5.568636236
CCCOc1sc(C(=O)N2CCC(CC2)c2cccc(CN)c2)c(C)c1Br,6
Clc1cccc(c1)OC1CN(C1)S(=O)(=O)c1ccc2c(c1)CCNCC2,5.432973634
CC(=O)Nc1cc(Nc2cc(NC3CC3)n3ncc(C#N)c3n2)ccc1C1CC1,4.721246399
O[C@H]1C[C@H](CN2CCC(CC2)c2c(Cl)cccc2Cl)CCc2cccnc12,6.045757491
C[C@@H]1COCCN1c1nc2nc(ccc2c(n1)N1CCOC[C@H]1C)c1ccc2c(c1)c(=O)[nH]cc2,4.494850022
CN[C@@H]1CCN(C1)c1nc(N)nc2c3cc(Cl)cnc3oc12,5
C[C@@H]1CCCN1CCc1ccc(cc1)-c1ccc(cc1)S(=O)(=O)N1CCOCC1,5.435724621
O=C(c1cc(F)cc(F)c1)N1CCN(c2ccc(OCCCN3CCCCCC3)cc2)C(=O)C1.O=CO,4.900001867
N#Cc1ccc(cc1)C(=O)N1CCN(C(=O)C1)c1ccc(cc1)OC1CCN(CC1)C1CCCC1,4.200659451
COc1ccc(cc1)c1noc(n1)C1=CC2(c3c1cccc3)CCN(CC2)C(=O)C1CCCO1,4.568636236
COc1ccc2n(CCN3CCC(CC3)NCc3cnc(C)c(c3)C#N)c(=O)ccc2n1,5
N[C@H](C1CCN(CC1)C(=O)c1cnc2n(c1C)nc(c2)C)Cc1cc(F)c(cc1F)F,4.744727495
O=C(N1Cc2ccccc2C1)c1ccc(cc1)C1=CC2(CCNCC2)Oc2ccccc12,5.455931956
CCOC(=O)C1=C(CN2CCOCC2)NC(c2nccs2)=NC1c1ccccc1[N+](=O)[O-],6.585026652
Cc1ccc(OCCCc2cc(N)cc(CCCOc3ccc(C)cc3)n2)cc1,6.835647144
COc1ccc2c(n1)c(ccn2)C(CN1CCC(CC1)NCc1ncc2c(c1)OCCO2)O,5.397940009
C[C@H](C1=C(CCN(C)C)Cc2cc(C)ccc12)c1nccs1,6.22184875
COc1ccc2c(n1)c(c(nc2)F)[C@@H]([C@@H]([C@@H]1CC[C@H](CO1)NCc1nnc2c(c1)SCCO2)O)O,4
Fc1cc2nc(-c3ccc(Cl)cc3)n([C@@H](C3CCCCC3)C(=O)NC3CCCCC3)c2cc1Cl,5.795880017
Cc1ccc2cc(C(=O)c3cnn(-c4ccc5nc(C)[nH]c5c4)c3N)[nH]c2c1,5.161150909
Nc1nc(N2CCC(N(CCc3ccc(Cl)cc3)Cc3cccc(Cl)c3)CC2)n[nH]1,5.431798276
CS(=O)(=O)Nc1ccc2ccc3ncc(cc3c(=O)c2c1)-c1ccccc1,6.537602002
Fc1ccc(cc1F)C(=O)Nc1cnc(Cl)nc1,4.522878745
Cc1cc(Nc2ncc(C)c(Nc3ccccc3S(=O)(=O)C(C)C)n2)c(OC(C)C)cc1C1CCN(C)CC1,4.698970004
COc1cc2ccc(Br)cc2cc1[C@@H](c1ccnc(OC)c1OC)[C@@](O)(CCN(C)C)c1cccc2occc12,6
CCOc1cc2ncc(C(N)=O)c(Nc3ccc(F)cc3F)c2cc1C1CCN(C)CC1,4.958607315
C[C@@H](NC(=O)Cc1ccc(cc1)-c1nccnc1C)c1ccc(OCC(F)(F)F)cn1,4.522878745
CC(C)c1cc(cc2nc(oc12)-c1ccc(cc1)C(=O)NC[C@H]1CC[C@@H](CC1)c1cc(cc(c1)C(F)(F)F)C(F)(F)F)C#N,4.522878745
CC(C)c1cc(cc2nc(oc12)-c1ccc(cc1)C(=O)NC[C@H]1CC[C@H](CC1)c1cc(cc(c1)C(F)(F)F)C(F)(F)F)C#N,4.522878745
Cc1nccnc1C(=O)N1CCC(CC1)[C@H](N)Cc1cc(F)c(F)cc1F,4.259637311
CC(N1C2CCC1CC(C2)Oc1cccc(c1)C(=O)N)c1ccncc1,5.853871964
O=C(NC(c1ccncc1)c1ccc(Cl)cc1)[C@@H]1CC[C@@H](N2CCOCC2)C[C@H]1c1ccc(Br)cc1,5.721246399
COc1cc(C=Cc2nc3scc(C)c3c(=O)[nH]2)ccc1-n1cnc(C)c1,5
CC(C)(Cc1ccc2ccccc2c1)NC[C@@H](O)COc1ccc(CCC(O)=O)cc1,9
CCOCC1CCC(CC1)N1CC(C1)NC(=O)CNc1nn(c2c1cc(cc2)C(F)(F)F)C,5.251811973
Clc1ccc(cc1Cl)[C@@]12CCC[C@@H]1CNC2,5.277366077
COc1ccc2c(NC[C@H](O)CO)nc(C#N)c(-c3ccccc3)c2c1,4.823908741
OC(=O)CCNC(=O)N(C1CCN(CC1)[C@@H](CCNC(=O)c1c(C)cc(nc1C)Cl)C)Cc1ccsc1,4.397940009
O=C(Nc1ccc(OC(F)(F)F)cc1)c1cnc(N2CC[C@H](O)C2)c(-c2cncnc2)c1,5.017728767
CC(C)N1CCC[C@H](Cn2c(C)nc3cnc(Oc4ccc5ncsc5c4)cc3c2=O)C1,5.619788758
s1cc(nc1\[NH+]=C(\N)/N)CSCC/C(=[NH+]/S(=O)(=O)N)/N,5
CCN(CC)C(=O)c1ccc(cc1)C(=C1CCN(Cc2ccc(F)cc2)CC1)c1ccc(NC(=O)OC)cc1,6.045757491
Cc1cccc2CCCN(C(=O)CSc3ncccc3Cl)c12,5
Fc1ccc(nc1)c1ccc(cc1)C1COCC1NS(=O)(=O)C(C)C,4.200659451
CC(C)c1nc(no1)N1CCN([C@H](C)C1)c1ncc(OCc2ccncc2C#N)cn1,5
COc1cccc(-n2cc3nc(C)n(C[C@H]4CCCN(C[C@H]5CCCO5)C4)c(=O)c3n2)c1,5.537602002
Cc1ccc(Oc2ccnc3cc(-c4cnn(C5CCNCC5)c4)ccc23)cc1,5.505845406
COc1ccc2ncc(C#N)c(CCC34CCC(CC3)(CO4)NCc3ccc4OCC(=O)Nc4n3)c2n1,6.431798276
O=C(NC1CCC(CC1)c1ccc(cc1)O)CCc1ccccn1,4.522878745
CCCCOc1ccc(Cl)c(OCCCC)c1/N=N/c1c(O)ccc2ccccc12,6.420216403
OC1(CNC(=O)NC2CCN(Cc3ccn(c3)-c3ccc(cc3)C(F)(F)F)CC2)CCCCC1,4.500312917
COc1cc(N)c(Cl)cc1C(=O)N[C@@H]1CCN(CCCOc2ccc(F)cc2)C[C@@H]1OC,7.920818754
Cc1nc2ccccc2n1C1CC2CCC(C1)N2CCC1(CCN(CC1)C(=O)c1c(Cl)ccc(c1Cl)S(N)(=O)=O)c1cccc(F)c1,4.279999553
CN1C[C@H]2CCC[C@]2(C1)c1ccc(Cl)c(Cl)c1,5.26760624
FC1=C[C@@H]2C(=[N+](C=C(C(=O)[O-])C2=O)C2CC2)C=C1N1CC[NH2+]CC1,3.015022784
CCC(=O)N1CCc2c(C1)nc(C)n2[C@@H]1C[C@@H]2CC[C@H](C1)N2CC[C@H](NC(C)=O)c1cccc(F)c1,5.301029996
COc1cccc(n1)[C@]1(O)CC[C@@H](CC1)N1CC(C1)NC(=O)CNc1ncnc2ccc(cc12)C(F)(F)F,4.872895202
COc1ccc2nccc(CCN3CCC(NCc4ccc(Cl)c(Cl)c4)CC3)c2c1,6
COc1cccnc1C(=O)N1CCN(c2ccc(NC(=O)C(C)(C)c3ccccc3)cc2Cl)CC1.Cl,4.300000202
Cc1cc2n(C3CCN(CC3)C3CCOCC3)c(=O)[nH]c2cc1F,4.900001867
COc1ccc(cc1)[C@H]1CN(CCCc2ccc(OC)c(OC)c2)C[C@@H]1CNC(=O)c1cccc(Cl)c1,6.698970004
COC[C@@H](NC(C)=O)C(=O)NCc1ccccc1,3
C[C@H](COc1ccc(cc1)C1=NNC(=O)C2CC12)CN1CCC[C@H]1C,5.096910013
OC(=O)C1=CCCN(C1)C1CCC2(C1)Cc1ccccc1Cc1c2cccc1,4.397940009
CCCSc1nc(ccc1C(=O)NC1CCCCC1)N1CCC[C@@H](CC(O)=O)C1,4
O[C@H]1CC[C@@H](CC1)Nc1ccc2ncc(-c3cccc(Cl)c3)n2n1,4.522878745
CN(C)CCCn1nc(-c2cnc3[nH]cc(C(=O)NC(C)(C)CO)c3n2)c2ccc(C)cc12,4.522878745
CC(C)(C)CCN1CC[C@@H](CNC(=O)c2cc(Cl)cc(Cl)c2)[C@H](F)C1,5.522878745
O=C1COc2ccccc2N1CCCN1CCC(CC1)n1c2cccnc2[nH]c1=O,4.657577319
Cc1cc(OCCN2CCOCC2)nn1-c1ccc(Cl)c(Cl)c1,5.455931956
Fc1ccc(C(OC2CC3CCC(C2)N3CCN2CCCCC2)c2ccc(F)cc2)cc1,5.288192771
CC(C)(C)NC(=O)NCCN1CCC(C1)NC(=O)c1cc(Cl)cc(Cl)c1,5.180456064
OC(=O)[C@H](c1ccc(s1)C(=O)c1ccccc1)C,5
CN1CCCCC1CCN1c2ccccc2Sc2ccc(cc12)S(C)=O,6.468521083
COC(=O)N(Cc1ccc2OCC(=O)Nc2n1)C12CCC(CCc3c(F)cnc4ccc(OC)nc34)(CC1)OC2,5.214670165
CCN(CCCc1ccccc1)CCCc2ccccc2,6.320027306
COCCNS(=O)(=O)c1ccc(cc1)c1ccc(cc1)CCN1CCCC1C,5.13667714
CCC[C@@H]1C[C@H](N(C)C1)C(=O)N[C@H]([C@H](C)Cl)C2O[C@H](SC)[C@H](O)[C@@H](O)[C@H]2O,4.509999358
C[C@H]1Cc2c(ncnc2Oc2ccc3c(ccn3C(=O)Nc3cc(C(C)(C)C)on3)c2)CN1,4.954677021
CS(=O)Cc1ccc(C(=O)Nc2cccnc2C(=O)NCC2CCOCC2)c2ccccc12,4.494850022
CN(C)C(=O)c1ccc(c(F)c1)-c1ccc2C(=O)N(CCN3CCCC3)CCc2c1,4.488116639
CO[C@@H]1CN(CCn2c3cc(ccc3ccc2=O)C#N)CC[C@H]1NCc1ccc2OCC(=O)Nc2n1,3.906578315
C[C@H]1N(CCn2c1nnc2-c1csc(C)n1)C(=O)c1ccc(cc1)-c1cccs1,4.619788758
O=C(Nc1ccc(Cl)cn1)[C@H](COCCO)Oc1ncnc2c1cnn2-c1ccccc1Cl,4.800000875
CN(C)CCOC(c1ccc(Cl)cc1)c2ccccn2,5.329995489
Cc1cccc(Nc2nc(N[C@@H]3CCCC[C@@H]3N)ncc2C(N)=O)c1,5.499996932
COC[C@H](C)COCc1ccc(cc1)[C@@]1(O)CCNC[C@@H]1c1ccc(cc1C)-c1ccccc1CCNC(C)=O,5.045757491
Fc1ccc2c(c1)N1N=C(C(C1CO2)(CCCN1CCNCC1)c1ccccc1)C(=O)C,5.337242168
Cc1cccc(Nc2nc(N[C@@H]3CCOC[C@@H]3N)ncc2C(N)=O)c1,5.399996913
COc1cccc(c1)C(=O)Cn1c(=O)c2n(CC=C(C)C)c(c(c2n(c1=O)C)C#N)N1CCCC(C1)N,5.795880017
Cc1ccccc1C1CCN(C[C@@H]2CCc3c(C)cccc3[C@@H](O)C2)CC1,7.065501549
CC(C)(C)S(=O)(=O)c1ccc2nccc(Nc3n[nH]c4ccc(F)cc34)c2c1,5.128135298
O=C(C1(N)CCCN(C1)c1ncnc2c1cc[nH]2)NC(c1ccccc1)C,4.477555766
C[C@@H]1CCCN1CCc1ccc2nc(ccc2c1)-c1cc(Br)no1,6.055517328
O=C(C1CC1c1ccc(cc1)C(F)(F)F)N1CCN(CC1)S(=O)(=O)c1cc(cc(c1)C(F)(F)F)c1nn[nH]c1,5.455931956
Clc1ccc(CN2CCN(CCN3Cc4ccccc4C3)C2=O)cc1Cl,6.102372909
CCOc1ccccc1C(=O)N(C1CNCC1)CC1CCC1,4.774690718
CC(C)N(C)[C@@H]1CC[C@@H]([C@H](CS(C)(=O)=O)C1)N1CC[C@H](NC(=O)c2cccc(c2)C(C)(C)C)C1=O,4.096910013
COc1cccc(c1)N1CCN(CCN(C)C[C@@]23CC[C@@H](CC2)C3(C)C)C1=O,5.701146924
Cn1c(SCCCN2CC[C@]3(C[C@@H]3c3ccc(C(F)(F)F)cc3)C2)nnc1-c1cccnc1C(F)(F)F,5.879985748
CC(c1ccc(cc1)OS(=O)(=O)C(F)(F)F)C(=O)NS(=O)(=O)C,5
CC\C(=C(/c1ccc(O)cc1)c1ccc(\C=C\C(O)=O)cc1)c1ccccc1,4
CS(=O)c1ccc(cc1)-c1cnc2ccc(nn12)-c1cccc(c1)S(=O)(=O)C1CC1,6.397940009
CNC(=O)c1ccc(cc1)-c1ccc2C(=O)N(CCN3CCCC3)CCc2c1,4.537602002
CN1CCC(CC1)c1ccc2nc(Nc3ccc(cn3)C(F)(F)F)[nH]c2c1,5.366531544
Fc1cc(F)cc(c1)C(=O)N1CCN(C(=O)C1)c1ccc(cc1)OC1CCN(CC1)C1CCC1,4.200659451
OC(c1ccc(F)c(c1)C#N)(c1ccc2n(ncc2c1)-c1ccc(F)cc1)C(F)(F)F,5
CN1CCCCC1CCN2c3ccccc3Sc4ccc(cc24)S(=O)C.OS(=O)(=O)c5ccccc5,5.719991047
CNS(=O)(=O)c1cc(c(cc1F)Cl)C(=O)N1CCC(CC1)(CCN1[C@@H]2CC[C@@H]1C[C@@H](C2)n1c(C)nc2c1cccc2)c1cccc(c1)F,4.721246399
[NH3+][C@H]1CN(CC[C@@H]1c1cc(F)c(F)cc1F)c1ccc2nc(=O)ccn2n1,4
Nc1ccccc1NC(=O)c1ccc(-c2ncc(CN3CCC3)cc2Cl)cc1,4.657577319
O=C(C1=CC(=O)c2c(C1)cc(c(c2)F)F)NC1CCN(CC1)Cc1ccc2c(c1)OCO2,5.207608311
Cn1nc(NCC(=O)NC2CN(C2)[C@H]2CC[C@H](CC2)c2ccc3OCOc3c2)c2cc(ccc12)C(F)(F)F,6.096910013
CC1CCN(CCCOc2ccc(=O)n(-c3ccc(F)c(F)c3)n2)CC1,5.571865206
CC(C)(C)OCCN1CCC(CNC(=O)c2cc(Cl)cc(Cl)c2)CC1,5.899629455
CC[C@@H](C)Oc1cc2[C@@H](N(C(=O)Cc2cc1OC)c1ccc(cc1)N(C)C[C@H]1CC[C@@H](CC1)NC(=O)CC)c1ccc(Cl)cc1,4.522878745
CCc1noc(n1)-c1nnc2[C@@H](C)N(CCn12)C(=O)c1ccc(F)cc1,4.15490196
OC(=O)c1cc(CN2CCN(CC2)c2ccc(cc2)C#N)c2ccccn2c1=O,5.13076828
O=C1N(CC[C@@H]1[NH2+]CCc1n(cnc1)Cc1ccc(cc1)C#N)c1ccccc1,6.823908741
O=C(N[C@@H](Cc1ccc(cc1)-c1ccc(cc1)C#N)C#N)[C@@H]1CCCCN1,5.853871964
C[C@@H]1OCC2(CCN(c3nc4[nH]nc(-c5ccnc(Cl)c5Cl)c4c(=O)n3C)CC2)[C@@H]1N,5.920818754
CC(C)N(C)[C@@H]1CC[C@@H]([C@H](CS(C)(=O)=O)C1)N1CC[C@H](NC(=O)c2ccc(C)c(c2)C(F)(F)F)C1=O,4.096910013
COc1cnc2ccc(=O)n(CCN3CCC(CC3)c3nc4cc(C#N)c(C)cc4[nH]3)c2c1,5
Cc1[nH]c2ccccc2c1CCN1CCc2ccc(\C=C\C(=O)NO)cc2C1,5.568636236
COc1cccc(C(O)(CCN(C)C)C(c2cc3cc(Br)ccc3nc2OC)c2cccc3c2OCO3)n1,6.619788758
Cc1nc2cnccc2c(=O)n1-c1ccc(OC2CCN(CC2)C2CCC2)cc1,5
CCN(CC)[C@@H](C)CNC(=O)c1ccnc(-c2cnn3ccc(-c4cccs4)nc23)c1,6.143875556
CC(C)n1c(C)ncc1-c1nc(Nc2ccc(C(=O)N(C)C)c(C)c2)ncc1F,4.494850022
O=C(c1ccn2c1ccc(c2)Oc1ncnc2c1CNC2)Nc1n[nH]c(c1)C1(C)CC1,4.522878745
NC(=O)c1cccc(c1)OC1CC2CCC(C1)N2Cc1ccccn1,5.721246399
Cc1nc(N)c2nnn(C[C@H]3CN(Cc4nccs4)CCO3)c2n1,4
Cc1nc2cccc(c2c(=O)n1-c1ccc(OC2CCN(CC2)C2CCC2)cc1)C(F)(F)F,5
S(=O)(=O)(Nc1ccc(cc1)C(=O)NCC[NH+](CC)CC)C,4.301029996
C[n+]1c(cccc1C#CCOc1ccc(Cl)cc1)C#CCOc1ccc(Cl)cc1,4.508638306
NC(=O)c1cnc(NC(C2CC2)C2CC2)c2c3ccc(cc3[nH]c12)-c1cnc(N)cn1,6.15490196
O=C1OC(CC)C(O)(C)C(O)C(C)C(=O)C(C)CC(O)(C)C(OC2OC(C)CC([N+](C)C)C2O)C(C)C(OC2OC(C)C(O)C(O)(C)C2)C1C,3.832682665
Fc1ccc2[nH]c(=O)n(C3CCN(CCCN4C(=O)COc5ccccc45)CC3)c2c1,5.356547324
CS(=O)(=O)c1ccc(cc1)-c1cnc2ccc(nn12)-c1cccc(c1)S(C)(=O)=O,6.045757491
N#Cc1ccc(N2CCC(Nc3cc(Nc4cnccn4)ncc3C(N)=O)CC2)nc1,5.113509275
COc1cccc2c1OC(C(C)S2(=O)=O)c1ccc(OCCCN2CCC[C@H](C)C2)cc1,5.602059991
CNC(=O)c1cccc(c1)c1ccc2c(n1)nc(nc2N1CCOC[C@H]1C)N1CCOC[C@H]1C,4.32330639
CN(CCc1ccc(cc1)NS(=O)(=O)C)CCOc1ccc(cc1C(=O)N)C,7.091514981
COc1ccc2ncc(F)c(CC(O)(C(F)(F)F)C34CCC(NCc5ccc6c(n5)NC(=O)CO6)(CC3)CO4)c2n1,5.619788758
CN(C)Cc1cc(OCCCN2CCCCC2)ccc1Nc1ncnc2ccccc12,5
Cc1ccccc1N1CCC2CN(CCCSc3nnc(-c4cnccn4)n3C)CC21,6.500038134
Oc1cc2ccn(c2cc1Oc1ncnc2c1CNC2)C(=O)Nc1noc(c1)C(C)(C)C,4.552841969
CC(C)Oc1cc([C@@](Cc2ccccc2)(NC[C@@H](O)C(F)(F)F)c2cc(F)cc(OC(F)(F)C(F)F)c2)ccc1F,4.677780705
Cc1nc(Nc2cc(N[C@@H]3CCCC[C@@H]3N)cnc2C(N)=O)cc(OCC(C)(C)O)n1,4.744727495
Clc1cccc(c1)Nc1nc2cc(ccc2c2c1ccnc2)C(=O)O,3.872895202
CCOC(=O)c1nn(-c2ccc(C)cc2)\c(=N\c2nc(cc(-c3ccccc3)c2C#N)-c2ccccc2)s1,5.031517051
Fc1cccc(c1)C(Cc1ccccc1OC(F)(F)F)N1CCNCC1,5.214670165
C[C@@H]1CN(CCN1c1ncc(OCc2ccc(cc2F)S(C)(=O)=O)cn1)c1nnc(o1)C(F)(F)F,5.161150909
C[C@@H](Oc1ccc(cc1C(=O)N1CCN(CC1)c1ncc(cc1F)C(F)(F)F)S(C)(=O)=O)C(C)(C)C,4.552841969
C[C@H]1CCCN1CCCOc1ccc(N2CCN(C(=O)c3cc(F)cc(F)c3)CC2=O)cc1.O=CO,4.900001867
CC#CCn1c(N2CCC[C@H](N)C2)c(C#N)c2n(C)c(=O)n(Cc3nc(C)c4ccccc4n3)c(=O)c12,4.522878745
COCCOCC#Cc1cc(cs1)-c1[nH]nc-2c1Cc1ccc(CN3CCN(C)CC3)cc-21,5
C[C@H]1CC[C@@H](c2nc(-c3ccc(C(=O)Nc4cc(C(F)(F)F)ccn4)cc3F)c3c(N)nccn23)CN1C(=O)C1CC1,5.366531544
CN1[C@@H]2CC[C@H]1CC(C2)OC(=O)C3C=Nc4ccccc34,5.250001023
CN(C)c1ccc(cc1)S(=O)(=O)NC(=O)N1CCC(CC1)N1CCC(CC1)Oc1ccc(Cl)c(C)c1Cl,4.698970004
CS(=O)(=O)c1cc(C2(NC(=O)c3cncc4c3cnn4-c3ccc(F)cc3)CC2)ccn1,4.167491087
COc1ncc(cn1)-c1cccc(OC(F)F)c1CCNC(=O)c1ccc(OCCC(F)(F)F)nc1,5.399996913
CN(C)C(=O)[C@H]1C[C@@H]1c1ccc(-c2ncn(C)c2Sc2ccc(Cl)cn2)cc1,4.431798276
CC1(C)[C@H](Nc2c(C(N)=O)cnn3cc(-c4cccc(F)c4)cc23)CC[C@]1(C)N,5.119186408
COc1cc(ccc1-n1cnc(C)c1)-c1cn(nn1)C1CC(C)(C)CCNC1=O,4.681936665
CCCCC(N1CCOCC1)C(O)(c1cccnc1)c1cccnc1,4.443697499
C[C@@H]1CN(CC(=O)N2CC(C)(C)c3ncc(Cc4ccc(F)cc4)cc32)[C@@H](CN2CCOC[C@H]2C)CN1,5.045757491
N#Cc1ccc2c(c1)CN(C1CCN(c3n[nH]c(N)n3)CC1)[C@@H](Cc1ccc(Cl)cc1)CO2,4.638272164
Nc1ncc(-c2cnn(CCO)c2)c2scc(-c3ccc(NC(=O)Nc4cccc(F)c4)cc3)c12,6
COc1ccc(cc1)C1CN(C(=O)N1CCc1ccc(cc1)OC)NS(=O)(=O)Cc1ccccc1,5.356547324
C[C@@H]1CN(CCN1c1ncc(OCc2ccc(cc2)S(C)(=O)=O)cn1)c1nnc(o1)C(F)(F)F,5.026872146
CN(Cc1ccc(F)cc1)c1cc(C(=O)Nc2nncs2)ncn1,5.37675071
NC1(CCCCC1)C(=O)N[C@@H](Cc1ccc(cc1)-c1ccc(cc1)C#N)C#N,5.045757491
CN([C@H](CO)CCC(=O)NCCF)C(=O)c1ccc2n(C)c3CC[C@H](Cc3c2c1)C1CCOCC1,4.48148606
CCN(C1CCN(CC[C@H](C2CCN(CC2)S(C)(=O)=O)c2cccc(OC)c2)CC1)C(=O)Cc1ccc(cc1)S(C)(=O)=O,4.494850022
Cc1ncoc1-c1nnc(SCCCN2CC[C@]3(C[C@@H]3c3ccc(C(F)(F)F)cc3F)C2)n1C,6.160019442
CC(C)N(C(C)C)C(=O)c1ccc(cc1)C1=CC2(CCNCC2)Oc2ccccc12,5.167491087
Cn1ccc(NC(=O)c2cc(Oc3ccc(C(=O)N4CCC4)cc3)cc(OC(CF)CF)c2)n1,4.552841969
CCC[C@@H](CCO)Nc1nc(N)nc2ccc(F)cc12,5.031517051
C1CCN(CC1)C1CCN(CC1)c1nc2ncc(cc2s1)-c1cncnc1,4.632644079
COc1cc(F)ccc1-c1cc(CNC2CCCC2)ccn1,5.485452247
NCCCCOc1ccc2ncc(F)c(CCC34CCC(CC3)(CO4)NCc3ccc4OCC(=O)Nc4n3)c2n1,5.096910013
CN1CCN(CC1)c1cc2c(cc1OC(C)C)ncc(c2Nc1ccc(cc1F)F)C(=O)N,4.552841969
O=C(CCCCN1CCC(c2noc3cc(F)ccc23)CC1)c1cc2c3c(c1)CCN3C(=O)CC2,5.536794068
CC(N1CCCC(C1)Cn1c(C)nc2c(c1=O)nc(cn2)Oc1ccc(c2c1nccc2)F)C,4.48148606
O=C1CCc2cc(C(O)CCCN3CCC(c4noc5cc(F)ccc45)CC3)cc3c2N1CC3,5.721337839
CO[C@H]1CC[C@@H](CC1)Nc1ccn2ncc(-c3cccc(Cl)c3)c2n1,4.522878745
c1cnc2c(N3CCN(CCCc4ccc(OCCCN5CCCCCC5)cc4)CC3)cccc2c1,6
Nc1nc2cc3CCN(Cc4ncon4)CCc3cc2s1,4.48148606
Fc1cccc(c1)C1(CCN2[C@@H]3CC[C@@H]2C[C@@H](C3)n2c(C)nc3c2cccc3)CCN(CC1)C(=O)c1ccc(c(c1)S(=O)(=O)N)Cl,4.200659451
C(CN1CCCCCC1)Nc1cn(Cc2ccccc2)nn1,5
Cl.COc1ccc2ncc(F)c(CCC34CCC(CC3)(CO4)NCc3ccc4OCC(=O)Nc4n3)c2n1,6.22184875
FC(F)(F)CN1c2ccccc2C(=N[C@@H](NC(=O)Cc2cc(Cl)cc(Cl)c2)C1=O)c1ccccc1,5.397940009
CC(C)(C)c1cc(NC(=O)n2ccc3cc(Oc4ncnc5c4CCNC5)ccc32)no1,5.15490196
COc1cc2CCN3C(Cc4ccccc4)c4c(CC3c2cc1OC)ccc(OC)c4OC,4.853871964
N#Cc1ccc(CCN2CCN(C(=O)Cc3ccc(-n4cnnn4)cc3)CC2)cc1,6.37675071
O=C1OC2(CN1c1ccccc1)CCC(CC2)c1nc2c([nH]1)cc(cc2)C(F)(F)F,5.397940009
COc1cc2nc(nc(N)c2cc1OC)N3CCN([C@@H](C3)C(=O)NC(C)(C)C)C(=O)OCc4ccccc4,4.809999052
CCOC(=O)C1(C)Oc2ccc(CNC34CCC(CCc5c(F)cnc6ccc(OC)nc56)(CC3)OC4)nc2NC1=O,5.522878745
Fc1ccc2c(noc2c1)C1CCN(CCCOc2ccc(Cc3nc4ccccc4o3)cc2)CC1,5.223298816
Cn1c(SCCCN2CC[C@]3(C[C@@H]3c3ccc(C(F)(F)F)cc3)C2)nnc1-c1cccc(-c2ncco2)c1,6.920095532
O=C(O)C[C@@H]1COC2(CCN(c3ccc(-c4nc5cc(C(F)(F)F)ccc5[nH]4)cn3)CC2)C1,5.356547324
CCc1oc(SCc2cc(cc(NCC#N)n2)N2CCOCC2)nc1C,5.080921908
CC(C)(C)c1ccc(NC(=O)N2CCN(CC2)c2ncccc2Cl)cc1,6
O=C(N[C@@H]1C2CCN(CC2)[C@H]1Cc1cccnc1)c1cc2ccccc2o1,4.26760624
COc1cnccc1C1CCC(CC1)N1CC(C1)NC(=O)CNC(=O)c1cccc(c1)C(F)(F)F,5.086186148
ONC(=O)C=Cc1ccc2c(c1)CN(C2)C(=O)OC(C)(C)C,4.522878745
CC1(C)Oc2ccc(NC(=O)c3ncc(Br)cn3)cc2C2(COC(N)=N2)C11COC1,5
C[C@H]1C[C@H]2CSC(N)=N[C@]2(CO1)c1nc(NC(=O)c2ccc(Cl)cn2)cs1,5.045757491
C[C@@H](n1cnc2cc(Cl)ccc2c1=O)[C@](O)(Cn1cncn1)c1ccc(F)cc1F,4.457672617
CC(=O)NCCc1ccccc1c1ccc(c(c1)C)[C@H]1CNCC[C@@]1(O)c1ccc(c(c1)F)F,5.37675071
O=C(NCc1cccc(c1)CN1CCCC1=O)NCC(c1ccccc1)c1ccccc1,4.522878745
CN(C)C(=O)N1CC(=C[C@@]1(CCCN)c1ccccc1)c1cc(F)ccc1F,5.148741651
O=C1COc2ccc(CNC3CCN(CCn4c5nc(Oc6ccon6)ccc5ccc4=O)CC3)nc2N1,4
ONC(=O)\C=C\c1ccc2CN(Cc2c1)C(=O)C1CCCC1,4.522878745
OCCn1nc(NCC(=O)NC2CN(C2)[C@H]2CC[C@H](CC2)c2nccs2)c2cc(ccc12)C(F)(F)F,4.301029996
COc1cc(C=Cc2nc3cc(Cl)ccc3c(=O)[nH]2)ccc1-n1cnc(C)c1,5
CC1(C(=O)N2CCC[C@@H](c3nc(-c4ccc(C(=O)Nc5cc(C(F)(F)F)ccn5)cc4)c4c(N)nccn34)C2)COC1,5.455931956
CCOC(=O)C1=C(CN2CCOCC2)NC(c2ccccn2)=NC1c1ccc(F)cc1Br,5.420216403
O=C(C1(N)CCCN(C1)c1ncnc2c1cc[nH]2)NC(c1ccc(cc1)S(=O)(=O)C)C,4.477555766
CC(C[C@H](NC(=O)C1CCC1)c1ccccc1)N1CCC(CC1)c1[nH]ncc1-c1ccncc1,7
OC(=O)[C@]12CC3CC(C2)[C@@H](C(C1)C3)Oc1ccc(cc1)C(=O)NCCNC(=O)c1ccc(cc1)c1ccccc1,4
COc1cc(CNCC2CCN(CCCCCC(c3ccc(F)cc3)c3ccc(F)cc3)C2)cc(OC)c1OC,9
O=C(c1ccncc1)N1CCC2(CCN(Cc3ccccc3Oc3ccccc3)CC2)CC1,7.679853714
[nH]1c2c(cccc2)c(c1-c1ccccc1)C1C[C@@H]2N([C@H](C1)CC2)c1ccccc1,7.744727495
C[C@H]1N(CCn2c1nnc2-c1nc(C)ns1)C(=O)c1ccc(Cl)c(Cl)c1,4.37675071
Cc1nc(c(o1)c1nnc(n1C)SCCCN1CC[C@@H]2[C@](CC1)(C2)c1ccc(cc1)C(F)(F)F)C,5.899629455
O=C(NC1CCCCC1)NS(=O)(=O)c1ccc(OCCCN2CCCC2)cc1,4
OC(=O)CC1CCn2c1cc1cc(ccc21)-c1noc(n1)-c1cc(OC(F)(F)F)cc(c1)C#N,4.522878745
C[C@H]1[C@@H](Oc2ccccc2S1(=O)=O)c1ccc(OCCCN2CCCC2)cc1,6.397940009
CC(CN(C(=O)c1cccc(c1Cl)C(F)(F)F)C1CNCC1)C,5.385102784
CN[C@H]1CC[C@H](CC1)c1c[nH]c2ccc(cc12)N=C(N)c1cccs1,4.408935393
COc1cc2c(cc1CCN1CCN(C(=O)Cc3ccc(-n4cnnn4)cc3)CC1)COC2=O,5.251811973
Fc1ccc(cc1)C[nH0]1c2ccccc2[nH0]c1NC1CC[N+]CC1,7.552841969
CCc1ccccc1Oc1cc(C)ncc1CN(C)C,4.698970004
C[C@@H]1CCCN1CCc1ccc2nc(ccc2c1)-c1onc(c1C)-c1ccc(Cl)cc1,5.698970004
CC(C)c1nc(Nc2cc(NCCN)nnc2C(N)=O)ccc1F,5.102372909
CCN(CC)S(=O)(=O)Nc1ccc2ccc3ncc(cc3c(=O)c2c1)-c1cnn(C)c1,4.522878745
COCc1ccc(-c2cc3c(cc2F)ncc2c3n([C@H]3C[C@H](OC)C3)c(=O)n2C)cn1,5.050609993
CC1CCCN1CCCOc1ccc(cc1)c1cn[nH]c(=O)c1,5.022276395
Cc1ccc(cc1-c1cc2cnn(-c3c(F)cccc3F)c2n(C)c1=O)C(=O)NC1CC1,4.443697499
CCc1n[nH]c(CC)c1Oc1cc(cc(c1)C#N)C#N,5.008773924
COc1cc([C@](O)(CCN(C)C)[C@H](c2cc(OC)nc(OC(C)C)c2)c2cc3cc(C#N)ccc3nc2OC)cc(OC)n1,4.974694135
O[C@]1(CC[C@@H](CC1)N1CC(C1)NC(=O)CNC(=O)c1cccc(c1)C(F)(F)F)c1nc2ccccc2s1,5.207608311
COc1ccc(CCN2[C@H](CN(NS(=O)(=O)CC#N)C2=O)c2ccc(OC)cc2)cc1,4.48148606
CN(C)C1(CNC(=O)N2CCC(CC2)c2nc(no2)-c2ccc3ccccc3n2)CCCC1,4.420216403
Oc1ccc(CNC(=O)C2CCN(Cc3ccn(c3)-c3ccc(cc3)C(F)(F)F)CC2)c(Cl)c1,5.809668302
C[C@H](Nc1nc(Nc2ncc(s2)C#N)cc(n1)N1CCOCC1)c1ccc(F)cn1,4.494850022
Cn1ccc(CN2CCc3cc4nc(N)sc4cc3CC2)n1,4.48148606
CC(C)(C)c1ccc(cc1)C(=O)NCC1CCN(C1)C(=O)CCCCC(c1ccc(F)cc1)c1ccc(F)cc1,6.096910013
COc1cc(Nc2cccc3n(C)c(nc23)-c2ccc(F)cc2)cnc1-n1cnc(C)c1,5.744727495
O=C(CCc1c[nH]nn1)NC1CCN(C(=O)OCc2cc(Cl)cc(Cl)c2)CC1,5.055517328
N#Cc1ccc2cc1Oc1ccc3c(c1)[C@@H](CCC3)N1CC[C@H](NCc3cncn3C2)C1=O,4.920818754
N#Cc1cnc(cn1)Nc1ncc(c(c1)NC[C@@H]1CNCCO1)C#CC1(O)CCCC1,4.795880017
OCCn1nc(c2c1ccc(c2)C(F)(F)F)NCC(=O)N[C@@H]1CN(C1)[C@@H]1CC[C@H](CC1)c1ccc2c(c1)OCO2,5.119186408
CN(Cc1ccccc1)S(=O)(=O)Nc1ccc2ccc3ncc(cc3c(=O)c2c1)-c1cnn(C)c1,4.522878745
Fc1cc(OCCCC2CC2CCCC2CCN(CC2)c2ncc(Cl)cn2)ccc1C(=O)NC1CC1,4.522878745
COc1cc(ncn1)N1C(=O)N(C(=O)C11CCN(Cc2ncccc2C)CC1)c1ccc(cc1)-c1ccc(cc1)-c1cc(=O)[nH][nH]1,4.769551079
COc1cc(ccc1n1cnc(c1)C)c1nnn(c1)[C@@H]1CC[C@@H]2[C@H](NC1=O)CCCC2,4.681936665
O=C1CN(C(=O)N1CC1CC1)Cc1ccc(cc1)c1ccc(c(n1)CN1CCCCC1)F,5
COc1cnc(C(=O)Nc2csc([C@]34CO[C@@H](C)C[C@H]3CSC(N)=N4)n2)cn1,4.366531544
CC(=O)N1C[C@H](O)C[C@H]1C(=O)O,5.030002001
OCCNCCN1CCCc2c1ccc(c2)NC(=N)c1cccs1,4.522878745
CCOc1cc2ncc(c(c2cc1N1CCN(CC1)CC)Nc1cccc(c1Cl)Cl)C(=O)N,5.494850022
COc1cccc2c3nc(CN4CCN(C[C@H]4C)c4cnc(C)s4)nn3c(N)nc12,4.747632486
O=C(NC1CCN(C1)C1CCC(CC1)(O)c1ccnnc1)CNC(=O)c1cccc(c1)C(F)(F)F,4.522878745
CC(C)NC(=O)NS(=O)(=O)c1ccc(OCCCN2CCCC2)cc1,4
S(=O)(=O)(N1CC[NH+](CC1)C)c1cc(C2=NC(=O)C3=[N+](N=C(C3=N2)CCC)C)c(OCC)cc1,4
Oc1ccc2CC3N(CC4CC4)CCC56C(Oc1c25)c7[nH]c8ccccc8c7CC36O,5.879985748
NC1(CCN(CC1)c1ncnc2[nH]ccc12)C(=O)NCc1ccc(Cl)cc1,5.283996656
FC(F)Oc1ccccc1CC(N1CCNCC1)c1cccc(F)c1,5.086186148
N1CCC(CC1)N(c1cccc2c1ccs2)Cc1ccccc1,5
CC1CCCN1CCCOc1ccc(cc1)n1c(C)nc2c(c1=O)cccc2,5.22184875
CN(C/C=C/c1ccc(C(F)(F)F)cc1F)Cc1ccc2c(c1)CCO2.Cl,5.537602002
CC(C)OC(=O)c1ccc(NC(=O)N[C@@H](Cc2ccc(O)cc2)C(=O)N[C@H]2CCC[N+](C)(Cc3cccc(O)c3)C2)cc1.[I-],5.599997654
OC(=O)c1cccc(c1)C1CCN(CC1)[C@@H]1C[C@H]2OCC[C@]2(C1)C(=O)N1COc2ccc(cc2C1)C(F)(F)F,4.537602002
CN\C(=C\[N+](=O)[O-])\NCCSCc1csc(CN(C)C)n1,4.710001025
Cn1c2c(C#N)c(N3CCC[C@H](N)C3)n(Cc3ccccc3)c2c(=O)n(C)c1=O,5.366531544
COc1cncc(Cc2cc(-c3ccccc3)no2)c1,4.638272164
Cc1ncoc1-c1nnc(SCCN2CC[C@]3(C[C@H]3c3ccc(C(F)(F)F)cc3)C2)n1C,6.500038134
OC1CCN(Cc2ccc(OC3CCN(CC3)C(=O)c3nnc(o3)-c3ccccc3)cc2)C1,4.508638306
C[C@@H]1CCCN1CCc1ccc(cc1)-c1ccc(cc1)S(=O)(=O)CC1CCOCC1,5.508638306
O=P(N(Cc1ccccn1)Cc1ccccn1)(c1ccccc1)c1ccccc1,4.48148606
Cc1ncccc1C(=O)N1CC[C@H](NCc2cncn2Cc2ccc(cc2)C#N)C1=O,5
CC1CCCN1C(=O)c1ccc(cc1)c1ccc2c(c1)CCN(C2=O)CCN1CCCC1,4.978810701
COc1ccc2C(Cc3cnccn3)=C(CCN(C)C)Cc2c1,5.677780705
Clc1ccccc1CN1CCN(CCN2Cc3ccccc3C2)C1=O,5.699991797
CN1Cc2ccccc2[C@H](c2ccc(F)cc2F)N=C1CCc1ccc(NS(C)(=O)=O)cc1.Cl,4.070581074
Clc1ccc(COc2ccn(-c3ccc(OCCN4CCCC4)cc3)c(=O)c2)cc1,9
CCN(C)C(=O)c1ccc(cc1)[C@@H](N1CCN(Cc2cccnc2)CC1)c1cccc(NC(=O)C2CCC2)c1,4.552841969
CCc1cc(CNC(=O)CNCC(=O)N2CCN(CC2)C(c2ccc(cc2)Cl)c2ccccc2)cc(c1CC)CC,4.716698771
O=C(NC1CN(C1)C1CC[C@](CC1)(O)c1cccnc1)CNc1nn(c2c1cc(cc2)C(F)(F)F)C,4.619788758
CCN1CCN(CC1)c1cc2[nH]c(nc2cc1Cl)S[C@]1(C)CCC(CC1)C(=O)NC,5
COc1cc2nnc(C(N)=O)c(Nc3ccc(C)cc3F)c2cc1C1CCN(CCO)CC1,4.853871964
O=C(OC1C[C@H]2CC3C[C@H](C1)N2CC3=O)c1c[nH]c2ccccc12,5.045757491
COCCS(=O)(=O)c1ccc(cc1)-c1ccc(CCN2CCC[C@H]2C)cc1,5.13076828
Clc1cccc(Oc2ccc(cn2)C(=O)N2CCCN(CC2)C2CCC2)c1,5.795880017
COc1nc(N[C@@H](C)c2cc3cc(Cl)ccc3[nH]c2=O)ncc1C#N,5.494850022
N#Cc1ccc(cc1)N1N=C(C[C@@H]1c1ccc(cc1)c1ccc2c(c1)oc(=O)[nH]2)C(=O)O,4.522878745
COc1ccc(cc1CO)-c1ccc2c(nc(nc2n1)N1CCN(C)CC1)N1CCOC[C@@H]1C,4.494850022
COc1ccc(cc1)[C@H]1CN(CCCN2CCCC2=O)C[C@@H]1CC(=O)Nc1cccc(Cl)c1,5.899629455
Clc1ccc(cc1)-c1sc2c(N=CN(C2=O)c2cc(OC)c(N3C[C@@H](O)CC3)cc2)c1,5.349692477
CN(C)C(C(=O)N[C@](Cc1ccccc1)(c1ccc(F)cc1)c1cc(F)cc(C(F)(F)F)c1)C(O)(C(F)(F)F)C(F)(F)F,4.795880017
COc1ncc(nc1)c1cccc2c1CC(CO2)NC(=O)c1ccc(nc1)COCC(F)(F)F,4.899629455
CCOC(=O)CNC(=O)c1cc(C(=O)N[C@H](CC)c2ccccc2)c2COCCn12,5
CC(C)Cc1cc(CNC(=O)C2C3CN(CCC(C)(C)C)CC32)nn1-c1ccccc1,5.585026652
OC(=O)CCCOc1cccc(CCCCCCOc2cc(cc(c2)-c2cccc(F)c2)-c2ccc3OCOc3c2)c1CCC(O)=O,5.522878745
CN1CCOc2c1cnn1c(-c3ccc4cccc(NCC5(F)CCNCC5)c4n3)nnc21,4.705533774
CN(c1ccc(CN2CCC3(CC2)OCc2cc(F)ncc32)cc1)c1ccc(F)c(F)c1,9
C[C@]12C[C@H](CC(C1)c1ccccc1)N(CCN1CCN(C1=O)c1cccc(Cl)c1)C2,7.199970641
Cc1cnc(NC(=O)c2cc(Oc3ccc(C#N)cc3)c3cc(C)oc3c2)cn1,5.397940009
CC[C@@H](NC(=O)c1cc(C(=O)N[C@H](C)c2ccc(F)cc2)n2CCOCc12)c1ccc(cc1)C(F)(F)F,6
Cc1c([C@@H](O)CN2CCC3(CC2)CCN(c2ccc(=O)n(C)n2)C3)ccc2c1COC2=O,5.346787486
Fc1ccc2c(c1)onc2C1CCN(CC1)CCCCNS(=O)(=O)c1ccc2c(c1)ccc(c2)Cl,4.698970004
CNC(=O)CCCN(C)C(=O)c1ccc2n(C)c3CCC(Cc3c2c1)C1CCOCC1,4.48148606
Cc1ccc2nc(CN3CCCC3)n(Cc3ccc(Cl)cc3)c2c1,6.15490196
Cc1c([C@@H](O)CN2CCC3(CC2)CCN(c2ccns2)C3)ccc2c1COC2=O,5.853871964
O=C1CCc2ccccc2N1OCCN1CCC(CC1)n1c2ccccc2[nH]c1=O,5.031517051
CCNCCc1cccc(c1)C(F)(F)F,3.270025714
Cc1c2COC(=O)c2ccc1[C@@H]1CN2CCN(C[C@H]2CS1)C(=O)Cc1ccc(nc1)-n1cnnn1,5.050609993
CCC(c1ccccc1)NC(=O)c1c(CS(=O)C)c(nc2c1cccc2)c1ccccc1,4.48148606
Cc1ccccc1[C@H]1C[C@@H](NCc2ccc(Cl)cc2)CC[C@@H]1C(=O)N1CC(c2ccccc2)(c2ccccc2)C1,8.522878745
COc1cc(ccc1-n1cnc(C)c1)-c1cn(Cc2ccc(cc2)-c2nc3ccccc3o2)nn1,5
N#Cc1c(N2CCCC(C2)N)n(c2c1ncn(c2=O)Cc1ccnc2c1cccc2)CC=C(C)C,5.37675071
C[C@@H]1CN(CCN1c1ncc(OCc2ccc(cc2F)S(C)(=O)=O)cn1)C(=O)OC1(COC1)C(F)(F)F,4.958607315
Cc1ccc(cc1)COC(=O)N1CCC(CC1)CN(c1ncccn1)C,5
O=C1OCc2cc(CCN3CCN(C(=O)Cc4ccc(-n5cnnn5)c(C(F)(F)F)c4)CC3)ccc21,5.292429824
COc1ccc2ncc(F)c(CC(NS(C)(=O)=O)C34CCC(NCc5ccc6c(n5)NC(=O)CO6)(CC3)CO4)c2n1,5.48148606
N#Cc1ccc2c(c1)n(CCN1CCC(C(C1)O)NCc1ncc3c(c1)OCCO3)c(=O)cc2,3.931814138
Cn1c(SCCCN2CC3CCN(c4ccc(C(F)(F)F)cc4)C3C2)nnc1-c1ccc(=O)n(C)c1,5.899629455
NC1=NC2(CO1)c1cc(NC(=O)c3ccc(F)cn3)ccc1OCC21CC1,5
Cc1cc(nc(C)n1)C(=O)NCCCN1CCN(CC1)c1cccc(Cl)c1Cl,5
C[C@@H]1CCCN1CCc1ccc2nc(ccc2c1)-c1sc(nc1C)-c1cccs1,5.431798276
COCc1nc2cc3CCN(CCCSc4nnc(-c5cccc6nc(C)ccc56)n4C)CCc3cc2o1,4.801342913
O[C@H](CNC(=O)c1c[nH]c(=O)c2ccc(F)cc12)CN1CCC(CC1)Oc1ccc(Cl)c(Cl)c1,5.900008766
CCN(C1CCN(CC[C@H](C2CCN(CC2)S(C)(=O)=O)c2cc(Cl)cc(Cl)c2)CC1)C(=O)Cc1ccc(cc1)S(C)(=O)=O,5.187086643
N#Cc1ccc(N2CCC(Nc3cc(Nc4ccncn4)ncc3C(N)=O)CC2)nc1,4.769551079
Clc1cc2OCCOc2c(c1CNC12CCC(CC1)(OC2)CC1(O)Cn2c3c1c(F)cnc3ccc2=O)Cl,4.517126416
Cc1cn(cn1)-c1ccc(Nc2cccc3n(C)c(nc23)-c2ccc(F)cc2)cn1,5
COc1cc2nnc(C(N)=O)c(Nc3ccc(C)cc3F)c2cc1N1CCC(N(C)C)CC1,4.677780705
O=c1cc(OCc2ccccc2)ccn1-c1ccc2n(CCN3CCCC3)ncc2c1,5.602059991
N[C@H]1Cn2c(nc3cnc(C(F)(F)F)cc32)C[C@@H]1c1cc(F)c(F)cc1F.O=C(O)C(F)(F)F.O=C(O)C(F)(F)F,4.244125144
Cc1cc(CN2C[C@H](N)[C@@H](C2)C(=O)C2CCC[C@H]2C#N)cc(C)c1C#N,4.539102157
CS(=O)(=O)c1ccc(CCN2CCN(CCc3ccc(cc3)[N+]([O-])=O)CC2)cc1,7
Nc1nc2c(cc(Cl)cc2o1)C(=O)N[C@@H]1CN2CCC1CC2,5.318758763
CC1(C)[C@H](Nc2c(C(N)=O)cnn3cc(-c4ccc(F)nc4)cc23)CC[C@]1(C)N,4.455931956
O[C@]1(CC[C@@H](CC1)N1CC(C1)NC(=O)CNc1nc(nc2ccc(cc12)C(F)(F)F)C(F)(F)F)c1cncs1,4.485452247
COc1cc([C@](O)(CCN(C)C)[C@@H](c2cc3cc(Br)ccc3nc2OC)c2ccnc(OC)c2OC)cc(OC)n1,5.585026652
COCCCOc1cc(ccc1OC)C(=O)N(C[C@@H]1CNC[C@H]1Cc1ccccc1)C(C)C,4.838631998
[O-][S@@+]1CC[C@H](CC1)C(=O)N[C@H](c1ccc(cc1)F)CCN1[C@@H]2CC[C@@H]1C[C@@H](C2)n1c(C)nc2c1cc(F)cc2,5
COc1cc(cc(OC)c1OC)C(=O)OCCCN2CCCN(CCCOC(=O)c3cc(OC)c(OC)c(OC)c3)CC2,6.160019442
Cn1c(SCCCN2CC3CCN(c4ccc(C(F)(F)F)cc4)C3C2)nnc1C1CCCCC1,7
FC(F)(F)c1ccc(cc1)-n1ccc(CN2CCC(CC2)NC(=O)N2CCCC2c2cccnc2)c1,5.511449283
O=C(N1CCN(CC1)C(c1ccccc1)c1ccccc1)CC(c1ccccc1)c1ccccc1,5.13076828
Cc1cc(Cl)ccc1OC1CCN(C[C@H](O)CNC(=O)c2c[nH]c(=O)c3cc(ccc23)S(C)(=O)=O)CC1,5.699991797
COc1cc(C)c2nccc(CCC34CCC(CC3)(CO4)NCc3ccc4OCC(=O)Nc4n3)c2n1,9
Cn1c(SCCCN2C[C@@H]3[C@](C2)(C3)c2ccc(cc2)C(F)(F)F)nnc1c1ccnnc1,6.327902142
CN1CCN(CC1)c1cc2[nH]c(Nc3cc(C4CC4)c(F)c(C)n3)nc2cn1,5.055517328
O[C@H]1CC[C@@H](CC1)Nc1ccc2ncc(-c3cccc(c3)C(F)(F)F)n2n1,5
Cc1nc2ccccc2n1C1CC2CCC(C1)N2CCC1(CCN(CC1)C(=O)C(C)(C)CO)c1ccccc1,5.22184875
Fc1ccccc1C(=O)Nc1ccc(cc1)-c1nnc(NCCCN2CCCOCC2)o1,4.700000504
COc1ccc(cc1)-c1nnc(o1)C(=O)N1CC(C1)Oc1ccc(CN(C)C)cc1,4.677780705
CCn1c(=O)oc2ccc(-c3ccc(C[C@@H](C#N)NC(=O)[C@@H]4CNCCCO4)cc3)cc21,4.508638306
O=C(N1CCC(CC1)CNc1ncccn1)OCc1ccccc1,5
COc1cc(ccc1OC)C1CCN(CC1)CC[C@@H]1CCOc2c1cccc2,6
COc1cnc2ccc(=O)n(CCN3CC[C@@H](NCc4cnc(C)c(c4)C#N)[C@@H](F)C3)c2c1,4.045757491
Fc1cc(ccc1[C@@]12CN(C[C@H]2C1)CCCSc1nnc(n1C)c1ocnc1C)C(F)(F)F,6.337242168
CC(C)(O)COc1ccc(C(N)=O)c(O[C@@H]2CCN(C(=O)Cc3ccc(OC(F)(F)F)cc3)C[C@@H]2F)c1,4.420216403
CC[N+]1(C)Cc2sc(NC(=O)Nc3ccc(Cl)cc3)c(C(N)=O)c2C1.[I-],5.482804102
C[C@@H]1CN(CCN1c1ncc(OCc2ccncc2C#N)cn1)c1nnc(o1)C(F)(F)F,4.744727495
FC(F)(F)c1cc(COCC2(CCNCC2)c2ccccc2)nc(c1)N1CCCC1,5.638272164
Cc1cc(C(NC(=O)[C@@H]2CC[C@@H](N3CCOCC3)C[C@H]2c2ccc(Br)cc2)c2ccc(Cl)cc2)ccn1,5.823908741
O=C(c1ccc(cn1)C1(CCCO1)c1ccc(cc1)OCc1ccccn1)NCC(O)(C)C,4.494850022
Cc1c(CNC2CCCC2)nn(c1-c1cccnc1)-c1ncccc1Cl,4.638272164
CN(CCCC(=O)NCCO)C(=O)c1ccc2n(C)c3CC[C@H](Cc3c2c1)C1CCOCC1,4.48148606
Oc1ccc2CNC(CN3CCC4(CCc5ccccc45)CC3)Cc2c1,6.522878745
COc1cc(ccc1-n1cnc(C)c1)-c1cn(Cc2cccc(F)c2)nn1,5.568636236
COc1c(C)cc(cc1C)[C@@]1(N=C(C)C(N)=N1)c1cccc(c1)-c1cncnc1,4.48148606
NC(=O)c1cccc(O[C@H]2C[C@@H]3CC[C@H](C2)N3CC(=O)N2CCCC2)c1,9
Fc1ccccc1C(=O)N[C@@H]1CCCc2c1[nH]c1ccc(Cl)cc21,4.698970004
CCNC(=O)N1CCN(c2cnc3cc(C(F)(F)F)cc(NCc4cccc([N+](=O)[O-])c4)c3c2)CC1,6.677780705
Cl.OC(c1cc(C(F)(F)F)nc2c(C(F)(F)F)cccc12)C1CCCCN1,5.250001023
CS(=O)(=O)c1ccc(cc1)-c1cnn2ccc(cc12)-c1cccc(c1)S(C)(=O)=O,4.48148606
COc1cc(ccc1-n1cnc(C)c1)-c1cn(CC(=O)N(CC(F)(F)F)c2cccc3ccccc23)nn1,6.096910013
CC(=O)NC(c1cccc(c1)F)CCN1C2CCC1CC(C2)n1c(C)nc2c1CCN(C2)c1ccncn1,8
Fc1cc2[nH]c(-c3c4c(ccc3)cccc4)c(c2cc1)[C@@H]1C[NH2+]CC[C@@H]1F,6.958607315
Cc1cn2cc(CC(=O)N3CCC4(CN(C4)[C@@H]4CCc5cc(ccc45)-c4cc(C)ncn4)CC3)nc2s1,5.161150909
CC(C(O)c1ccc2NC(=O)CCc2c1)N1CCC(O)(CC1)c1ccc2CCOCc2c1,4.795880017
COc1ccc(cc1)C(CCCN)(c1ccccc1)c1ccccc1,5.180456064
CC(CN(C(=O)c1ccc(c(c1)Cl)Cl)C1CNCC1)C,4.764496804
CC(C)(Cc1ccc2ccccc2c1)NC[C@@H](O)COc1ccc(CCC(O)=O)cc1C#N,9
Cc1nc2C(=O)N(CC(=O)NCc3cccnc3)Cc2c(c1CN)-c1ccc(Cl)cc1Cl,4.096910013
COc1cc(C=Cc2nc3cc(ccc3c(=O)[nH]2)C(F)(F)F)ccc1-n1cnc(C)c1,6.060480747
Nc1ncnc2c1c(-c1ccc3cc[nH]c3c1)cn2-c1ccc(OCCNCCO)cc1,5.552841969
O=C(c1ccccc1)C1CCN(CC1)CCc1ccccc1,6.679853714
CC(C)N1CC[C@H](C1)N(C)C(=O)c1ccc(Cn2c(C)nc3ccccc23)cc1,4.522878745
O[C@@H](CC[C@@H]1[C@H](N(C1=O)c2ccc(F)cc2)c3ccc(O)cc3)c4ccc(F)cc4,4.720000164
Fc1cnc2c(CCC34CCC(CC3)(CO4)NCc3ccc4OCC(=O)Nc4n3)ccnc2c1,9
Fc1ccc(cc1)[C@H]1OCCN(C1)C(=O)c1cccc(c1)S(=O)(=O)C1CCc2c(C1)cccc2,5.049148541
NCCCCn1cc(-c2ccc3cc[nH]c3c2)c(C(F)(F)F)n1,5.721246399
CN(C)C(=O)CNCCc1cccc(OCCCC(F)(F)CF)c1.Cl,4.823908741
CCN1CCN(CC1)c1cc2[nH]c(nc2cc1Cl)C(=O)[C@]1(C)CC[C@@](C)(O)CC1,4.698970004
CC(C)c1nc(co1)-c1nnc2[C@@H](C)N(CCn12)C(=O)c1ccc(cc1)-c1cccs1,5.13667714
O=C(N)C[C@H](NC(=O)c1[nH0]c2ccccc2cc1)C(=O)N[C@@H](Cc1ccccc1)[C@H](O)C[N+]1C[C@@H](CCCC[C@@H](C[C@H]1(C(=O)NC(C)(C)C))1)1,4.815308569
CC1(C)Oc2ccc(Br)cc2C2(CSC(N)=N2)C11COC1,5
CCN1CCN(CC1)c1cc2[nH]c(nc2cc1Cl)C(=O)[C@@]1(C)CC[C@@](C)(O)CC1,5.508638306
COc1ccc2ncc(F)c(CCC34CCC(CC3)(CO4)NCc3nc4NC(=O)COc4cc3F)c2n1,5.886056648
O=C(N1CCC2(CC1)C(=O)Nc1c2cccn1)N[C@@H]1CC[C@H](Cn2c1ncc2CC(F)(F)F)c1cccc(c1F)F,5.060480747
CCN(CC(COc1ccc(cc1)NS(=O)(=O)C)O)CCc1ccc(c(c1)Cl)Cl,6.769551079
C[C@@H](c1ccc(OC(F)F)cc1)N1CC[C@](CCC(N)=O)(c2ccc(F)cc2)OC1=O,5.27572413
CCOC(=O)N1CCC(CN2CCC3(CN(c4ncccc34)S(C)(=O)=O)CC2)CC1,5.721246399
Cc1ncoc1-c1nnc(SCCCN2CCC3CC3(C2)c2ccc(cc2)C(F)(F)F)n1C,5.699991797
Cc1nc2ccccc2n1C1CC2CCC(C1)N2CCC1(CCN(CC1)C(=O)C(C)(C)C)c1cccc(F)c1,5.799998135
CC1(C)O[C@@H]2CC3C4C[C@H](F)C5=CC(=O)C=CC5(C)C4C(O)CC3(C)[C@@]2(O1)C(=O)CO,4.529999886
Fc1c(c2c([N+](=C[C@@H](C(=O)[O-])C2=O)C2CC2)cc1N1C[C@H]([NH2+]CC1)C)C,4.179995693
Fc1cc(CCN2CCN(CCc3ccc4C(=O)OCc4c3)CC2)ccc1C#N,6.769551079
COc1ccc(cc1Nc1ncc(Cl)c(n1)-c1cnc2ccccn12)N1CCN(CC1)C(C)=O,5.366531544
CC(C)CN1CCC(COc2ccc(NC(=O)Nc3cccnc3Oc3ccccc3C(C)(C)C)c(F)c2)CC1,5.431798276
Cc1c2COC(=O)c2ccc1[C@@H]1CN2CCN(C[C@H]2CO1)C(=O)Cc1ccc(nc1)-n1cnnn1,4.690369833
CNC1CCCC(c2c[nH]c3ccc(NC(=N)c4cccs4)cc23)C1.Cl,4.48148606
CCCc1nc(Nc2cc(NCCN)nnc2C(N)=O)ccc1OC,5
CC(C)(C)n1cc2OC3(CCN(CC3)C(=O)c3ccc4[nH]ncc4c3)CC(=O)c2n1,4.468521083
CC[C@@H](NC(=O)c1cc(C(=O)N[C@H](CC)c2ccc(OC)nc2)n2CCOCc12)c1ccccc1,5
C[C@@H]1CCCN1CCc1ccc2nc(ccc2c1)-c1nc2ccccc2s1,5.698970004
CCOc1ccc(cn1)C1(O)CCC(CC1)N1CCC(C1)NC(=O)CNC(=O)c1cccc(c1)C(F)(F)F,4.522878745
CC1CCCN1CCc1ccc(cc1)-c1ccc(cc1)S(=O)(=O)NCc1ccncc1,5.091514981
CNC(=O)[C@@H]1C[C@H](N2CCc3c(cccc3OCCc3ccccc3)C2)CN1C(=O)c1ccc(CN)c(OC)c1,5.397940009
Cc1nc2ccccc2n1C1CC2CCC(C1)N2CCC1(CCN(CC1)C(=O)c1ccccc1C(O)=O)c1ccccc1,3.900000142
COS(=O)(=O)[O-].C[N+]1(C)CCC(=C(c2ccccc2)c3ccccc3)CC1,5.970007825
FC(F)c1cc(-c2cnn(Cc3cc[nH]n3)c2)ccc1Cl,5.32330639
CC[C@@H](NC(=O)c1cc(C(=O)N[C@H](CC)c2ccccc2)n2CCOCc12)c1ccccc1,5
Fc1ccc(cc1F)-n1cc(NCCN2CCCCC2)nn1,5.657577319
c1ccc(-c2cccc3nc(-c4cccnc4)nc(NCc4ccccn4)c23)cc1,4.698970004
NC1CCCN(C1)c1c(cccc1c1ccncc1)/C=C/1\SC(=O)NC1=O,4.522878745
Clc1cc2nccc(N[C@@H](CCC[NH+](CC)CC)C)c2cc1,5.602059991
N#Cc1ccc(cc1)Cn1cncc1CN(C1CCN(C1=O)Cc1cccc(c1)Cl)CCN1CCOCC1,6.721246399
CC(=O)N1CCN(CC1)CCOc1ccc(cc1)C1(O)CCN(CC1)c1ccc2n(n1)c(nn2)C(F)(F)F,4
F[C@@H]1CN(C[C@H]1F)C(=O)[C@H]1NC[C@H](C1)N1CCN(CC1)c1ncccn1,4
CCOc1cc2ncc(C(N)=O)c(Nc3cccc(Cl)c3Cl)c2cc1C1CCN(C)CC1,5.397940009
Cc1ccc(NC(=O)NS(=O)(=O)c2ccc(OCCCN3CCCCC3)cc2)cc1,4
Cc1ncoc1-c1nnc(SCCCN2CC3CCN(c4ccccc4)C3C2)n1C,5.853871964
O=C(NC1CCN(C1)CCN1CCN(CC1)C(=O)c1ccccc1)CNC(=O)c1cccc(c1)C(F)(F)F,5
NS(=O)(=O)c1ccc(Oc2cnc3ccc(=O)n(CCN4CCC(CC4)c4nc5cc(ccc5[nH]4)C(F)(F)F)c3c2)cc1,4.48148606
CNCc1ccc(Cl)cc1Oc1ccc(F)c(C)c1,5.522878745
CCc1ccccc1C(=O)N(CC1CCC1)[C@H]1CCNC1,4.787812396
COc1nc2ccc(C(=O)N(C)C)cc2cc1C(c1ccccc1)C(O)(CCN(C)C)c1cccc2ccccc12,5.200659451
FC(F)(F)c1ccc(cc1)-n1ccc(CN2CCC(CC(=O)N3CCOC(C3)C(=O)N3CCCC3)CC2)c1,4.500312917
COc1cc2nnc(c(c2cc1N1CCN(CC1)C)Nc1ccc(cc1F)F)C(=O)N,4.698970004
Cc1oc(nc1COc1cccc(CN(CC(O)=O)C(=O)Oc2ccc(C)cc2)c1)-c1ccc(Cl)cc1,4.53313238
Cc1ccc(CN2[C@H]3CC[C@@H]2C[C@H](C3)Oc2cccc(c2)C(N)=O)o1,9
Cl.FCCOc1cccc(CCC2CCN(CCc3ccccc3)CC2)c1,6.124938737
Cc1cc(Cl)ccc1OC1CCN(C[C@H](O)CNC(=O)c2c[nH]c(=O)c3ccc(cc23)S(C)(=O)=O)CC1,4.500312917
Fc1cc(ccc1C1CC2CCC(C1)N2CCCSc1nnc(n1C)c1ocnc1C)C(F)(F)F,6.301029996
CCS(=O)(=O)c1ccc2n(CC3CC3)c(nc2c1)C(C)(C)C,5.585026652
O=C(N1CC(C(C1)(F)F)(F)F)[C@H]1NC[C@H](C1)N1CCN(CC1)c1ncccn1,4
N#Cc1ccc(cc1)Cn1cncc1CNC1CCN(C1)C(=O)c1cccnc1C,5
COc1cc(ccn1)C1(N=C(N)c2c1cccc2F)c1cccc(c1)-c1cncnc1,5.657577319
CCC1Oc2ccc(cc2C2(COC(N)=N2)C11COC1)-c1cncc(c1)C#CC,5.102372909
O=C1NCC(c2ccccc2)C11CCN(CC1)C1(CCOCC1)c1ccccc1,4.853871964
COc1cc(ccc1-n1cnc(C)c1)-c1cn(nn1)C1CCCCNC1=O,4.35753548
COc1ccccc1CC(N1CCNCC1)c1ccc(F)cc1,4.795880017
Fc1ccc(cc1)C[nH0]1c2ccccc2[nH0]c1N1CCC(CC1)CNC1=[N+]C=CC(=O)N1,6.356547324
Clc1ccc(OC2CCN(CC2)C2CCN(CC2)C(=O)NS(=O)(=O)c2ccccc2)cc1Cl,5
Cn1c2CCN(Cc2c2cc(ccc12)C(=O)N1CCCCC1)C1CCOCC1,4.744727495
COc1c(Nc2ncc(Cl)c(Nc3ccccc3-n3cccn3)n2)ccc2c1CCCC(N1CCN(CCO)CC1)C2,5.431798276
Cc1cccc(NC(=O)c2ccc(o2)-c2ccc(Cl)cc2)c1,4.568636236
Cc1ccc(-c2cc3nccnc3c(NC[C@H]3CCCNC3)n2)s1,5.299997603
Cn1cc(cn1)[C@]1(N[C@H](Cc2c1[nH]c1ccccc21)c1nc(c[nH]1)-c1ccc(F)cc1)c1ccc(cn1)C(O)=O,4.019542108
O=C(c1ccc(cc1)OC1CC(C1)N1CCCCC1)N1CCOCC1,4.522878745
Cc1cc2nc(CC3CCNCC3)n(Cc3ccc(Cl)cc3)c2cc1C,5.958607315
O=C1[C@H]2CCN1C(c1ccccc1)c1cccc(Oc3cc(Cn4cncc4CN2)ccc3C#N)c1,5.795880017
Cc1ccc(nc1)[C@]1(O)CC[C@@H](CC1)N[C@H]1CCN(C1)C(=O)CNC(=O)c1cccc(c1)C(F)(F)F,4.619788758
Cc1ccc2c(n1)ccc(c2)c1nnc(n1C)SCCCN1C[C@@H]2[C@](C1)(C2)c1ccc(cc1)C(F)(F)F,6.301029996
CCCS(=O)(=O)n1c2CCN(Cc2c2cc(ccc12)C(=O)N1CCC(C)CC1)C1CCOCC1,5.698970004
O=C(N1CCC(C1)NC1CCC(CC1)(O)c1ccc(cn1)c1ncccn1)C1CCN(CC1)c1nccc(c1)C(F)(F)F,4.552841969
CN1CCN(CC1)c1ccc2nc(Nc3ccc(C)cn3)[nH]c2c1,4.896196279
FC(F)(F)c1ccc(cc1)[C@@H]1C[C@H]1C(=O)N1CCN(CC1)S(=O)(=O)c1cc(cc(c1)C(F)(F)F)-c1nnc[nH]1,6
O[C@]1(CC[C@@H](CC1)N[C@H]1CCN(C1)C(=O)CNC(=O)c1cccc(c1)C(F)(F)F)c1ccc(cn1)-c1ncco1,4.522878745
CC(C)n1c(C)ncc1-c1ccnc(Nc2ccc(cc2)N2CCN(CC2)C(=O)[C@H](C)O)n1,4.619788758
CC(C)[C@@]1(CC[C@H](C1)N1CCC2COCCC12)C(=O)N1CCN(CC1)c1cc(ccn1)C(F)(F)F,5.958607315
Oc1cc(Cl)c2c(c[nH]c2c1)C(=O)OCC12CCN(CC1)CC2,4.522878745
CN1CC(=O)N2[C@H](Cc3c([nH]c4ccccc34)[C@H]2c2ccc3OCOc3c2)C1=O,4
Nc1cc(CN2CCC(CC2)N(C(=O)NCc2ccc(F)cc2)c2ccc(Cl)cc2)ccn1,6.415668776
CCO[C@H]1CN(C[C@@H]1NC(=O)CNC(=O)c1cccc(c1)C(F)(F)F)[C@H]1CC[C@](O)(CC1)c1ccc(C)cc1,4.958607315
CCOc1ccc(c(F)c1)-n1nc2c(nnc(C)c2c1C)N1CC(C1)OC,5.22184875
Cc1ncsc1-c1nnc(SCCCN2CC[C@]3(C[C@@H]3c3ccc(C(F)(F)F)cc3)C2)n1C,6.100015437
O=C1CCc2ccncc2N1CCCN1CCC(CC1)n1c2ccccc2[nH]c1=O,4.301029996
Cc1ccc(cn1)-c1cnc2nc(sc2c1)N1CCC(CC1)N1CCCCC1,5.124938737
CN(c1ncnc2[nH]ccc12)[C@@H]1CCN(C(=O)CC#N)C1,4.031517051
Oc1ccc(Cl)c2CC(CN3CCC4(CCc5ccccc45)CC3)NCc12,5.769551079
O=C(Cc1ccc(OCC[C@@H]2C[C@@H]2C2CCN(c3ncc(Cl)cn3)CC2)cc1F)N1CC(O)C1,5.27572413
COc1cccc2c3nc(CN4CCN(C[C@H]4C)c4cccnc4)nn3c(N)nc12,4.657577319
O=C1[C@H](CCN1Cc1ccccc1)N(CCCc1ccccc1)Cc1cncn1Cc1ccc(cc1)C#N,9
ONC(=O)/C=C/c1ccc(cc1)CNCCc1c(C)[nH]c2c1cncn2,4.301029996
CS(=O)(=O)c1ccc(cn1)-c1cccc(c1)-n1cc(C(=O)NC2CC2)c(=O)c2cccnc12,4.866461092
C[C@@H](C(=O)N1CCC(Oc2ccc(-c3cn(C)cn3)cc2C(N)=O)CC1)c1ccc(OC(F)(F)F)cc1,5.37675071
FC(F)(F)c1ccc(cc1)[C@@H]1C[C@H]1C(=O)N1CCN(CC1)S(=O)(=O)c1cc(cc(c1)C(F)(F)F)-c1cc[nH]n1,6.301029996
CN1CC(C)(NC(=O)Nc2cccc(c2)-c2nnnn2C)C(CN2CCC[C@@H](Cc3ccc(F)cc3)C2)OC1=O,4.804100348
CC(=O)N1CCC(n2cc(Nc3ncc(Cl)c(-c4cnc5ccccn45)n3)cn2)CC1,5.26760624
ONC(=O)C(c1ccc(cc1)OS(=O)(=O)C(F)(F)F)C,5
COc1cc(N)c(Cl)cc1C(=O)N[C@H]1CCN(CCCn2cccc2)C[C@H]1OC,5.165261481
COc1ccc2cc(ccc2c1)-c1cc(nn1[C@@H](C)c1ccc(cc1)C(=O)NCCC(O)=O)-c1cc(Cl)ccc1Cl,5.013228266
CCC(CC)CNc1c(C(N)=O)cnc2ccc(-c3cccnn3)cc12,5.638272164
Fc1cccc2C(N(CCc3ccccn3)C(=O)c12)C(=O)NCc1ccc(OC(F)(F)F)cc1,5.086186148
C[C@@H]1CCCN1CCc1ccc2nc(ccc2c1)-c1ccc(cc1)-n1ccc(=O)cc1,4.698970004
CC1(N(CCc2ccccn2)C(=O)c2ccccc12)C(=O)NCc1ccc(OC(F)(F)F)cc1,4.958607315
COc1ccc2c(c1)n(C[C@@H](C1CCC(CC1)NCc1ncc3c(n1)NC(=O)CO3)N)c(=O)cc2,4
Cc1nn(cc1CN1CC(O)C1)-c1ccnc(Nc2ccc3n(C)c(C)c(C)c3c2)n1,4.903089987
Cc1c(CN2CCOCC2)cc(-c2ccc(C(C)C)cc2)n1Cc1ccc(F)cc1,5.301029996
CCn1cc(cc(C)c1=O)[C@@]1(N=C(N)c2c1cccc2F)c1cccc(c1)C#CC1CC1,5.070581074
OC(=O)[C@H](Cc1cccc(F)c1)N1CCC(CN2CCC(CC2)Oc2ccc(Cl)c(Cl)c2)CC1,5
C[C@H]1CN(C[C@H](Cc2ccccc2)C(=O)NCC(O)=O)CC[C@@]1(C)c1cccc(O)c1,1.495597108
CC(C)N(CCc1c([nH]c2ccccc12)C(C)(C)O)Cc1ccc(\C=C\C(=O)NO)cc1,4.522878745
COc1cc(ncc1C#N)[C@@H](O)CN1CCN(C[C@H](O)c2ccc3C(=O)OCc3c2C)CC1,4.602059991
Oc1cc(Cl)cc(Cl)c1CNC(=O)C1CCN(Cc2ccn(c2)-c2ccc(cc2)C(F)(F)F)CC1,5.37675071
N#Cc1cnccc1COc1cnc(nc1)N1CCN(CC1C)c1noc(n1)C(C)C,5
Fc1cccc(c1)C1(CCN2[C@@H]3CC[C@@H]2C[C@@H](C3)n2c(C)nc3c2cccc3)CCN(CC1)C(=O)c1cc(NS(=O)(=O)C(C)C)c(cc1F)F,5.050609993
CCC[C@@H](CCO)Nc1nc(N)nc2ccccc12,5.167491087
O=C(N(S(=O)(=O)c1ccccc1)C)N1CCC(CC1)N1CCC(CC1)Oc1ccc(c(c1)Cl)Cl,6.494850022
Clc1cc2c(n(cc2C2CC[NH+](CC2)CCN2CCNC2=O)C2CCCCC2)cc1,3.863279433
CCOC1CN(CC1NC(=O)CNC(=O)c1cccc(c1)C(F)(F)F)C1CCC(CC1)(O)c1ccccc1,4.769551079
O=C1OCc2cc(CCN3CCN(C(=O)Cc4ccc(-n5cnnn5)cc4)CC3)cc(Cl)c21,5.468521083
CCN(CC)CCSCC(=O)O[C@@H]1C[C@@](C)(C=C)[C@@H](O)[C@H](C)[C@@]23CCC(C)[C@]1(C)[C@@H]2C(=O)CC3,5.599997654
Fc1ccc(cc1)N(CCNCCCc1ccccc1)c1ccc(F)cc1,9
COc1cc2oc(cc(=O)c2cc1F)C(=O)NC1CCN(Cc2ccc3OCOc3c2)CC1,9
C[C@@H]1CCCN1CCc1ccc2nc(ccc2c1)-c1ccncc1,4.552841969
COc1ccc2c(n1)c(ccn2)NC(=O)C1(O)CCC(CC1)NCc1cnc2c(c1)OCCO2,4.301029996
CN=[S+](C)([O-])c1ccc(Nc2ncc(C(F)(F)F)c(N[C@@H]3CCC[C@H]3N(C)C)n2)cc1,4.692503962
N[C@@H](CC(=O)N1CCC[C@H]1C(=O)NCc1ccc(cc1)CC(=O)O)Cc1ccc(c(c1)F)F,4.102372909
CC(C)N(CCc1c[nH]c2ccccc12)Cc1ccc(\C=C\C(=O)NO)cc1,5.231361899
CC(C)COc1cccc(C=C2SC(O)=NC2=O)c1N1CCC[C@@H](N)C1,4.638272164
COc1cc2ncnc(Nc3cccc(Cl)c3F)c2cc1CN1CCOCC1,4.769551079
CC(C)(C)c1c(cnn1-c1ccc(cc1)C(O)=O)C(=O)NC1C2CC3CC(C2)CC1C3,4
CN1Cc2ccc(cc2C1=O)-c1ccc(C[C@H](NC(=O)C2(N)CCOCC2)C#N)cc1,4.48148606
COc1ccc(cc1)C1CN(CC1CNC(=O)c1cccc(c1)Cl)CCc1ccc(c(c1)OC)OC,6.795880017
C[C@H]1Cc2c([nH]c3ccccc23)[C@@]2(N1)C(=O)Nc1ccc(Cl)cc21,4.522878745
NC(=O)c1cnc2ccc(-c3cccnc3)cc2c1NC1CCCC1,6.244125144
CC1(c2cccc(-c3cncnc3)c2)N=C(N)c2ccccc2S1,5.22184875
O=C(NC1CCN(Cc2ccc3OCOc3c2)CC1)c1cc(=O)c2ccccc2o1,9
OC(=O)C1(F)CCN(CC1)C1CCC2(C1)Cc1ccccc1Cc1c2cccc1,4.397940009
O=P(N(CCCC#N)c1cccnc1)(c1ccccc1)c1ccccc1,4.48148606
CO[C@H]1CC[C@@H](CC1)N1C(=O)CNc2ncc(nc12)-c1ccc(nc1)C(C)(C)O,4.48148606
CCOC(=O)[C@@H]1CC[C@@H](CC1)N1CC(C1)NC(=O)CN=C1NC(Cc2ccccc2)c2ccc(cc12)C(F)(F)F,5.853871964
COc1ccc(cn1)C(NC(=O)CC1CCN(Cc2ccn(c2)-c2ccc(cc2)C(F)(F)F)CC1)c1ccc(F)cc1,5.756961951
Clc1cc(Cl)cc(c1)C(=O)NCC1CCN(Cc2ccc(Br)nc2)CC1,6.1837587
COc1cc(\C=C\c2nc3ccccc3c(=O)n2-c2ccccc2)ccc1-n1cnc(C)c1,6.004364805
C[C@@H]1CN(C(=O)OCC(F)(F)F)CCN1c1ncc(OCc2ccncc2C#N)cn1,4.920818754
Fc1ccc(CN2CCN(CC2)[C@H](c2ccc(cc2)C(=O)N2CCC2)c2cccc(NC(=O)C3CC3)c2)cc1,5.443697499
FC(F)Oc1ccc2ncc(F)c(CCC34CCC(CC3)(CO4)NCc3ccc4OCC(=O)Nc4n3)c2n1,6.15490196
Clc1ccc(OCC(=O)N2CCN(Cc3ccc4OCOc4c3)CC2)cc1,5.490004908
CC(=O)N1CCN(CCOc2ccc(NC(=O)c3cccc(F)c3)cc2-c2ccnn2C)CC1,5.387216143
CS(=O)(=O)C1(CCOCC1)c1nc(nc2N3CCOC[C@H]3COc12)-c1cccc2[nH]ccc12,2.22184875
CS(=O)(=O)c1ccc(-c2noc(n2)[C@@H](CCO)[C@H](N)C(F)=C2CCCC2)c(Cl)c1,4.327902142
Fc1ccc2n(C3CCN(CCCN4C(=O)COc5ccccc45)CC3)c(=O)[nH]c2c1,5.721246399
COc1cccc2c1CCCC21CCN(CCCSc2nnc(-c3ocnc3C)n2C)C1,5.699991797
c1ccc(cc1)CN(c1cccc2c1cc[nH]2)C1CCNC1,5
FC(F)(F)Oc1ccc(Oc2ccc(CN3CCC4(CCCCO4)CC3)cc2)cc1,5.602059991
COc1cc(ccc1Nc1ncc(Cl)c(n1)-c1cnc2ccccn12)C(=O)N1CCOCC1,5.568636236
CNCc1cc(Oc2ccc3c(ccn3C(=O)Nc3ccc(F)c(C(F)(F)F)c3)c2)ncn1,5.236572006
O=c1ccc2ncc(=O)n3[C@H](CN4CCC(CC4)NCc4cc5CCCOc5cn4)Cn1c23,2.853871964
O=C(NC1CC1c1ccccc1)N1CCC(CC1)c1nc(no1)-c1cccnc1,5.698970004
CN(C(=O)c1ccc(cc1)n1c(C)nc2c1cccc2)C1CCN(C1)C1CCCCC1,5.552841969
CC(C)(N1[C@H]2CC[C@@H]1C[C@H](C2)Oc1cccc(c1)C(N)=O)c1ccccc1,9
COc1ccc2ncc(F)c([C@H](O)[C@@H](O)C34CCC(NCc5ccc6c(n5)NC(=O)CO6)(CC3)CO4)c2n1,4.442492798
CC1CCCN(C1C)C(=O)c1csc(n1)Nc1ccc(cc1F)Cl,4.301029996
FC(F)(F)c1ccc2nccc(CCC34CCC(CC3)(CO4)NCc3ccc4OCC(=O)Nc4n3)c2n1,9
C[C@@H]1NC(=N[C@@]1(c1ccc(F)cc1)c1ccc(F)nc1)c1cncc(c1)C#N,5
CC(C)c1c(CN[C@H]2CC[C@@H](F)C2)nc(C)n1-c1cc(F)cc(F)c1,4.468521083
CC(=O)Nc1cccc(Nc2ncnc(n2)N2CCC(CC2)Oc2ccc(OC(F)(F)F)cc2)c1C,5.585026652
FC(F)(F)c1cccc(Nc2cc3[nH]c(Nc4ccc(N5CCOCC5)cn4)nc3cn2)c1,6.301029996
Cc1c2C(=O)N(Cc3ccccc3-c3ccc(F)c(F)c3)C(C(=O)NC(C)(C)C)c2ccc1O,4.568636236
Clc1cccc(c1)N1CCN(CC2CCCCN2)C1=O,5.102372909
Fc1ccc(CNC(=O)N(C2CCN(CC2)C2CCCC2)c2ccc(Br)cc2)cc1,6.698970004
CC1COc2c(N3CCN(C)CC3)c(F)cc3c2n1cc(C(O)=O)c3=O,2.850011544
CC1=NC2C=C3CCN(CCCSc4nnc(-c5cccc6nc(C)ccc56)n4C)CCC3=CC2O1,5
Cc1ccc(Nc2nccc3ccc(NC(=O)CCCCCCC(=O)NO)cc23)cc1,4.397940009
c1cc(C#Cc2ccccc2)nc(c1)C#Cc1ccccc1,4
O=C1N=CC=C2N=C(c3ccc(CN4CCC(c5n[nH]c(-c6ccccn6)n5)CC4)cc3)C(c3ccccc3)=CC12,5.251037139
Cn1cnc(c1)C(=O)N(C[C@H]1[C@@H]2CNC[C@H]12)Cc1ccc(F)c(Cl)c1,4.835647144
CCN1CCN[C@H](C1)C(=O)N1CCN(CC1)C(=O)Nc1ccc(Cl)c(Cl)c1,5
OCc1ccc(OC2CCN(CC3CCN(CC(O)=O)CC3)CC2)cc1Cl,1.190000154
COc1cc2CC(=CC(=O)c2cc1F)C(=O)NC1CCN(CC1)Cc1ccc2c(c1)OCO2,4.798602876
O=C(N[C@@H]1CN2CCC1CC2)c1cccc2oc(nc12)N1CCOCC1,5.494850022
CN1CCC(COCc2cc(cc(n2)N2CC=CC2)C(F)(F)F)(CC1)c1ccc(F)cc1,5.060480747
CNc1nn2c(C)cc(C)nc2c1S(=O)(=O)c1ccccc1,4.522878745
COc1ccc2c(c1)[C@@H]1C[C@]1(C(=O)N1C3CCC1CN(C)C3)Cn1c-2c(C2CCCCC2)c2ccc(C(=O)NS(=O)(=O)N(C)C)cc21,4.585026652
CCOc1cc(CN2CCC3(CC2)CC(=O)N(c2ccc(C(=O)O)cc2)C3)cc(OCC)c1-c1ccc(F)cc1.O=C(O)C(F)(F)F,4.346787486
C[C@@H]1COCCN1c1cc(C2([S@](C)(=N)=O)CC2)nc(-c2cc[nH]c3nccc2-3)n1,3.779891912
Cn1cc(-c2ccnc3c2OCCNC3)c(-c2ccc(F)cc2)n1,4.590066877
CCCCc1cc(OC2CCN(CCS(=O)(=O)CC)CC2)c2ncccc2c1.Cl.Cl,5.779996574
Cn1c(SCCCN2CC3CCN(c4ccc(C(F)(F)F)cc4)C3C2)nnc1-c1ccc(=O)[nH]c1,6
COc1c(cc(cc1C(C)(C)C)C(=O)N1CCN([C@@H](C)C1)C(=O)CCCCC(c1ccc(F)cc1)c1ccc(F)cc1)C(C)(C)C,6.045757491
C[n+]1c(cccc1C#Cc1ccccc1)C#Cc1ccccc1,6.256490235
Clc1cc2c(n(cc2C2CC[NH+](CC2)CCN2CCNC2=S)-c2ccc(F)cc2)cc1,5.207608311
Cc1nc2ccccc2c(=O)n1-c1ccc(OC2CCN(CC2)C2CCC2)cc1,5
COCC(=O)N1CCO[C@@H](c2nc(-c3ccc(C(=O)Nc4cc(C(F)(F)F)ccn4)cc3F)c3c(N)nccn23)C1,4.619788758
FC(F)(F)C(=O)Nc1ccc2OCC(=O)N(CCN3CCC(CC3)NCc3ccc4OCC(=O)Nc4n3)c2c1,4
COc1ccc(cn1)[C@]1(O)CC[C@@H](CC1)N1CC[C@H](C1)NC(=O)CNC(=O)c1cccc(c1)C(F)(F)F,4.37675071
c1ccc(-c2cccc3nc(-c4cncs4)nc(NCc4ccccn4)c23)cc1,5.207608311
O1c2c(C(=O)C[C@H]1c1ccc(O)cc1)c(O)cc(O)c2,4.437707136
Cc1nc2CCCCn2c(=O)c1CCN1CCC(CC1)C1NOc2cc(F)ccc12,6.819874125
COC(=O)c1noc(c1)c1ccc2c(n1)ccc(c2)CCN1CCCC1C,4.774690718
COc1ccc(-c2c[nH]c([C@H]3Cc4c([nH]c5ccccc45)[C@@H](C4CCOCC4)N3)n2)cc1,7.161150909
NC1=NC2(CO1)c1cc(Br)ccc1OCC21CC1,5
CC(C)N1CCC[C@H](Cn2c(C)nc3ncc(Oc4ccc(F)cc4)nc3c2=O)C1,4.790484985
COc1cccc(c1)-c1c(cc2ccccn12)C(=O)N1CCCCC1CO,4.480172006
Cn1cc(cn1)[C@]1(N[C@H](Cc2c1[nH]c1ccccc21)c1nc(c[nH]1)-c1ccc(F)cc1)c1cccc(n1)C(O)=O,5.060480747
Cc1ccccc1-c1nc2ccc(-c3ccc(Cl)cc3)cc2c(=O)n1C[C@H]1CCCN(C(C)C)C1,5.060480747
O1[C@@H](CC)[C@](O)(C)[C@H](O)[C@H](C)C(=O)[C@@H](C[C@@](OC)(C)[C@H](O[C@@H]2O[C@@H](C[C@@H]([NH+](C)C)[C@@H]2O)C)[C@@H](C)[C@@H](O[C@@H]2O[C@@H](C)[C@H](O)[C@](OC)(C2)C)[C@H](C)C1=O)C,4.229147988
COc1cccc(n1)[C@]1(O)CC[C@@H](CC1)N1CC(C1)NC(=O)CNC(=O)c1cccc(c1)C(F)(F)F,4.756961951
CSc1ccccc1C(=O)N([C@H]1CCNC1)C1CCCCC1,5.643974143
COc1ccc2c(c1)[C@@H]1C[C@]1(C(=O)N1C3CCC1CN(C)C3)Cn1c-2c(C2CCCCC2)c2ccc(C(=O)NS(=O)(=O)CC(C)C)cc21,4.779891912
Cc1ccc(cc1)C(=O)C1CCN(CC1)CCc1ccccc1,7.552841969
CCN(C)C(=O)c1ccc(cc1)[C@@H](N1CCN(Cc2ccccn2)CC1)c1cccnc1,4.886056648
FC(F)(F)COc1ccc(CNC(=O)C2N(CCc3ccccn3)C(=O)c3ccccc23)cc1,5.050609993
CC(C)S(=O)(=O)N[C@@H]1COC[C@@H]1c1ccc(cc1)-c1ccc(F)cn1,4.200659451
CC(C)(C)n1nnc2c1CCC(n1cnc(-c3ccc(F)cc3)n1)C2,5.199998172
CCc1nc2ccc3CCN(CCCSc4nnc(-c5cccc6nc(C)ccc56)n4C)CCc3c2s1,6.799970733
CC1CN(CCN1)c1cc2n(cc(C(O)=O)c(=O)c2c(C)c1F)C1CC1,4.301029996
FC(F)(F)COc1ncccc1CNC(=O)c1cncc(c1)-c1ccc(Cl)cc1,4.721246399
C[C@@H]1Cn2ncc(C3CCN(CC3)S(C)(=O)=O)c2CN1c1cc(Cl)nc2[nH]ccc12,4.903089987
Nc1ncc(-c2ccc(C(=O)N3CCOCC3)cc2)nc1-c1ccc(C(F)(F)F)nc1,4.694648631
Cc1cc2c(cc1CCN1CCN(C(=O)Cc3ccc(-n4cnnn4)cc3)CC1)COC2=O,4.853871964
Cc1cc(=O)n(C[C@H](N)[C@H]2CC[C@@H](CC2)NCc2ncc3OCC(=O)Nc3n2)c2cc(F)ccc12,3.477555766
Cc1ccc(cc1)S(=O)(=O)N1Cc2ccc(\C=C\C(=O)NO)cc2C1,4.522878745
O1CC(=CC1=O)[C@H]1CC[C@]2(O)[C@H]3[C@H](C[C@@H](O)[C@]12C)[C@@]1([C@@H](C[C@@H](O[C@@H]2O[C@H](C)[C@@H](O[C@@H]4O[C@H](C)[C@@H](O[C@@H]5O[C@H](C)[C@@H](O)[C@@H](O)C5)[C@@H](O)C4)[C@@H](O)C2)CC1)CC3)C,7.268411235
N#Cc1ccc(cc1)C1=CC2(CCNCC2)Oc2c1cccc2,7
O[C@]1(CC[C@@H](CC1)N[C@H]1CCN(C1)C(=O)C1CCN(CC1)c1nccc(n1)C(F)(F)F)c1ccc(cn1)-c1ncccn1,4.585026652
CNCCC(c1cccc2c1cc[nH]2)c1ccccc1,6
O=C(C1CCS(=O)(=O)CC1)N[C@H](c1ccc(cc1)F)CCN1[C@@H]2CC[C@@H]1C[C@@H](C2)n1c(C)nc2c1cccc2,5
COc1ccc2ncc(=O)n(CCN3CC[C@H](NCc4ccc5OCC(=O)Nc5n4)[C@@H](F)C3)c2c1,4.721246399
Brc1ccc(CNC(=O)C2N(CCc3ccccn3)C(=O)c3ccccc23)cc1,5.031517051
[NH2+]1CCC(CC1)c1c2c([nH]c1-c1ccccc1)cccc2,5.244125144
Fc1ccc(cc1)C(c1ccc(cc1)F)OCCN1CCN(CC1)CCCc1ccccc1,9.096910013
COc1ccc2nccc([C@@H](O)[C@@H]3CC4CCN3C[C@@H]4C=C)c2c1,4.909999566
CC(C)N1CCN[C@H](C1)C(=O)N1CCN(CC1)C(=O)Nc1ccc(Cl)c(Cl)c1,4.41453927
C1/C=C\COCc2cc(ccc2OCCN2CCCC2)Nc2nc(c3cc(OC1)ncc3)ccn2,5.619788758
CCC(NCCCC[C@@H](C[C@@H](OC)c1ccc(F)cc1)C(=O)NO)c1ccc(F)cc1,5
CCN1CCCC1CNC(=O)c1ccc(Cn2c(Cc3c(Cl)cccc3Cl)nc3ccccc32)cc1,5.804100348
CCc1nc(no1)[C@@]1(N[C@H](Cc2c1[nH]c1ccccc21)c1nc(c[nH]1)-c1ccc(F)cn1)c1cnn(C)c1,5.017728767
C(CN1CCCC1)Oc1ccc2Nc3nccc(n3)-c3ccnc(OCC\C=C\COCc1c2)c3,5.619788758
N#CCCn1nc(c(c1c1cc(F)cc(c1)F)C)CNC1CCC(C1)F,5.022276395
OC(=O)c1cc2occc2[nH]1,5
FC(F)(F)COc1ccc(OCC(F)(F)F)c(c1)C(=O)NC[C@H]1CCCCN1,6.130006
OC(=O)CCCOc1cccc(CCCCCCOc2cc(cc(c2)-c2ccc3OCOc3c2)-c2ccsc2)c1CCC(O)=O,5.522878745
CSc1nc(-c2ccc(F)cc2)c(-c2ccnc(NC(C)=O)c2)n1C,4.543633967
COc1cccc2c1OC(C(C)S2(=O)=O)c1ccc(OC2CCN(CC2)C2CCC2)cc1,4.853871964
Cn1ccc(n1)c1noc(n1)C1=CC2(c3c1cccc3)CCN(CC2)CC1CCCO1,5.301029996
CCOc1cc([C@](O)(CCN(C)C)[C@@H](c2cc3cc(Br)ccc3nc2OC)c2ccnc(OC)c2OC)cc(OC)n1,5.48148606
COc1ccc(cc1)Oc1cc(C)c(c(c1)C)c1csc(n1)NC(=O)c1ccncc1,5
O=c1cc(OCc2ccc3ccccc3c2)ccn1-c1ccc(OCCN2CCCC2)cc1,9
CC(C)Oc1ccc(cc1C#N)-c1nc(no1)-c1ccc2CN(CCc2c1)C(CO)CO,4.700000504
CCN(CC)[C@@H](C)CNC(=O)c1cc(-c2cnn3ccc(-c4cccs4)nc23)nc(N2CC(OC)C2)c1,5.380906669
COc1cc(N(C)CCN(C)C)c(NC(=O)C=C)cc1Nc1ncc(Cl)c(n1)-c1c[nH]c2ccccc12,4.829738285
Cn1c(SCCCN2CC3CCN(c4ccc(F)cc4)C3C2)nnc1-c1ccn(C)c(=O)c1,5.600326279
CNc1ccc(\C=C\c2c(F)cccc2Cl)cc1,4.302770657
COc1ccc(cc1)CCN1C(=O)N(CC1c1ccc(cc1)OC)NS(=O)(=O)C,4.821023053
CN(C[C@H]1Cc2c(cccc2N2CCNCC2)CN1)[C@H]1CCCc2cccnc21,4.692503962
NC(=O)c1c(F)ccc(OCc2nc3ncc(Cl)cc3s2)c1F,5
CC(=O)Nc1ccc(cc1)CN1CCC(CC1)NC(=O)C1=CC(=O)c2c(C1)cc(cc2)F,4.321481621
COc1ccc2C(OC(=O)c2c1OC)C3N(C)CCc4cc5OCOc5c(OC)c34,4.599999383
NC(=O)[C@H]1CC[C@H](c2ccc(OCc3ccccc3F)cc2)N1,5.199998172
O=C1N(CCN2Cc3ccccc3C2)CCN1c1cccc(c1)C#N,5.500312917
CN1[C@@H]2CCC1C([C@H](C2)OC(=O)c1ccccc1)C(O)=O,2.399996913
C[C@H]1C[C@H]2CSC(N)=N[C@]2(CO1)c1nc(NC(=O)c2ccc(OC(F)F)cn2)cs1,5.004364805
Fc1ccc(cc1)[C@@H](NC(=O)c1cc(C(=O)N2CCCC2)n2CCOCc12)C1CC1,5
CC(C)c1ncc(s1)[C@]1(O)CC[C@@H](CC1)N1CC(C1)NC(=O)CNc1ncnc2ccc(cc12)C(F)(F)F,4.425968732
Cc1nnc([nH]1)c1cc(cc(c1)C(F)(F)F)S(=O)(=O)N1CCN(CC1)C(=O)C1CC1c1ccc(cc1)C(F)(F)F,5.886056648
Cc1cc(C)nc(n1)N1C[C@@H]2CN(C[C@@H]2C1)C(=O)c1ccccc1-c1cccs1,5
CC(=O)NC(c1cccc(c1)F)CCN1C2CCC1CC(C2)n1c(C)nc2c1CCN(C2)C(=O)C(C)(C)C,5.301029996
O=C(NC1CN(C1)C1CCC(CC1)c1ccccc1)CNc1n[nH]c2c1cc(cc2)C(F)(F)F,5.920818754
CCN(Cc1ccc2c(c1)CC[C@@H](C2)N1CCN(CC1=O)CCc1cccs1)CC,4.879426069
Cc1cn(-c2ccc(-c3cn(CC(=O)Nc4cccc(Cl)c4Cl)nn3)cc2F)cn1,5.468521083
CCn1cc(Nc2nc(N)nc(-c3cccc(-n4ccc5cc(C6CC6)cc(F)c5c4=O)c3CO)n2)cc1C#N,5.107905397
CC1CCCN1CCc1ccc(cc1)-c1ccc(cc1)S(=O)(=O)Nc1ccccc1,6.522878745
ONC(=O)C=Cc1ccc2c(c1)CN(C2)C(=O)c1cccc(c1)C(F)(F)F,4.522878745
COc1ccc(cc1)-c1nnc(o1)C(=O)N1CCC(CC1)Oc1ccc(CN2CCCC2)nc1,4.602059991
COc1cccc(c1)CN1CCC(CC1)NC(=O)C1=CC(=O)c2c(C1)cc(cc2)F,4.982966661
COc1cnc2ncc(=O)n(CCN3CCC(CC3)c3nc4cc(Cl)c(C)cc4[nH]3)c2c1,5
Clc1ccc(C(Cn2ccnc2)OCc3c(Cl)cccc3Cl)c(Cl)c1,5.030002001
O[C@H](CNC(=O)c1c[nH]c(=O)c2ccccc12)CN1CCC(CC1)Oc1ccc(Cl)c(Cl)c1,5.148741651
OC[C@@H]1O[C@H](C[C@H]1O)n1cc(C)c(=O)[nH]c1=O,3
Oc1cc(F)ccc1C(=O)N1CCC(CCN2CCC(CC2)N(C(=O)NCc2ccc(cc2)C#N)c2cccc(F)c2)(CC1)c1cccc(F)c1,6.096910013
NC1Cn2c(CC1c1cc(F)c(cc1F)F)nc1c2ccc(c1)C(F)(F)F,5.124938737
Nc1nc(NC2CCOCC2)c2sc(cc2n1)-c1ccc(cc1)C(F)(F)F,6.15490196
CC(C)Oc1cc(Nc2nc3n(cnc3cc2F)[C@@H](CO)c2ccc(F)cn2)[nH]n1,4.602059991
CC(C)[C@@H](NC(=O)c1ccccc1)C(=O)N1CCC(CC1)c1ccc(Cl)cc1,5.15490196
CCOc1ccc2ncc(F)c(CCC34CCC(CC3)(CO4)NCc3ccc4OCC(=O)Nc4n3)c2n1,6.397940009
COc1cc([C@](O)(CCN(C)C)[C@H](c2cc(OC)c(OC)nc2OC)c2cc3cc(Br)ccc3nc2OC)cc(OC)n1,5.229147988
CSc1ccccc1C(=O)N(C1CCNC1)C1CCC1,4.698970004
Clc1ccccc1-c1nnc(o1)C(=O)N1CCC(CC1)Oc1ccc(CN2CCCC2)cc1,5.27572413
Cc1c2COC(=O)c2ccc1[C@H]1CN2CCN(C[C@H]2CO1)C(=O)Cc1ccc(nc1)-n1cnnn1,4.380384994
CC(C)N1CC[C@H](C1)N(C)C(=O)c1ccc(cc1)-n1c(C)nc2ccccc12,4.346787486
C1Cc2[nH]ncc2-c2nc(Nc3ncccn3)sc2C1,4.522878745
COc1ccc2C([C@@H](C)c3nccnc3OC)=C(CCN(C)C)Cc2c1,5.301029996
CN(C)CCOc1ccccc1Cc2ccccc2,5.729997
CCN(CC)CCOc1cc(c(Cl)cc1Cl)-c1nc(SCC(=O)NC)nc2[nH]cc(C#N)c12,4.98088371
OC(=O)C1(F)CCN(CC1)C1CC[C@@]2(C1)Cc1ccccc1Cc1ccccc21,4.400116928
CN(C)C(=O)C(CCN1CCC(O)(c2ccc(Cl)cc2)CC1)(c1ccccc1)c1ccccc1,7.48148606
OCCNS(=O)(=O)c1ccc2c(c[nH]c(=O)c2c1)C(=O)NC[C@@H](O)CN1CCC(CC1)Oc1ccc(Cl)c(Cl)c1,5.301029996
CN1[C@@H]2CC(C[C@H]1[C@@H]3O[C@H]23)OC(=O)[C@H](CO)c4ccccc4,4.499999679
Cc1nc(C#Cc2ccnc(Cl)c2)c(C)n1-c1ccc(OC(F)(F)F)cc1,6
CC(CCC1(CCCN1)C(=O)c1ccc2c(c1)cn[nH]2)C,5
NC(=O)c1cnc(N(CCc2ccccc2)[C@H]2CCCNC2)c2cc(-c3ccccc3)sc12,5.677780705
C[C@@H]1CCCN1CCc1ccc(cc1)-c1ccc(cc1)S(=O)(=O)N1CCC(O)C1,5.15490196
c1cnc2c(N3CCN(CCc4ccc(OCCCN5CCCCCC5)cc4)CC3)cccc2c1,5.099999035
O=C(NCCO)C1CCC(c2ncc(-c3cccc(C(F)(F)F)c3)[nH]2)CC1,6.299988938
COc1cc2ncc(F)c(CCC34CCC(CC3)(CO4)NCc3ccc4OCC(=O)Nc4n3)c2nc1OC,9
Cn1c(SCCCN2CC3CCN(c4ccccc4)C3C2)nnc1C1CCOCC1,5.400116928
CNC1CCN(c2ccc(Cl)c(Cl)c2)c2ccccc12,5.107905397
OC1(c2cccnc2)CCN(c2ccc3nnc(C(F)(F)F)n3n2)CC1,4.022276395
FC(F)(F)c1ccc(cc1)C(=O)NCC(=O)NC1CN(C1)[C@H]1CC[C@@H](CC1)c1ccc2OCOc2c1,5.823908741
CCCCN(CC)CC#CCOc1ccc(Cl)cc1,4.840733669
NC(=O)c1ccc(N[C@H]2CCCNC2)c2cc(-c3ccccc3)[nH]c12,4.935542011
COc1cc(ccc1OCCCN1CCC(CC1)c1noc2c1cccc2)C(=O)C,6.793174124
COc1ccc(CCN(C)CCOc2ccc(NS(C)(=O)=O)cc2N)cc1OC,6
COc1ccc(cc1)C1(N=C(C)C(N)=N1)c1cccc(c1)-c1cccnc1,4.721246399
CNC(=O)c1cc(ccc1OC)c1ccc2c(n1)nc(nc2N1CCOC[C@H]1C)N1CCOC[C@H]1C,4.494850022
CN1CCCC(CN2c3ccccc3Sc4ccccc24)C1,4.809999052
FC(F)(F)Oc1ccc(CNC(=O)C2N(CCC3CCOCC3)C(=O)c3ccccc23)cc1,4.657577319
OCCONC(=O)c1ccc2cncn2c1Nc1ccc(I)cc1F,5.356547324
COc1ccc2ncc(=O)n(CCN3CC[C@@H](NCc4ccc5OCC(=O)Nc5n4)[C@@H](O)C3)c2c1,3.818156412
CC[N+](CC)(CC)CCOc1ccc(\C=C\c2ccccc2)cc1,5.279997898
Oc1ccc(Br)c2CC(CN3CCC4(CCc5ccccc45)CC3)NCc12,6
COc1cc(\C=C2/CCCN3C2=NO[C@]3(CO)c2ccc(F)cc2)ccc1-n1cnc(C)c1,5.48148606
O=C(N1CCC(CC1)Oc1ccc(CN2CCCC2)cc1)c1cc(on1)-c1ccccc1,5.48148606
C[C@@H]1NC(=N[C@@]1(c1ccc(F)cc1)c1ccc(F)nc1)c1cc(ccn1)C#N,5
O[C@]1(CC[C@@H](CC1)N1CC(C1)NC(=O)CNC(=O)c1cccc(c1)C(F)(F)F)c1ccc(nc1)C#N,4.903089987
CC1NCCN(C1)Cc1ccc(cc1)CC(=O)N1CCC(CC1)Nc1cccc(c1)F,4.801342913
Cl.Cl.O=C1CCc2c(Oc3ccc4c(c3)C[C@H](NC(=O)c3cc(C(F)(F)F)cc(C5(O)CNC5)c3)CC4)ccnc2N1,5.30980392
O=C(N[C@@H]1CN(C1)[C@@H]1CC[C@H](CC1)c1ccc2c(c1)OCO2)CNc1n[nH]c2c1cc(cc2)C(F)(F)F,5.958607315
CNC(=O)NCCN(CCc1ccc(Cl)cc1)C1CCN(c2nc(N)n[nH]2)CC1,5.744727495
CN1CCOc2ccc(CNC34CCC(C[C@]5(O)Cn6c7c5c(F)cnc7ccc6=O)(CC3)OC4)nc12,4.22184875
FC(F)(F)c1ccc2[nH]nc(NCC(=O)NC3CN(C3)[C@H]3CC[C@H](CC3)c3ccc4OCOc4c3)c2c1,5.958607315
CS(=O)(=O)c1cccc(c1)-c1ccc(C[C@H](NC(=O)C2(N)CCOCC2)C#N)cc1,4.48148606
CN(CCOc1nc2c(c(n1)c1ccccc1Cl)CNC(=O)N2c1c(Cl)cccc1Cl)C,5
CCNc1cc(cc(COCC2(CCN(C)CC2)c2ccc(F)cc2)n1)C(F)(F)F,4.096910013
Oc1ccc(cc1)[C@@H](O)[C@H](N1CCC(CC1)Cc1ccccc1)C,7
C[C@H](Oc1cccc2ncnc(Nc3ccc(Oc4ccc(C)nc4)c(C)c3)c12)C(=O)N(C)C,4.958607315
NC/C(=C\1/CCCN(C1)c1c(F)cc2c(c1OC)n(cc(c2=O)C(=O)O)C1CC1)/F,4.714442691
O=C([C@@H]1C[C@@H](CN1)Oc1ccc(cc1)C#N)N1CCCN(CC1)C1CCC1,5
CCN(CC)Cc1ccc2C[C@H](CCc2c1)N1CCN(CCC2CCCS2)CC1=O,4.879426069
CN(C/C=C/c1ccc(Br)cc1)Cc1ccc2c(c1)OCCC2.Cl,5.721246399
ONC(=O)CCCCCCC(=O)Nc1ccc2ccnc(Nc3ccc4ccccc4c3)c2c1,4.397940009
Cc1cc(C)nc(n1)N1C[C@@H]2CN(C[C@@H]2C1)C(=O)c1cc(F)ccc1-n1nccn1,5
CN(C/C=C/c1ccc(C(F)F)cc1)Cc1ccc2c(c1)CCO2.Cl,5.886056648
CC(C)(O)C(=O)N1CCC(CCN2CCC(CC2)N(C(=O)NCc2ccc(cc2)C#N)c2cccc(F)c2)(CC1)c1cccc(F)c1,5
COc1cc(N2CCC3CN(CCCSc4nnc(-c5cnccn5)n4C)CC32)ccc1F,6.400007822
Cc1ccc(cc1)C(=O)C1CCN(CC1)CCCc1ccccc1,6.991399828
CN1CCN(CC1)c1ccc2nc(Nc3ccc(Br)cn3)[nH]c2c1,5.455931956
C[C@@H]1CCCN1CCc1ccc2nc(ccc2c1)C1CC1,4.356547324
COc1ccc(CCN(C)CCCC(C#N)(C(C)C)c2ccc(OC)c(OC)c2)cc1OC,7
Fc1ccc(cc1)[C@@H](NC(=O)c1cc[n+](cc1)[O-])CCN1[C@@H]2CC[C@@H]1C[C@@H](C2)n1c(C)nc2c1cccc2,6.583359493
CC1(C)CC(=NNC1=O)c1ccc(OC2CCN(CC2)C2CCC2)cc1,4.677780705
C[C@H]1N(CCn2c1nnc2-c1cccc(C)n1)C(=O)c1ccc(cc1)-c1ccccc1,4.602059991
NCC[C@@H]1C[C@H](c2ccc(Cl)c(Cl)c2)c2ccccc2C1,5.823908741
FC(F)(F)c1cnc2CCN(Cc2c1)C(=O)[C@@]12CCC[C@@H]1C[C@H](C2)NC1CCCC1,4.474955193
Cc1ncn(n1)-c1cc(Cl)c(C(=O)NC[C@H](c2nc3c(C)cc(Cl)cc3[nH]2)c2cccc(F)c2)c(Cl)c1,5.515557792
COc1cc(ccc1C#N)C(C)(C)CN1CCN(CCc2ccc3C(=O)OCc3c2C)CC1,5.920818754
Clc1ccc(cc1)C(NC(=O)C1(N)CCCN(C1)c1ncnc2c1cc[nH]2)CCN1CCCCC1,4.53165267
Cc1cccc(c1)C(CCCN)(c1ccccc1)c1ccccc1,5.188424994
ONC(=O)\C=C\c1ccc(CN2CCCC(C2)c2c([nH]c3ccccc23)-c2ccccc2)cc1,4.54668166
CC(C)n1c(C)ncc1-c1ccnc(Nc2ccc(cc2)N2CCN(CC2)S(=O)(=O)CCN(C)C)n1,4.744727495
CNC(=O)c1cnc(Nc2ccc(OC)cn2)cc1Nc1ccccc1S(C)(=O)=O,4.769551079
CC(C)Cc1cc(nn1-c1ccccc1)C(=O)NCC1(CCN(CC2=Cc3ccccc3OC2(C)C)CC1)C#N,5.327902142
Cc1ccn2nc3c(c2n1)CN([C@H]1CO[C@H](c2cc(F)ccc2F)[C@@H](N)C1)C3,4.744727495
CCN(CC)C(=O)c1ccc(nc1)C1=CC2(CCNCC2)Oc2ccccc12,4.144686835
Clc1cccc(C(=O)N(CCC2CC2)[C@H]2CCNC2)c1Cl,5.148741651
CCC(=O)N1CCC(CC1)c1ccc(cc1C(F)(F)F)C(=O)NC(N)=N,4.522878745
CC(N1CCCC(C1)Cn1c(C)nc2c(c1=O)cc(nc2)Oc1cccc2c1nccc2)C,4.600326279
Cn1c(SCCCN2CC3CCN(c4ccc(C(F)(F)F)cc4)C3C2)nnc1-c1ccncn1,7
Clc1cc(c(OC)cc1N)C(=O)N[C@H](CC[N@H+](C[C@@H](OC)1)CCCOc2ccc(F)cc2)1,7.698970004
C(Cc1cccc(CCc2ccccc2)n1)c1ccccc1,5.795880017
CCS(=O)(=O)C[C@@H]1C[C@@H](CC[C@@H]1N1CC[C@H](NC(=O)c2cccc(c2)-c2ccccc2)C1=O)N(C)C(C)C,4.22184875
C[C@@H](NC(=O)Cc1ccc(cc1)-c1ocnc1C)c1ccc(OCC(F)(F)F)cn1,4.522878745
OC(C1CCN(Cc2ccc(cc2)-c2ccccc2)CC1)(c1ccccc1)c1ccccc1,6.698970004
Nc1nc(N2CCC(N(CCc3ccc(Cl)cc3)Cc3ccc(Cl)cc3)CC2)n[nH]1,6.397940009
c1cc(F)ccc1C(c2ccc(F)cc2)CCC[N@H+](CC3)CC[C@@H]3n4c(=O)[nH]c(c45)cccc5,7.300162274
OC(CN(CC(C)C)CCc1ccc(c(c1)Cl)Cl)COc1ccc(cc1)NS(=O)(=O)C,6.13667714
COC(=O)N(Cc1cccc(c1)OCc1nc(oc1C)c1ccc(cc1)Cl)CC(=O)O,3.698970004
O=c1cc(OCc2ccccc2)ccn1-c1ccc2n(CC3=NCCN3)ncc2c1,5.070581074
Cc1c(CNC2CCCC2)nn(c1-c1cnc(C)c(F)c1)-c1ncccc1Cl,4.638272164
C1Cc2[nH]ncc2-c2nc(Nc3ccccn3)sc2C1,4.552841969
CCCC(=O)N1CCc2c(C1)nc(n2C1CC2CCC(C1)N2CCC(c1cccc(c1)F)NC(=O)C)C,5.22184875
O([C@@H](c1ccccc1C)c1ccccc1)CC[NH+](C)C,6.070581074
CS(=O)(=O)NCCC(NC(=O)C1(N)CCN(CC1)c1ncnc2[nH]ccc12)c1ccc(Cl)cc1,4.096367484
Oc1cc2c(Cl)cccc2[nH]c1=O,5
O=C(Nc1ccc2c(c1)c(C)cc(n2)N1CCC(CC1)N1CCCC1)COc1ccc(cc1)OC(F)(F)F,5.22184875
CS(=O)(=O)N1CCC(CC1)C1N[C@H](Cc2c1[nH]c1ccccc21)c1nc(c[nH]1)-c1ccccc1,5.455931956
COc1cc(F)ccc1-c1cncc(CNC(=O)c2cnccn2)c1,5.148741651
CCOC(=O)[C@@H]1CC[C@@H](CC1)N1CC(C1)NC(=O)CNc1nn(CC(F)(F)F)c2ccc(cc12)C(F)(F)F,5.602059991
CNC(=O)c1ccc(Oc2ccc(cc2)S(=O)(=O)[C@]2(CCC3(C2)CCNCC3)C(=O)NO)cc1,4.187086643
CS(=O)(=O)Nc1ccc2OC3(CCN(CC3)[C@@H]3CCc4cc(ccc4C3)C#N)C[C@@H](O)c2c1,6.455931956
Clc1cc2N=C(N3CC[NH2+]CC3)c3c(Nc2cc1)cccc3,5.347753659
CC(C)c1cc(cc2nc(oc12)-c1ccc(cc1)C(=O)NC[C@H]1CC[C@H](CC1)c1ccc(cc1)C(F)(F)F)C#N,4.522878745
Cn1c(SCCCN2CC[C@]3(C[C@@H]3c3ccc(C(F)(F)F)cc3)C2)nnc1-c1cccnc1,5.909988976
CC(C)c1cc(cc2nc(oc12)-c1ccc(cc1)C(=O)NC[C@H]1CC[C@@H](CC1)c1ccc(cc1)C(F)(F)F)C#N,4.522878745
CC1(C)Oc2ccc(cc2C2(COC(N)=N2)C11COC1)-c1cncnc1,5
O(C)c1cc(ccc1C[C@@H](O)CO)CNC(=O)CCCCCCCC,7
Nc1nc2ccc(NCC(F)(F)F)nc2n1CC(O)c1ccc(Cl)cc1Cl,5.455931956
Cl.Clc1ccc(OC(c2ccc3ccccc3c2)C2CNC2)cc1Cl,6.744727495
CN1CCC[C@@H]1Cn1nc(Cc2ccc(Cl)cc2)c2cccnc2c1=O,5.602059991
Cc1ccc2oc(-c3c4c(N)n[nH]c(=O)c4nn3-c3ccc(NC(=O)/C=C/CN(C)C)cc3)c(C)c2c1,4.483464626
Nc1n[nH]c(N2CCC(N3CCOC[C@@H]3Cc3ccc(Cl)cc3)CC2)n1,4.408935393
CCOc1cc2ncc(C(N)=O)c(Nc3ccc(C)cc3F)c2cc1N1CCN(C)CC1,4.823908741
O=C(NCc1cccc(c1)NC(=O)C1CC1)CSc1nnc(n1c1ccccc1)N1CCOCC1,4.522878745
Clc1ccc(c(Cl)c1)-n1cc(NCCN2CCCCC2)nn1,5.30980392
Cc1c(CNC2CCCC2)nc(-c2ncccc2Cl)n1-c1ccc(C)nc1,4.721246399
COc1ccc(OC2CN(C2)C(=O)NC2CCN(Cc3ccn(c3)-c3ccc(cc3)C(F)(F)F)CC2)cc1,5.698970004
Cc1ccc(c(c1)C(=O)N1C[C@H]2CN(C[C@H]2C1)c1nc(C)cc(C)n1)-n1nccn1,5
O=C(Nc1ccccc1)NS(=O)(=O)c1ccc(OCCCCN2CCCCC2)cc1,4
CC(C)CNc1nc(ncc1C(=O)NCc1ccccc1)N1CCN(CC2CCCOC2)CC1,6.236572006
CC1CCCCN1CCN1CCN(C1=O)c1cccc(Cl)c1,5.699991797
CCOc1ccc2cc(-c3nn(CC4CCN(C(C)C)CC4)c4ncnc(N)c34)ccc2c1,6.522878745
F[C@@H]1CN(CCn2c3cc(ccc3ccc2=O)C#N)CC[C@@H]1NCc1cc2OCCOc2cn1,3.664542099
Cc1ncoc1-c1nnc(SCCCN2[C@H]3CC[C@@H]2C[C@@H](C3)c2ccc(cc2)C(C)(C)C)n1C,6
COc1cc(NC(=O)[C@@H]2CCCC[C@H]2C(=O)c2ccc(-c3cc[nH]n3)cc2)ncn1,4.900001867
CCOC[C@H](Oc1ncnc2c1cnn2-c1ncccc1Cl)C(=O)Nc1ccc(C)cn1,4.200000237
Clc1cc(ccc1)C(=O)[C@H]([NH2+]C(C)(C)C)C,4.100179498
COc1cc(N(C)CCN(C)C)c(NC(=O)C=C)cc1Nc1ncc(C#N)c(n1)-c1cn(C)c2ccccc12,5.366531544
CCc1[nH]nc(c1)C(=O)NC1CC(C)(C)Oc2c1cc(c1ccc(cc1)Cl)c(n2)c1ccc(cc1Cl)Cl,5.920818754
COc1cccc(c1)N1CCN(CCN2CCC(CC2)C(F)(F)F)C1=O,4.600326279
Cc1ccccc1-c1nc2cn(-c3cccc(C#N)c3)nc2c(=O)n1CC1CCCN(C(C)C)C1,4.657577319
O=C(N1CCC(C1)NC1CCC(CC1)(O)c1ccc(cn1)c1ncccn1)C1CCN(CC1)c1cccc(c1)C(F)(F)F,5.045757491
COc1cc(F)ccc1-c1cncc(CNC(=O)c2ccccc2)c1,4.725842151
Fc1cc2c([N+](=CC(C2=O)C(=O)[O-])C2CC2)c(OC)c1N1C[C@H]([N+]CCC[C@H](C1)1)1,3.890016705
CN1CCN(CC1)c1ncnc(c1)Nc1ncc(s1)C#N,6.045757491
Cc1ncc(CN[C@@H]2CCN(CCn3c4cc(F)cnc4ccc3=O)C[C@@H]2F)cc1C#N,3.876148359
COc1cnc(cn1)C(=O)Nc1ccc2OCC3(CC3)C3(COC(N)=N3)c2c1,5
N#Cc1cc(C(C)C)c2c(c1)nc(o2)c1ccc(cc1)C(=O)NCC1CCC(CC1)c1cccc(c1)C(F)(F)F,5.619788758
COCc1cnc2n1C[C@@H](CC[C@H]2NC(=O)N1CCC2(CC1)C(=O)Nc1c2cccn1)c1cccc(c1F)F,4.790484985
Fc1ccc(cc1)[C@@H](NC(=O)c1ccc[n+](c1)[O-])CCN1[C@@H]2CC[C@@H]1C[C@@H](C2)n1c(C)nc2c1cccc2,5.227678293
COc1cccc(-n2cc3nc(-c4cccnc4C)n(C[C@H]4CCCN(C(C)C)C4)c(=O)c3n2)c1,4.327902142
COc1ccc(cc1)[C@H]1CN(NS(C)(=O)=O)C(=O)N1CCc1ccc(OC(F)(F)F)cc1,5.251811973
CC(C)(C)c1cc(cc(c1)C(C)(C)C)C(=O)NC[C@H]1CCN(C1)C(=O)CCCCC(c1ccc(F)cc1)c1ccc(F)cc1,5.301029996
[NH+]1(CC2C[NH+](CC(C1)C12CCCC1)CC1CC1)CC1CC1,5.602059991
OCCNC(=O)c1cccc(c1)c1ccc2c(n1)nc(nc2N1CCOC[C@H]1C)N1CCOC[C@H]1C,4.494850022
COc1ccc2c(c1)CN(C(=O)CCN1CCC(Cc3ccccc3)CC1)CCS2.Cl,6.334419009
OC(c1ccccc1)(c1ccccc1)C1CCN(CC1)Cc1ccccc1,6.522878745
CCCNCC(O)COc1ccccc1C(=O)CCc1ccccc1,6.356547324
CC1OC2(CCN(CCc3ccccc3)CC2)CN(c2cncc(F)c2)C1=O,5.958607315
COc1ccc(NC(=O)N2CCN(c3nc(N)nc4sc(-c5cccnc5)nc34)CC2)cc1,5.657577319
CN(C)CCc1ccc(Nc2ncc3c(ccn(-c4c(Cl)cccc4Cl)c3=O)n2)cc1,7
COC(=O)C(c1ccccc1)C1CCCCN1,5
FC(F)(F)Oc1ccc(-c2c[nH]c([C@H]3Cc4c([nH]c5ccccc45)[C@@H](C4CCOCC4)N3)n2)cc1,6.886056648
CCc1cccc(c1)NC(=O)N1CCc2c(C1)c(nc(n2)c1cnccc1C#N)c1ccccc1C,6.698970004
Cl.CCOC[C@@H](CC(C)C)NC(=O)[C@@H]1CNC[C@@H](C1)C(=O)N(C1CC1)c1cc2N(CCCOC)C(=O)C(C)(C)Oc2cc1F,4.522878745
CCC(CC)CNc1c(C(N)=O)cnc2ccc(-c3ccc(COC)cc3)cc12,4.744727495
S(C[C@H](NC(=O)c1cccc(O)c1C)[C@H](O)C[N+]1C[C@@H](CCCC[C@@H](C[C@H]1(C(=O)NC(C)(C)C))1)1)c1ccccc1,4.93930216
CC1=C(Oc2ccccc2S1(=O)=O)c1ccc(OCCCN2CCCC2)cc1,6.327902142
OC[C@@H]1OC(=O)N2[C@@H]1COc1c2ccc(c1)c1ccc(nc1)N1CCOC1=O,3.709965389
Cc1cccnc1CN1CCC2(CC1)N(C(=O)N(C2=O)c1ccc(cc1)-c1ccc(cc1)C(O)=O)c1ncccn1,4.721246399
N#Cc1cnccc1COc1cnc(N2CCN(c3noc(C(F)(F)F)n3)CC2)nc1,5.199998172
COC(=O)C1=C(C)NC(C)=C(C(=O)NC[C@H]2CCN(CCc3ccc(C(F)(F)F)cc3)C2)C1c1cccc([N+](=O)[O-])c1,5.829738285
COc1ccc2ccc(=O)n(C[C@H](O)[C@@H]3CC[C@@H](NCc4ccc5c(n4)NC(=O)CO5)CO3)c2n1,4.823908741
Clc1cnc2nc(Oc3ccc(CN4CCCCC4)cc3)sc2c1,5
Cn1cnc(-c2cnc(N)c(O[C@@H]3CN(C(=O)Cc4ccc(OC(F)(F)F)cc4)CC3(F)F)c2)c1,4.677780705
Cn1ccc(NC(=O)c2cc(Oc3ccc(C(=O)N4CCC4)cc3)cc(O[C@H]3CCOC3)c2)n1,4.455931956
CC(C)n1nc(C(=O)NCC2CCN(CCNS(C)(=O)=O)CC2)c2ccccc12,5.585026652
O[C@H](COc1ccc(F)cc1)CN1CCN(Cc2ccc(Cl)cc2)CC1,5.869666232
CCCCN(CCCC)CC[C@@H](O)c1cc2c(Cl)cc(Cl)cc2c2cc(ccc12)C(F)(F)F,7.669586227
CC(C)Cc1cc(nn1-c1ccccc1)C(=O)NCC1(CCN(CCc2ccccc2)CC1)C#N,5.804100348
CN(C1CCN(CC1)C1CC1)C(=O)N1CC(=C[C@@]1(CO)c1ccccc1)c1cc(F)ccc1F,4.818156412
OC(=O)c1ccc(NC(=O)[C@H](C2CCCCC2)n2c(nc3cc(F)c(F)cc23)-c2ccc(Cl)cc2)cc1,4.698970004
O=C(NC1CN(C1)C1CCC(CC1)(O)c1cncs1)CNc1ccnc2c1cc(cc2)C(F)(F)F,4.950781977
Cc1ccc(Nc2c(nc3CN(CCn23)C(=O)C(C)(C)N)-c2ccc(F)cc2)cc1,5.823908741
Cc1cc(Cl)ccc1OC1CCN(CC2CCN(CC2)[C@@H](Cc2ccc(F)cc2)C(O)=O)CC1,4.500312917
c1ccc(-c2c[nH]c([C@H]3Cc4c([nH]c5ccccc45)[C@@H](C4CCOCC4)N3)n2)nc1,5.395126229
N[C@H]1CN(C[C@@H]1c1cc(F)ccc1F)c1ccc(cn1)-n1ccc(OCc2ccccc2)cc1=O,5.055517328
CN(C/C=C/c1ccc(F)cc1C(F)(F)F)Cc1ccc2c(c1)OCO2.Cl,8.37675071
O=C(CN1C(OC(C1=O)(C)C)c1ccccc1)Nc1ccc2c(c1)C[C@@]1(C2)C(=O)NC(=O)N1C,4.22184875
CC(C)(C)OC[C@H]1N(CCNC1=O)C(=O)C[C@H](N)Cc1cc(F)c(F)cc1F,4.099086932
CCCCCC(C(=O)c1cc2c(n1c1cccc(c1)C(F)(F)F)ccc(c2)Cl)Cc1ccc(cc1)C(=O)NCCC(=O)O,5.431798276
N#Cc1cnc(cn1)Nc1ncc(c(c1)NC[C@H]1CNCCO1)c1cccc(c1)F,5.055517328
COC1COCCC1N[C@@H]1C[C@H]2C[C@H](C[C@]2(C1)C(=O)N1CCc2ncc(cc2C1)C(F)(F)F)N(C)C,4.301029996
CCCS(=O)(=O)NC1CN(c2ccc3c(c2)[C@@H](Cc2ccccc2)[C@@H](N2CCC2)CC3)C1,5.167491087
Fc1ccc(CN([C@H]2CCNC2)C2CCOCC2)c(F)c1F,5.920818754
Cc1cc(=O)n(C[C@H](N)[C@H]2CC[C@@H](CC2)NCc2ccc3OCC(=O)Nc3n2)c2cc(F)ccc12,3.477555766
F[C@H]1CN(CCn2c3cc(F)cnc3ccc2=O)CC[C@H]1NCc1ccc2OCC(=O)Nc2n1,4
Cc1cccc(Nc2nc(N[C@@H]3CCC(F)(F)C[C@@H]3N)ncc2C(N)=O)c1,5.499996932
O=c1c2CN([C@H](c2[nH]c2c1cccc2)c1ccc2c(c1)CCO2)c1ccccn1,5.48148606
Nc1nc(N2CCC(N3Cc4ccncc4OC[C@@H]3Cc3ccc(Cl)cc3)CC2)n[nH]1,4.301029996
Clc1ccc(cc1)C(C1CC1)NC(=O)C1(N)CCCN(C1)c1ncnc2c1cc[nH]2,5.585026652
CC(C)(C)C(O)CN1CCC(CNC(=O)c2cc(Cl)cc(Cl)c2)CC1,5.318758763
COC(=O)C1=C(C)NC(C)=C(C(=O)NC[C@H]2CCN(CCc3ccc(Cl)c(F)c3)C2)C1c1cccc([N+](=O)[O-])c1,6.48148606
OC(=O)C1=CCCN(C1)C1CC[C@@]2(C1)Cc1ccccc1Cc1ccccc21,4.400116928
O=c1ccc(OCCCN2CCCCC2)nn1-c1ccc(F)c(Cl)c1,6.008773924
Clc1ccc(Cl)c(NC(=O)NS(=O)(=O)c2ccc(OCCN3CCCC3)cc2)c1,4
OC(=O)C(=O)Ic1ccccc1CN[C@@H]2C3CCN(CC3)[C@@H]2C(c4ccccc4)c5ccccc5,5.610001577
Cn1c(SCCCN2CC3CCN(c4ccc(F)cc4)C3C2)nnc1C1CCOCC1,5.602059991
CC(C)N1CCN(Cc2cnc(-c3ccc(C(=O)Nc4ccccc4N)cc3)c(Cl)c2)CC1,5.15490196
OC(=O)c1ccc(cc1)C1CC(=NN1c1ccc(cc1)C#N)c1ccc2[nH]c(=O)oc2c1,4.522878745
C[C@@H](c1c(CCN(C)C)sc2ccccc12)c1cccnc1F,5.638272164
FC1CCC(C1)NCc1nc(n(c1C)c1ccc(nc1)C)c1ncccc1Cl,4.508638306
Cc1c2CCCN3C[C@@H](F)C[C@@H]3CNc3cc(ccc3C(N)=O)-n2c2CC(C)(C)CC(=O)c12,4.785156152
Nc1nc2ccc(cc2n1CC(O)c1cccc(Cl)c1Cl)C#N,4.477555766
CCN(C(=O)c1ccccc1Oc1ccccc1)C1CNCC1,5.298432015
CC(C)(C)C(=O)N1CCC(CC1)c1ccc(cc1C(F)(F)F)C(=O)NC(N)=N,4.568636236
COc1ccccc1CN1CCC(CNC(=O)c2cc(CC(C)C)n(n2)-c2ccccc2)(CC1)C#N,6.045757491
Cl.Cl.FCCOc1cccc(CCN2CCN(CCc3ccccc3)CC2)c1,5.36552273
CNCc1cc(F)ccc1Oc1ccc(Cl)c(F)c1,5.330683119
COc1cc(CN2CCOCC2)ccc1Nc1ncc(Cl)c(n1)-c1cnc2ccccn12,5.004364805
Fc1ccc(c(c1)F)C(Cn1cncn1)(Cn1cncn1)O,4.318758763
CCCCN1CCC[C@@H]1Cn1nc(Cc2ccc(Cl)cc2)c2cccnc2c1=O,7.100179498
Cn1cnnc1C1CCN(CC1)C(=O)NC1CC1c1ccccc1,4.522878745
COc1cc(ccc1-n1cnc(C)c1)-c1cn(Cc2cc(Br)cc(Br)c2)nn1,7
C[C@H](NC(=O)[C@@H]1CC[C@@H](N2CCOCC2)C[C@H]1c1ccc(Br)cc1)c1ccc(F)cc1,5.657577319
O=c1ccc(c[nH]1)-c1cnc2nc(sc2c1)N1CCC(CC1)N1CCCCC1,3.522878745
Cc1nc2ccccc2n1C1CC2CCC(C1)N2CCC1(CCN(CC1)C(=O)c1cccc(c1)C(O)=O)c1ccccc1,4.300162274
CN1CCC(CC1)c1ccc(Nc2ncc3c(ccn(-c4c(Cl)cccc4Cl)c3=O)n2)cc1,7
Clc1cc2c(n(cc2C2CC[NH+](CC2)CCN2CCNC2=O)-c2ccc(cc2)COC)cc1,4.443697499
C[C@H]1N(CCn2c1nnc2-c1cccc(C)n1)C(=O)c1ccc(cc1)-c1cccs1,5.13667714
CNCC[C@@H](Oc1ccccc1C)c1ccccc1,5.677780705
Cc1c(-c2c(F)cc(C(N)=O)c3[nH]c4c(c23)CC[C@H](C(C)(C)O)C4)cccc1-n1c(=O)c2cccc(F)c2n(C)c1=O,5.259637311
N=C(c1ccccc1)Nc1ccc(cc1)OCCCCCOc1ccc(cc1)NC(=N)c1ccccc1,5
C#C[C@]1(O)CCC(CC1)N1CC(C1)NC(=O)CNc1nn(c2c1cc(cc2)C(F)(F)F)C,4.301029996
C=CCN1CC2C(C1)(C2)c1ccc(cc1)NS(=O)(=O)c1ccc(cc1)C(C)C,7
COc1c(Nc2ncc(Cl)c(N[C@H]3[C@@H](C(N)=O)[C@@H]4C=C[C@H]3C4)n2)ccc2c1CCC[C@H](N1CCN(C)CC1)C2,5.040958608
Cc1ncc(CNC2CCN(CCn3c4cc(F)cnc4ccc3=O)CC2)cc1C#N,4.161150909
CCCNCC(O)COc1ccc(O)cc1C(=O)CCc1ccccc1,6.055517328
CC(C)CN([C@H]1CCNC1)C(=O)c1cccc(c1Cl)C(F)(F)F,5.387216143
Cc1nc2cccc(c2c(=O)n1-c1ccc(OCCCN2CCCC2)cc1)C(F)(F)F,5
Clc1ccc2Nc3ccccc3C(=Nc2c1)N1CC[N+](C)CC1,6.591760035
CCn1cnc2c(-c3ccc(F)c(-c4ccc(S(=O)(=O)CC)cc4OC)c3)cnnc21,4.571865206
COc1ccc2nccc([C@@H](O)CN3CCC(CC3)NCc3cc4OCCOc4cn3)c2n1,4.837137007
Fc1ccc(cc1)-n1cc(C2CCNCC2)c2cc(Cl)ccc12,6.698970004
ONC(=O)C=Cc1ccc(cc1)CN(C(C)C)CCc1c[nH]c2c1cccc2,5.231361899
COc1cc(ccc1-n1cnc(C)c1)-c1cn(Cc2cccc(c2)-c2noc(C)n2)nn1,5
COC(C)(C)CN(CCc1ccc(Cl)cc1)C1CCN(c2nc(N)n[nH]2)CC1,5.455931956
S(C[C@H](NC(=O)c1cccc(O)c1C)[C@H](O)C[NH+]1C[C@@H]2[C@H](C[C@H]1C(=O)NC(C)(C)C)CCCC2)c1ccccc1,4.93930216
Nc1ccc(-c2cccs2)cc1NC(=O)c1ccc(C(=O)N2CCC3(CCCN3)CC2)cc1,4.602059991
O=C(NC(c1ccc(Cl)cc1)c1ccnc(F)c1)[C@@H]1CC[C@@H](N2CCOCC2)C[C@H]1c1ccc(Br)cc1,6.229147988
Clc1ccc2c(c1)c(ncn2)N1CCC(CC1)CCNS(=O)(=O)N,5.266000713
COc1ccc2ncc(Cl)c(CCN3CCC(CC3)NCc3cc4OCCOc4cn3)c2n1,5.698970004
Cc1c([C@@H](O)CN2CCC3(CC2)CN(c2ccns2)C(=O)O3)ccc2c1COC2=O,4.920818754
CN(C)Cc1ccc(cc1Oc1ccc(Cl)c(Cl)c1)C(F)(F)F,5.958607315
COc1cc(ccc1Nc1ncc(Cl)c(n1)-c1cnc2ccccn12)C1CCNCC1,5.040958608
O[C@@]1(CC23CCC(CC2)(CO3)NCc2ccc3OCC(=O)Nc3n2)Cn2c3c1c(Cl)cnc3ccc2=O,4.273272791
Fc1cccc(c1F)c1nc2c(n1)cn(nc2)Cc1onc(c1)c1ccc(cc1C(F)(F)F)C(F)(F)F,4.301029996
COc1cccc(c1)N1CCN(CC1)CCCCCCN1CCN(CC1)c1cccc(c1)OC,5.619788758
CCc1nn2c(C)cc(C)nc2c1Cc1ccc(-c2nnc(C3CCNCC3)o2)cc1,4.721246399
Nc1nc2cc3CCN(CCc3cc2s1)C1CC1,4.886056648
CC#Cc1cncc(c1)-c1ccc2OCC3(COC3)C3(COC(N)=N3)c2c1,5.013228266
CC(=O)c1cn(-c2ccc(F)cc2)c2ccc(Cl)cc12,5
CS(=O)(=O)n1cc2CN(Cc2n1)[C@H]1CO[C@@H]([C@@H](N)C1)c1cc(F)ccc1F,4.522878745
N#Cc1c(ccn(c1=O)CC1CC1)N1CCC(CC1)c1ccc(cc1)Cl,6.522878745
CN(C/C=C/c1ccc(C(F)(F)F)cc1)Cc1ccc2c(c1)CCCC2.Cl,5.853871964
O=C(NC1C[C@@H]([N+](C)[C@H](CCC2)C1)2)c1[nH0][nH0](C)c2ccccc21,5.43062609
Fc1cc(ccc1N1CCC(CC1)=CC#N)N1C[C@H](Cn2ccnn2)OC1=O,4.305394801
Cn1cnc(-c2ccc(OC3CCN(C(=O)Cc4ccc(OC(F)(F)F)cc4)CC3)c(C(N)=O)c2)c1,4.744727495
CO/N=C\1/CN(CC21CNC2)c1nc2c(cc1F)c(=O)c(cn2C1CC1)C(=O)O,3.661543506
CC(C)(C(O)=O)c1ccc(cc1)C(O)CCCN1CCC(CC1)C(O)(c1ccccc1)c1ccccc1,4.492954128
CN1CCC(Cn2nc(-c3ccc4nc(OCC(F)(F)F)ccc4c3)c3c(N)ncnc32)CC1,6.301029996
CC(C)C(CCCN(C)CCCc1nc2ccccc2[nH]1)(C(=O)O)c1ccc(Br)cc1,5.630784143
OCC1CCN(CCOc2ccc(Oc3nc4ccccc4s3)cc2)CC1,5.443697499
OC(=O)CCC(=O)N1CCc2cc(ccc12)-c1noc(n1)-c1cc(OC(F)(F)F)cc(c1)C#N,4
C[C@@H]1NC(=N[C@]1(c1ccc(F)cc1)c1ccc(F)nc1)c1cc(ccn1)C#N,5
C(c1ccccc1)C1(CCNC1)c1ccc2sccc2c1,4.958607315
O=C(Cc1ccccc1)NC1CCN(CCCN2C(=O)COc3ccccc23)CC1,4.698970004
CCOc1cc2ncc(c(c2cc1N1CCCN(CC1)C1CC1)Nc1ccc(cc1F)F)C(=O)N,5.161150909
NC1=N[C@](c2cccc(F)c12)(c1ccnc(c1)C(F)(F)F)c1ccc(F)c(c1)-c1cncnc1,5.102372909
COc1ccc(C2(c3cccc(-c4cccnc4)c3)N=C(N)CS2)cc1,5
O[C@@]1(CC23CCC(CC2)(CO3)NC\C=C\c2cc(F)ccc2F)Cn2c3c1c(F)cnc3ccc2=O,9
C[C@@H]1CCCN1CCCOc1ccc(cc1)-n1c(C)nc2ccccc2c1=O,5
Fc1ccccc1C(=O)Nc1ccc(cc1)-c1nnc(NCCCN2C[C@@H]3CC[C@H]2C3)o1,5.200659451
Cl.O=C(c1ccccc1)N1CCN(c2ccc(OCCCN3CCCCC3)cc2)C(=O)C1,4.200000237
O=C(c1ccccc1C(F)(F)F)N(C1CNCC1)CC1CC1,4.698970004
Cc1cc(nc2c(CCC34CCC(CC3)(CO4)NCc3ccc4OCC(=O)Nc4n3)ccnc12)C#N,9
O=C1COc2c(N1)cc(nc2)CNC12CCC(CC1)(OC2)CC1(O)Cn2c3c1c(F)cnc3ccc2=O,4.522878745
CN(C)CCC1=C(Cc2cnccn2)c2ccc(C)cc2C1,6.301029996
Clc1cc2NC(=O)Cc2cc1CC[NH+]1CCN(CC1)c1nsc2c1cccc2,6.920818754
O[C@@]1(CC23CCC(CC2)(CO3)NCc2ccc3SCC(=O)Nc3n2)Cn2c3c1c(F)cnc3ccc2=O,4.590066877
COc1nc2ccc(C#N)cc2cc1C(c1cccc(C)c1)C(O)(CCN(C)C)c1cccnc1OC,6.522878745
Cc1ncoc1-c1nnc(SCCCN2CC[C@]3(C[C@@H]3c3cc(Cl)cc(Cl)c3)C2)n1C,6.580044252
COc1ccc(Oc2ccnc3cc(-c4cnn(C5CCNCC5)c4)ccc23)cc1,5.609064893
O[C@H]1CCN[C@@H](C1)C(=O)N[C@@H](Cc1ccc(cc1)-c1ccc(cc1)C#N)C#N,4.48148606
Fc1cc2COC3(CCN(Cc4ccc(Oc5ccc(F)c(F)c5)cc4)CC3)c2cn1,9
CNC(=O)[C@@]12C[C@@H]1[C@H]([C@H](O)[C@@H]2O)n1cnc2c(NC)nc(nc12)C#Cc1cccs1,4.93930216
CCOC(=O)C1CCN(C(=O)c2ccc(C[C@@H]3CC[C@H]([C@H](O)c4ccccc4)N3)cc2)CC1,5.080921908
Cc1ccc(/C=C/CN(C)Cc2ccc3c(c2)OCCO3)cc1.Cl,5.337242168
C[C@]1(O)CC[C@@H](CC1)Nc1ccc2ncc(-c3cccc(OC(F)(F)F)c3)n2n1,4.585026652
Cc1ncc(CNC2CCN(CCn3c4cc(ccc4ccc3=O)C#N)CC2)cc1C#N,4.585026652
CN1CCN(CC1)c1cc(cc(COCC2(CCNCC2)c2ccccc2)n1)C(F)(F)F,4.795880017
CC(C)Cc1ccc2nn(C)cc2c1NS(=O)(=O)c1ccc(CCCOC[C@H]2COCCN2C)cc1,5.508638306
Cn1c(SCCCN2CC[C@]3(C[C@@H]3c3ccc(C(F)(F)F)cc3)C2)nnc1-c1ccncn1,6.840132153
O=C(NC1CCCCC1)NS(=O)(=O)c1ccc(OCCCCN2CCCC2)cc1,4
Nc1ccc(cn1)-c1cnc(N)c(c1)-c1ccc(Cl)cc1,5.744727495
Cc1cc(ccc1O[C@@H]1C[C@@H]2CC[C@H](C1)N2Cc1ccccc1)C(N)=O,6
CNCc1cc(F)c(OC)cc1Oc1ccc(Cl)c(Cl)c1,5.677780705
CCN(CC)CCNC(=O)c1c(C)[nH]c(\C=C2/C(=O)Nc3ccc(F)cc23)c1C,6.568636236
CC(=O)Nc1cc(Nc2cc(NC3CC3)n3ncc(C#N)c3n2)ncc1C,4.721246399
COc1cccc(c1)c1nnc(n1C)CCCCCN1CC2[C@@](C1)(C2)c1ccc(cc1)C(F)(F)F,7
NC(=O)c1cnc2c(F)cc(-c3cccnc3)cc2c1NC1CCOCC1,5
CC(C(C(F)(F)F)Nc1nc2cc[nH]c(=O)c2c2c1ccc(c2)F)C,5.455931956
NC1=NC2(CO1)c1cc(c(F)cc1OCC21CC1)-c1cncnc1,5
Fc1ccccc1C(=O)Nc1ccc(cc1)-c1nnc(NCCCN2CCOCC2)o1,4.500312917
Cc1nc([C@@]2(c3cnn(C)c3)N[C@@H](c3nc(-c4ccc(F)cn4)c[nH]3)Cc3c2[nH]c2ccccc32)no1,5.188357979
Cc1nc2ccccc2n1C1CC2CCC(C1)N2CCC1(CCN(CC1)C(=O)c1ccc(NS(C)(=O)=O)cc1Cl)c1cccc(F)c1,5
FC1CCN(CCCNc2nnc(o2)-c2ccc(NC(=O)c3ccccc3F)cc2)CC1,5.102372909
CCOC(=O)C1=C(CN2CCOCC2)NC(c2nc(CC(=O)OC)cs2)=NC1c1ccc(F)cc1Br,5.785156152
CSc1cc(ccc1C#N)-c1ccc(C[C@H](NC(=O)[C@@H]2CCCCN2)C#N)cc1,5.568636236
OC(=O)c1ccc2OCC(=O)N(CCN3CCC(CC3)NCc3ccc4OCC(=O)Nc4n3)c2c1,4
COc1ccc(cc1)C1CN(CC1CC(=O)Nc1cccc(c1)Cl)CCCN(S(=O)(=O)C)C,5.335358024
CC(C)C(=O)N(Cc1ccc(Cl)cc1Cl)[C@H]1CCNC1,4.397940009
Cc1ccc(cn1)c1nnc(n1C)CCCCN1CC2[C@@](C1)(C2)c1ccc(cc1)C(F)(F)F,5.801342913
Cc1cccc(c1)N=C(NC#N)c1ccc(o1)-c1ccc(Cl)cc1,4.522878745
Cc1nc2C(=O)N(CC(O)=O)Cc2c(c1CN)-c1ccc(Cl)cc1Cl,4.096910013
OCC1CCC(CC1)N1CC(C1)NC(=O)CNc1nn(c2c1cc(cc2)C(F)(F)F)C,4.494850022
Fc1ccc(cc1)C1CCN(CC1)C1CCC(C1)(C(C)C)C(=O)NCc1cc(cc(c1)C(F)(F)F)C(F)(F)F,7.795880017
Cn1cnc(c1)C(=O)N(C[C@H]1[C@@H]2CN(CC3CCCC3)C[C@H]12)Cc1cccc(OC(F)(F)F)c1,6.337242168
O1[C@H](CC)[C@@](O)(C)[C@H](O)[C@@H](C)C(=O)[C@@H](C[C@](O)(C)[C@H](O[C@H]2O[C@@H](C[C@@H]([NH+](C)C)[C@H]2O)C)[C@H](C)[C@@H](O[C@@H]2O[C@H](C)[C@@H](O)[C@@](OC)(C2)C)[C@@H](C)C1=O)C,4.142667504
CCCCCCCN(C/C=C\CCc1ccc(cc1)Cl)CC,6.623423043
Cn1cc(cn1)[C@]1(N[C@H](Cc2c1[nH]c1ccccc21)c1nc(c[nH]1)-c1ccc(F)cn1)c1nn(C)c(=O)o1,4.588380294
Cn1cc(-c2ccnc(C3COCCN3)c2)c(-c2ccc(F)cc2)n1,4.586700236
O=C(N1CCC(CC1)Oc1ccc(CN2CCCC2)cc1)c1nc(no1)-c1ccccc1,5.744727495
CCOC(=O)C1CCN(CCOc2ccc(cc2)S(N)(=O)=O)CC1,4.640164518
O=S(=O)(CC1CC1)NCCOc1ccc2c(c1)[C@@H](Cc1ccccc1)[C@@H](N1CCC1)CC2,7.096910013
COC1COCCC1NC1CCC(C1)(C(C)C)C(=O)N1CCN(CC1)c1cncc(c1)C(F)(F)F,5.677780705
CCNC(=O)[C@H]1CC[C@@]2(C)CC[C@@H]3c4ccc(OCCCN5CCC[C@H]5C)cc4CC[C@H]3[C@H]12,5.387216143
Cn1c(CCCCN2CC3[C@@](C2)(C3)c2ccc(cc2)C(F)(F)F)nnc1c1ccc(c(c1)F)F,5.801342913
Cc1[nH]nc2c1c(=O)n(C[C@H](F)CN)c1cc(C3CCCCC3)c(cc21)C1CCCCC1,4.879426069
NC(=O)[C@@H]1CC[C@@H](c2ccc(OCc3ccccc3F)cc2)N1,5.299997603
C[C@@H]1NC(=N[C@@]1(c1ccc(F)cc1)c1ccc(F)nc1)c1nccc(n1)C#N,5
CN(C)CCCNC(=O)c1ccc(Cn2c(Cc3c(Cl)cccc3Cl)nc3ccccc32)cc1,5.343901798
COc1ccc2nccc(C(O)C3CC4CCN3CC4C=C)c2c1,6.389978975
Clc1c(ccn2c1nnc2CC1CC1)N1CCC(CC1)c1ccccc1,6.522878745
CN(C1CCNCC1)C(=O)N1CC(=CC1c1cccc(O)c1)c1cc(F)ccc1F,5.180456064
CC(C)(CC(O)(Cc1cc2cc(ncc2[nH]1)N1CCOCC1)C(F)(F)F)c1ccccc1S(C)(=O)=O,4.698970004
COCc1ccc2c3nc(N4CCC[C@@H](N)C4)n(Cc4ccccc4Cl)c3c(=O)n(C)c2c1,5.744727495
Cn1nc(NCC(=O)NC2CN(C2)[C@H]2CC[C@H](CC2)C(O)=O)c2cc(ccc12)C(F)(F)F,4.602059991
C[C@H]1Cn2c(CN1C(=O)c1cccc(c1Cl)C(F)(F)F)nnc2-c1cnccn1,5
FC(F)(F)c1cnc2CCN(Cc2c1)C(=O)[C@@]12CCO[C@@H]1C[C@H](C2)N1CCC(CC1)c1ccccc1,5.236572006
O=c1ccc2ncc(Oc3cccnc3)cc2n1CCN1CCC(CC1)c1nc2cc(ccc2[nH]1)C#N,5.853871964
COc1cc(ccc1Nc1ncc(Cl)c(n1)-c1cnc2ccccn12)N1CC2COCC(C1)N2,5
OC(C1CCN(CCCOc2ccc(cc2)-c2ccccc2)CC1)(c1ccccc1)c1ccccc1,7
Cc1ncn(n1)-c1cc(Cl)c(C(=O)NC[C@@H](c2cccc(F)c2)c2ccc3[nH]c(C)nc3c2)c(Cl)c1,4.701146924
CC(C)(C)NC(=O)n1nc(NCC(=O)NC2CN(C2)[C@H]2CC[C@H](CC2)c2ccc3OCOc3c2)c2cc(ccc12)C(F)(F)F,5.327902142
O=C(N[C@@H]1CN(C1)[C@@H]1CC[C@H](CC1)c1ccc2c(c1)OCO2)CNc1nn(c2c1cc(cc2)C(F)(F)F)C(=O)NC(C)(C)C,5.327902142
Cc1ncoc1-c1nnc(SCCCN2CCc3cc4nc(oc4cc3CC2)C2CC2)n1C,5.397940009
CS(=O)(=O)c1ccc(c(F)c1)-n1cc(Cl)c(OC2CCN(CC2)c2ncc(Cl)cn2)cc1=O,5.853871964
Cn1cnc(-c2cnc(O[C@@H]3CCN(C(=O)Cc4ccc(OC(F)(F)F)cc4)C[C@H]3F)c(C(N)=O)c2)c1,5.15490196
C[C@@H]([C@H](N)C(=O)N1CCCC1)c1nc(no1)-c1ccc(cc1Cl)S(C)(=O)=O,4.431798276
CCCCN(Cc1cncn1Cc1ccc(cc1)C#N)[C@H]1CCN(Cc2ccccc2)C1=O,6.721246399
O=C(c1cccc(c1Cl)Cl)N(C1CCNC1)C1CCCC1,4.987162775
Fc1cc2c([N+](=C[C@@H](C(=O)[O-])C2=O)C2CC2)c(OC)c1N1C[C@H]([NH2+]CC1)C,3.892789691
CCOC(=O)N1CCC(CN2CC[C@@H](C2)N2C(=O)Cc3ccccc23)CC1,6.096910013
CN(Cc1cccc(F)c1CNc1cc(F)c(S(=O)(=O)Nc2cscn2)c(F)c1)C(C)(C)C,4.580044252
CCN1CCN(CC1)c1cc2[nH]c(nc2cc1Cl)S[C@]1(C)CCC(CC1)c1nnn(n1)C,5.356547324
s1c2Nc3c(N=C(N4CC[NH2+]CC4)c2cc1C)cccc3,4.847711656
CN1CCC(COCc2cc(ccn2)C(F)(F)F)(CC1)c1ccc(F)cc1,4.537602002
CC1(C(=O)N2CCO[C@@H](c3nc(-c4ccc(C(=O)Nc5cc(C(F)(F)F)ccn5)cc4)c4c(N)nccn34)C2)COC1,4.841637508
O=c1n(Cc2ccc(Cl)cc2)c2sc3c(c2c2ncnn12)CCN(CC1CC1)C3,6.795880017
s1c2Nc3c(N=C(N4CC[NH+](CC4)C)c2cc1CO)cccc3,4.935542011
CN(C)c1ncnc(Cn2cc(C(=O)NCCO)c3ncc(C)cc23)c1C,4.48148606
COc1cccc2c1OC(C(C)S2(=O)=O)c1ccc(OCCCN2CCC[C@H]2C)cc1,5.537602002
CC(N1C2CCC1CC(C2)Oc1cccc(c1)C(=O)N)c1ccccc1,5.853871964
CCOC(=O)C1CCC(CC1)N1CC(C1)NC(=O)CNc1nn(c2c1cc(cc2)C(F)(F)F)S(=O)(=O)C,4.602059991
CCN(CCCC(=O)NCCO)C(=O)c1ccc2n(C)c3CC[C@H](Cc3c2c1)C1CCOCC1,4.48148606
Cc1ccc(cc1)COC(=O)N1CCC(CC1)COc1ncccn1,5
Clc1ccc(Cn2c(nc3cc(Cl)c(Cl)cc23)-c2ccc(=O)[nH]c2)cc1Cl,5.301029996
CCC(NCCCC[C@@H](Oc1cc(C)c(F)c(C)c1)C(=O)NO)c1ccc(F)cc1,5.568636236
CC(=O)Nc1cccc(C2CCN(Cc3ccc(C(=O)c4nc(C)c(C)n4-c4ccc(F)cc4)cc3)CC2)c1,5.769551079
CC[C@@H](NC(=O)c1cc(C(=O)N2CCC[C@@H]2C)n2CCOCc12)c1ccc(Cl)c(Cl)c1,5
CN1CCN(CC1)c1ccc(cc1)-c1nc2ncc(Cl)c(N3CCN(Cc4cc(C)on4)CC3)c2[nH]1,5.638272164
Cc1ccc2c(c1)N1N=C(C(C1CO2)(CCCN1CCOCC1)c1ccccc1)C(=O)C,5.200659451
Brc1ccc2c(c1)C1(NC(C)CCc3c1[nH]c1c3cccc1)C(=O)N2,4.522878745
FC(F)(F)c1ccc(cc1)-n1ccc(CN2CCC(CC2)NC(=O)N2CCn3cccc3C2c2ccccc2)c1,5.886056648
N=C(Nc1ccc(I)cc1)NC12CC3CC(CC(C3)C1)C2,5.585026652
OC[C@H](c1ccc(Cl)c(F)c1)n1ccc(cc1=O)-c1ccnc(NC2CCOCC2)n1,4.838631998
Clc1cc2cc(n(c2cc1)-c1ccc(F)cc1)CN(C)C,4.585026652
CN[C@H]1CCC[C@H](C1)c1c[nH]c2ccc(cc12)N=C(N)c1cccs1,4.48148606
O=C1COc2ccccc2N1CCCN1CCC(CC1)n1c2ccncc2[nH]c1=O,4.337242168
C=CC(=O)N[C@H]1CCN(c2ccc(C(N)=O)c(Nc3ccc(N4CCOCC4)nc3)n2)C1,5.823908741
N#Cc1ccc(O[C@H]2CN(S(=O)(=O)c3ccc(Cl)cn3)C[C@@]2(O)CN)cc1F,4.698970004
Cn1c(SCCCNC2CCC3C2(C3)c2ccccc2)nnc1c1ocnc1C,5.100179498
CCn1cc(cn1)[C@]1(N[C@H](Cc2c1[nH]c1ccccc21)c1nc(c[nH]1)-c1ccc(F)cn1)c1nnc(SC)o1,5.795880017
FC(F)Oc1ccc(cc1OC(C)C)[C@H](C=1C=C[C@@H](NC=1)C(O)(C)C)c1cc[n+]([O-])cc1,4.381951903
NC1=NC2(CO1)c1cc(Br)ccc1OC1(CCCC1)C21COC1,5
O=C(Cc1ccc(cc1C(F)(F)F)C(F)(F)F)NC1N=C(c2ccccc2)c2c(N(C1=O)CC(F)(F)F)cccc2,5.22184875
C[C@@H]1CC[C@@H]([C@@H](C)C(=O)Nc2ccc(Cl)c(-c3ccccn3)c2)c2nc(CN3CCOCC3)ccc21,5.480172006
COC(=O)N1CCC(CC1)C1N[C@H](Cc2c1[nH]c1ccccc21)c1nc(c[nH]1)-c1ccccc1,6.15490196
NC(=O)[C@H]1CCC[C@@H](c2ccc(OCc3cccc(F)c3)cc2)N1,5.499996932
CC(=O)NC1CCC(c2nnc(SCCCN3CC[C@]4(C[C@@H]4c4ccc(C(F)(F)F)cc4)C3)n2C)CC1,5.160000609
FC(F)(F)c1ccc(NC(=O)CN2CCCN(Cc3nc4ccccc4[nH]3)CC2)cc1,5.303643611
CNC1CCCC(C1)c1c[nH]c2c1cc(cc2)NC(=N)c1cccs1,4.48148606
CC(=O)Nc1ccc(cc1)C(=O)Nc1cc(ccc1N)c1cccs1,4.522878745
Fc1ccccc1C(=O)Nc1ccc(-c2nnc(NCCCCN3CCCCC3)o2)c(Cl)c1,5.699991797
CS(=O)(=O)c1ccc(c(F)c1)-c1ccc2[nH]nc(-c3cncc(O[C@H]4CNCCC44CC4)n3)c2c1,5.698970004
O=c1cc(OCc2ccccc2)ccn1-c1ccc(OCCN2CCCCC2)cc1,9
O=C(Cc1ccc(OCC[C@@H]2C[C@@H]2C2CCN(c3ncc(Cl)cn3)CC2)c(F)c1)N1CCC1,5.455931956
COc1ccc(cn1)-c1cc(cnc1N)-c1ccc(cc1)C(=O)N1CCN(C)CC1,4.688246139
Cn1nc(NCC(=O)NC2CN(C2)[C@H]2CC[C@H](CC2)c2cccnc2)c2cc(ccc12)C(F)(F)F,4.619788758
CCCN(c1cccnc1)P(=O)(c1ccccc1)c1ccccc1,4.48148606
OCCN1CCN(CC\C=C/2\c3ccccc3Sc4ccc(cc24)C(F)(F)F)CC1,5.099999035
Cn1cc(CN2[C@H]3CC[C@@H]2C[C@H](C3)Oc2cccc(c2)C(N)=O)cn1,9
COCc1ccc(-c2cc3c(cc2F)ncc2c3n([C@@H](C)C3CCOCC3)c(=O)n2C)cn1,4.823908741
FC(F)(F)c1ccc(CNC(=O)N2CCC[C@H]2CN2CCCC2)cc1,4.397940009
Cc1cnc2c(cn(Cc3ncnc(OC(F)F)c3C)c2c1)C(=O)NCCO,4.48148606
C[C@@H]1N[C@H](C)CC[C@@H]1Nc1ncc(C(N)=O)c2sc(-c3ccccc3)cc12,5.075720714
COC1COCCC1NC1CCC(C1)(C(C)C)C(=O)N1CCN(CC1)c1cccc(n1)C(F)(F)F,5.408935393
CC(CN(C(=O)c1cccc(c1F)Cl)C1CNCC1)C,5
Nc1nc2ccc(OC3CNC3)nc2n1CC(O)c1ccc(cc1Cl)C(F)(F)F,4.477555766
CN(CCNC(=O)c1ccc(cc1)Nc1ncc(c(n1)c1cnc(n1C(C)C)C)F)C,4.187086643
CN1[C@@H]2CC[C@H]1CC(C2)OC(=O)C(O)c3ccccc3,4.290000325
OC1CN(CCC1c1ccc(cc1Cl)F)C[C@H]1C[C@H](O)c2c(C1)cccn2,4.301029996
CC1(C)Oc2ccc(NC(=O)c3cnc(cn3)C(F)F)cc2[C@@]2(COC(N)=N2)C11CC1,4.821023053
CCCCCCCC[N+](C)(C)C,3.49757288
Fc1cccc(c1)C1(CCN2[C@@H]3CC[C@@H]2C[C@@H](C3)n2c(C)nc3c2cccc3)CCN(CC1)C(=O)C1(CCC1)C(=O)O,4.346787486
Cc1cccc(n1)-n1nc(C)c(cc1=O)-c1ccc(OC2CCN(CC2)C2CCC2)cc1,4.522878745
Cc1ccnc2c3c(nn12)CN([C@H]1CO[C@H](c2cc(F)ccc2F)[C@@H](N)C1)C3,4.013228266
Cc1[nH]c2ccccc2c1CCN1CCc2ccc(\C=C\C(=O)NO)cc2CC1,5.494850022
O=C1CC2CCc3cc(OC4CCN(CC4)C4CCC4)ccc3C2=NN1,4.744727495
Clc1ccc2c(c1)C(=NCc1n2c(C)nc1)c1ccccc1F,4.866461092
OC(c1ccc(F)c(Cl)c1)(c1ccc2n(ncc2c1)-c1ccc(F)cc1)C(F)(F)F,5
[NH+](CCCN(C1Cc2c(C1)cccc2)c1ccccc1)(CC)CC,6.638272164
O=C(Cc1csc(n1)N)Nc1ccc(cc1)CC1CCC(N1)C(c1ccccc1)O,4.950781977
NC1=NC2(CO1)c1cc(NC(=O)c3ncc(Cl)cc3F)ccc1OCC21CC1,5
COc1ccc(cc1)[C@H]1CN(CCCC2CCOCC2)C[C@@H]1CNC(=O)c1cccc(Cl)c1,6
Cc1c(o[nH]c1=O)C1CCN(CC1)C(=O)NC1CC1c1ccccc1,4.522878745
Cn1c(SCCCN2CC3CCN(c4ccc(C(F)(F)F)cc4)C3C2)nnc1-c1cccnn1,6.920818754
CC(C)CC[C@@H]1C[C@@H](CC[C@@H]1NC(=O)CNC(=O)c1cccc(c1)C(F)(F)F)N(C)C(C)C,5.568636236
CS(=O)(=O)c1ccc(cc1)-c1noc(n1)C1CCN(CC1)C(=O)NC1CC1c1ccccc1,5.045757491
O[C@H]1C[C@H](CN2CCC(CC2)c2ccccc2)CCc2cccnc12,4.958607315
CO[C@H]1CCN(Cc2c(C)cc(C)c3[nH]ccc23)[C@H](CO)C1,4.853871964
CC(C)(Sc1ccc(CCN(CCCCC2CCCCC2)C(=O)NC3CCCCC3)cc1)C(=O)O,4.620000528
O=C(c1cc(F)cc(Cl)c1)N1CCn2nc(-c3ccc(F)cn3)cc2C1,4.823908741
CCN1CC2[C@](C1)(CCCC2)c1ccc(c(c1)Cl)Cl,5.325138859
Cc1cc(/C=C/C#N)cc(C)c1Oc1nc(Nc2ccc(C#N)cc2F)nc2sccc12,6.744727495
O=c1n(Cc2ccccc2)c2sc3c(c2c2ncnn12)CCN(CC1CCOCC1)C3,6.244125144
Cc1cc(C)nc(n1)N1C[C@@H]2CN(C[C@@H]2C1)C(=O)c1c(F)cccc1-n1nccn1,5
Clc1ccc(Cl)c(NC(=O)NS(=O)(=O)c2ccc(OCCCN3CCCC3)cc2)c1,4
Fc1ccc(cc1C#N)N1CCN(CCN2CCC(CC2)C(F)(F)F)C1=O,5.200659451
CO[C@H]1CN(CCn2c3cc(ccc3ccc2=O)C#N)CC[C@H]1NCc1ccc2OCC(=O)Nc2n1,3.723538196
Cc1oc(nc1COc1cccc(CN(CC(O)=O)C(=O)Oc2ccc(C)cc2)c1)-c1ccccc1Cl,4.096910013
O[C@@H](CCC[N+]1CCC(CC1)C(O)(c1ccccc1)c1ccccc1)c1ccc(cc1)C(C)(C)C,8.075720714
O=C(n1ccc2c1cc(cn2)OC1=NC=N[C@@H]2[C@H]1CNC2)Nc1noc(c1)C(C)(C)C,4.522878745
COc1ccccc1c1nnc(n1C)CCCCN1CC2[C@@](C1)(C2)c1ccc(cc1)C(F)(F)F,6.602059991
NC1=NC2(CO1)c1cc(ccc1OC(CC1CC1)C21COC1)-c1cncnc1,5
CN1[C@@H]2CCC[C@@H]1CC(C2)NC(=O)c1cccc2oc(nc12)C1CC1,6.698970004
Clc1cccc(c1N1C(=O)NCc2c1nc(nc2c1ccccc1Cl)N1CCOCC1)Cl,5.301029996
O=C(c1ccc(s1)n1cnc2c1ccc(c2)OC(F)(F)F)NC1CC1,5.552841969
Cc1ccc2c(cccc2n1)-c1nnc(SCCCN2CC3CC3(C2)c2ccc(Cl)c(Cl)c2)n1C,5.971957705
COc1ccccc1CC(N1CCNCC1)c1ccccc1,4.46470588
CCC(C)n1ncn(-c2ccc(cc2)N2CCN(CC2)c2ccc(OCC3COC(Cn4cncn4)(O3)c3ccc(Cl)cc3Cl)cc2)c1=O,4.397940009
CCCCc1cc(OC2CCN(CCCCN(C)S(=O)(=O)CC)CC2)c2ncccc2c1.Cl.Cl,6.599980365
O=C1N(CCCCC2CCc3cc(-c4ccc(Cl)cc4)ccc3O2)CCN1c1ccncc1,5.756961951
Cc1cn([C@H]2CCCN(C2)S(=O)(=O)c2ccc(O)c(Oc3cccc(Cl)c3)c2)c(=O)[nH]c1=O,4.568636236
COc1cc2c(cc1OC)nc(nc2N[C@@H]1CNC[C@H]1C(O)(C)C)c1cc(F)ccc1O,4.657577319
CC(C)c1cc(cc2nc(oc12)-c1ccc(cc1)C(=O)NC[C@H]1CC[C@@H](CC1)c1cccc(C)c1)C#N,4.522878745
COc1ccc2ncc(F)c([C@H](O)CN3CCC(CC3)NCc3cc4OCCOc4cn3)c2n1,4.199970641
OCC(Cn1c(=O)n(c2c1cccc2)C1CCN(CC1)CC1C2CCC(C31CC3)C2)O,4.602059991
CC(C)c1cc(cc2nc(oc12)-c1ccc(cc1)C(=O)NC[C@H]1CC[C@H](CC1)c1cccc(C)c1)C#N,4.946921557
COc1ccc(cc1)S(=O)(=O)N1Cc2ccc(\C=C\C(=O)NO)cc2C1,4.522878745
Clc1ccc(cc1)C1CNCC=CC1,4.508638306
COC(=O)c1c(C)noc1-c1ccc2cc(CCN3CCC[C@H]3C)ccc2n1,5.22184875
NC(=O)c1ccc2cc1NCC1CCN(C1)CCCc1n2c2CC(C)(C)CC(=O)c2c1C,6.356547324
OC(=O)C1CN(CCC21NC(=O)N(C2=O)c1ccc(cc1)c1ccccc1)Cc1ncccc1C,4.698970004
CC1CCCN1CCN1CCc2c(C1=O)ccc(c2)c1ccc(cc1)C(=O)N1CCCC1,5.017728767
C[C@H](c1c(CCN(C)C)sc2ccccc12)c1ncccc1C,6.045757491
C=CCOc1cc(F)c(cc1C1CC1CN)F,5.040958608
CN1CCC(COCc2cc(cc(Cl)n2)C(F)(F)F)(CC1)c1ccc(Cl)cc1,4.638272164
COc1ccc(cc1)C1CN(CC1CNC(=O)c1cccc(c1)Cl)CCCC1CCNCC1,4.692503962
Cc1nc2ccccc2n1C1CC2CCC(C1)N2CCC1(CCN(CC1)C(=O)c1cc(ccc1Cl)S(N)(=O)=O)c1cccc(F)c1,4.300162274
NC1=NC2(COC1)c1cc(ccc1OCC21CC1)-c1cncnc1,5
N#Cc1ccc(OCCCN2CC3CN(CCNS(=O)(=O)c4ccc(F)cc4F)CC(C2)O3)cc1,5.490004908
CCN(CC)CCOc1cc(c(Cl)cc1Cl)-c1nc(SC)nc2[nH]cc(C#N)c12,5.769551079
CCOC(=O)C1=C(CN2CCOCC2)NC(c2cccs2)=NC1c1ccc(F)cc1Br,6.045757491
CC(NCCN1CCCc2c1ccc(c2)NC(=N)c1cccs1)C,4.560667306
FC1CCN(C1)C(=O)C(C(C1CCC(CC1)N(C(=O)c1cccc(c1)F)C)C)N,4.107905397
COc1ccc2c(c1)c(ccn2)NC(=O)C1(O)CCC(CC1)NCc1ncc2c(c1)OCCO2,3.698970004
Cc1nc2c(F)cc(-c3nc(Nc4ccc5c(n4)CCN(CCN(C)C)C5)ncc3F)cc2n1C(C)C,5
Fc1ccccc1N1C[C@@]2(CC[C@@H](CC2)c2nc3ccc(OC(F)(F)F)cc3[nH]2)OC1=O,5.200659451
O=C(NCC1(CCCC1)N1CCCC1)N1CCC(CC1)c1nc(no1)-c1ccc2ccccc2n1,5.148741651
O=C1N(C[C@H](N1C1CCN(CC1)Cc1ccc(nc1)Sc1ccc(cc1)C(=O)O)c1ccccc1)C1CCOCC1,4.522878745
CCCCCC[N+](CC)(CC)CC,3.73754891
COc1cccc2c3nc(CN4CCN(C[C@H]4C)c4cnn(c4)C(C)(C)C)nn3c(N)nc12,4.22184875
OC1CN(CCC1c1ccc(cc1C)F)C[C@@H]1CCc2c([C@H](C1)O)nccc2,4.886056648
C[C@@H](c1ccc(cc1)C(=O)NCCC(O)=O)n1nc(cc1-c1ccc2cc(C)ccc2c1)-c1cc(Cl)cc(Cl)c1,5
COC1COCCC1N[C@@H]1C[C@H]2C[C@@H](O)C[C@]2(C1)C(=O)N1CCc2ncc(cc2C1)C(F)(F)F,4.301029996
COc1ccc2ncc(F)c(CCC34CCC(CC3)(CO4)NCc3nc4NC(=O)COc4c(C)c3F)c2n1,6.045757491
O=C1OCc2cc(CCN3CCN(CCc4ccc5C(=O)OCc5c4)CC3)ccc12,5.721246399
COc1ccc2c(ccnc2c1)-c1cnn(c1)-c1ccccc1,5.602059991
[2H]C(Nc1cc(C(F)(F)F)cc2ncc(N3CCN(C)CC3)cc12)c1cccc([N+](=O)[O-])c1,5.896196279
OC(=O)C(F)(F)F.NC[C@H]1C[C@@H]1c1cc(Cl)ccc1OCC=C,6.568636236
CNCc1ccc(Cl)cc1Oc1ccc(C)c(C)c1,5.769551079
C[C@H](c1nc(-c2ccc(Cl)cc2Cl)no1)[C@H](N)C(=O)N1CCCC1.O=C(O)C(F)(F)F,4.435333936
C[C@@H]1CCCN1CCc1ccc(-c2ccc(S(=O)(=O)NCc3ccccc3)cc2)cc1,6.243059764
CCOC(=O)C1=C(CN2CCOCC2)NC(c2nccn2C)=NC1c1ccc(F)cc1Br,6.769551079
NC1=NC2(CO1)c1cc(Br)ccc1OC(CC1CC1)C21COC1,5
N#Cc1ccc(NC(=O)[C@H](CN2CC(O)C2)Oc2ncnc3c2cnn3-c2c(Cl)cccc2Cl)nc1,5.199998172
C[C@@H](Oc1nc(cc2ncsc12)-c1cnn(c1)C(F)F)[C@H]1CNC(=O)O1,4.522878745
N#Cc1cccc(-c2cccc(Cl)c2CC(c2cccnc2)c2cccnc2)c1,5.591760035
COc1ccc(cc1)CCN1CCC(CC1)C(=O)c1ccc(cc1)Cl,7.431798276
Clc1cccc(c1)N1CCN(CCN2CCC(CC2)c2nnc(o2)-c2ccccc2)C1=O,6.602059991
CN(Cc1ccc2c(c1)CC[C@@H](C2)N(C(=O)c1ccc(cc1)c1cccnc1)C)C,5
CC(C)c1cc(cc2nc(oc12)-c1ccc(cc1)C(=O)NC[C@H]1CN(C(=O)O1)c1ccc(cn1)-c1ccccc1OC(F)(F)F)C#N,5.446116973
NC1=NC(c2cccc(F)c12)(c1ccncc1)c1cccc(c1)-c1cncc(F)c1,5.795880017
O1Cc2c(cccc2)\C(\c2c1cccc2)=C\CC[NH+](C)C,5.187093325
O=C1CC[C@]2([C@H]3[C@H]([C@H]4CC[C@](O)(CCC(=O)[O-])[C@@]4(CC3)C)C=CC2=C1)C,3.982966243
C[C@@H]1CCCN1CCc1ccc2nc(ccc2c1)-c1ccoc1,5.075720714
CCOc1cc(C(=O)Nc2cc(C(F)(F)F)ccn2)ccc1-c1nc(C23CCC(C(=O)O)(CC2)CC3)n2ccnc(N)c12,4.585026652
CCN(CC)C1(CNC(=O)N2CCC(CC2)c2nc(no2)-c2ccc3ccccc3n2)CCCC1,5.026872146
C[C@@H](Nc1c(C(N)=O)cnc2ccc(-c3cccnc3)cc12)C1CCOCC1,5.366531544
Cc1cnsc1N1CCC2(CCN(C[C@H](O)c3ccc4c(c3C)COC4=O)CC2)C1=O,5.102372909
C[C@@H]1CCCN1CCc1ccc2nc(ccc2c1)-c1cc2cccnc2nc1C,4.397940009
Cc1cc(/C=C/C#N)cc(C)c1Nc1ccnc(Nc2ccc(C#N)cc2)n1,6.301029996
NS(=O)(=O)c1ccc(Oc2cnc3ccc(=O)n(CCN4CCC(CC4)c4nc5cc(ccc5[nH]4)C#N)c3c2)cc1,4.48148606
CC(C)(C)c1csc(n1)N1CCN(CC1)C(=O)[C@@H]1CCCC[C@H]1C(=O)NC1(CC1)C#N,5.200659451
CCN(C)C(=O)c1ccc(cc1)[C@@H](N1CCN(Cc2ccccn2)CC1)c1ccccn1,4.48148606
COc1ccc(Oc2ccc(cc2)S(=O)(=O)C2(CCC3(C2)CCNCC3)C(=O)NO)cc1,4.431798276
Clc1c(Cl)cccc1N1CCN(CC1)CCCCCOc1ncc2c(c1)cccc2,6.677780705
O=C(c1ccccc1F)Nc1ccc(cc1)c1nnc(o1)NCCCN1CC2CC1CC2,5.200659451
N[C@H](COc1cccc2c1NC(=O)CO2)CN1CCC2(CC1)Cc1cc(F)ccc1O2,5.958607315
O=C(N1CCC(C1)NC1CCC(CC1)(O)c1ccc(cn1)c1ncccn1)C1CCN(CC1)c1ncnc(c1)C(F)(F)F,4.522878745
Cc1c([C@H](O)CN2CCN(C[C@@H](O)c3ccc4c(c3C)COC4=O)CC2)ccc2c1COC2=O,4.327902142
COCCN1CCC[C@H]1Cn1nc(Cc2ccc(cc2)Cl)c2c(c1=O)cccn2,7.200659451
COC(=O)NCCc1ccccc1c1ccc(c(c1)Cl)[C@H]1CNCC[C@H]1c1ccn(c(=O)c1)C,4.987162775
CN(C)CCC(=O)N[C@H]1c2ccccc2C[C@@H]1NC(=O)c1cc2cc(F)c(F)cc2[nH]1,5.399996913
COC(=O)[C@@H]1C2CCC(C[C@@H]1C(=O)Oc1ccccc1)N2C,5.283996656
Cc1ccn2c3CCN(CCCSc4nnc(-c5cccc6nc(C)ccc56)n4C)CCc3nc2c1,6.602059991
O=C(Cc1ccc(-n2cnnn2)cc1)N1CCN(CCc2ccc3nonc3c2)CC1,5.886056648
N(c1nc(cs1)-c1cn[nH]c1)c1ccccn1,4.48148606
C(CN(Cc1nccc2c3ccccc3n(CCN3CCOCC3)c12)C1CCCc2cccnc12)CN1CCNCC1,5.508638306
S(=O)([O-])(=NC(=O)NC1CCC(CC1)C)c1ccc(cc1)CCNC(=O)N1CC(C)=C(CC)C1=O,4.130006
C/C(=N\NC(=N)N)c1ccc2c(c1)Cc1cc(/C(C)=N/NC(=N)N)ccc1-2.Cl.Cl,5.950781977
COn1cc(ccc1=O)C1=N[C@@]([C@H](C)N1)(c1ccc(F)cc1)c1ccc(F)nc1,9
Cc1ncoc1-c1nnc(SCCCN2[C@H]3CC[C@@H]2C[C@@H](C3)c2ccc(cc2)C(F)(F)F)n1C,6.799970733
CCOC(=O)C1CCC(CC1)N1CC(C1)NC(=O)CNc1n[nH]c2c1cc(cc2)C(F)(F)F,5.040958608
CCc1cc2c(s1)CCN1Cc3ccccc3CC21,4.978810701
COc1cc2nccc(CCC34CCC(CC3)(CO4)NCc3ccc4OCC(=O)Nc4n3)c2nc1C(O)=O,9
Fc1ccc2N(CCCN3CCC(CC3)n3c4ccccc4[nH]c3=O)C(=O)CCc2c1,5.468521083
CC#Cc1cncc(c1)c1cccc(c1)C1(N=C(c2c1cccc2F)N)c1cc(C)c(=O)n(c1)CC,5.552841969
Cc1ccc(/C=C/CN(C)Cc2ccc3c(c2)OCCC3)cc1.Cl,5.420216403
CN(CCc1sc2c(c1C(n1cccn1)C)cccc2)C,5.698970004
FC(F)(F)C1CCN(CC1)C1CN(C1)C(=O)NC1CCN(Cc2ccn(c2)-c2ccc(cc2)C(F)(F)F)CC1,5.412289035
O=C(O)C(=O)O.c1ccc(-c2ccc(OCCCCCN3CCCCC3)cc2)cc1,5.756961951
COc1ccc2C[C@@H]3N(C)CCc4cc(OC)c(OC)c(c34)c2c1O,5.20999648
OC(COc1ccc(cc1)NS(=O)(=O)C)CNCCc1ccc(c(c1)F)F,5.787812396
CNC(=O)c1cnc(Nc2cc(C)c(F)cn2)cc1Nc1cccc(-c2ncn(C)n2)c1OC,4.420216403
COc1cc(ccc1-n1cnc(C)c1)-c1cn(Cc2cccc(OC(F)(F)F)c2)nn1,6.15490196
Fc1c(N2CC[N+][C@H](C)C2)cc2[N+](=CC(C(=O)c2c1C)C(=O)[O-])C1CC1,4.179995693
CS(=O)(=O)c1cc(CNC(=O)c2cncc3c2cnn3-c2ccc(F)cc2)ccn1,4.522878745
Clc1ccc(Cl)c(NC(=O)NS(=O)(=O)c2ccc(OCCCCN3CCCC3)cc2)c1,4
Cl.C1CCN(C1)C12CC(C(CNC1)C(C2)c1ccccc1)c1ccccc1,5.585026652
CCC1=C(C)CC(C(=O)NCCc2ccc(cc2)S(=O)(=O)NC(=O)NC2CCC(C)CC2)C1=O,4.130181792
CCC1OC(=O)C(C)C(OC2CC(C)(OC)C(O)C(C)O2)C(C)C(OC2OC(C)CC(N(C)C)C2O)C(C)(OC)CC(C)C(=O)C(C)C(O)C1(C)O,4.480000159
COc1cccc2c3nc(CN4CCN(C[C@H]4C)c4ncccn4)nn3c(N)nc12,4.22184875
COc1cc2nnc(C(N)=O)c(Nc3ccc(C)cc3F)c2cc1N1CCCN(C)CC1,5.22184875
NC(=O)c1ccc2cc1NC1CCCN(C1)CCCc1n2c2CC(C)(C)CC(=O)c2c1C,5.468521083
[O-][N+](=O)c1ccc(CCN2CCN(CCc3ccc(cc3)[N+]([O-])=O)CC2)cc1,9
COc1ccc2ncc(=O)n(CCN3CC[C@@H](NCc4ccc5OCC(=O)Nc5n4)[C@@H](F)C3)c2c1,4.494850022
Cn1c(SCCCN2CC3CCN(c4ccc(C(F)(F)F)cc4)C3C2)nnc1C1CCCC1,7
CC#CCn1c(N2CCCC(C2)N)c(c2c1c(=O)n(Cc1nccc3c1cccc3)c(=O)n2C)C#N,4.663540266
CC(=O)NCCc1ccccc1-c1ccc([C@H]2CNCC[C@@H]2c2cccnc2)c(Cl)c1,5.318758763
Cc1ncoc1-c1nnc(SCCCN2CC3CC3(C2)c2cc(F)cc(c2)C(F)(F)F)n1C,5.778142565
O=C(CC1CCN(CC1)Cc1ccn(c1)c1ccc(cc1)C(F)(F)F)NCC1(O)CCCCC1,5.931814138
OC(CN(Cc1cccc(c1)O)CCc1ccc(c(c1)Cl)Cl)COc1ccc(cc1)NS(=O)(=O)C,6.107905397
CC(C)(C)S(=O)(=O)c1ccc2nccc(Nc3n[nH]c4c3CCCC4)c2c1,5.063737658
ONC(=O)C=Cc1ccc(cc1)CNCCc1c([nH]c2c1cccc2)c1ccccc1,5.829738285
CNc1cc(Nc2cnc(C#N)c(O[C@H]3CCN(C)C3)n2)ncc1-c1cnn(C)c1,4.721246399
O=C(N1C[C@@H]2C[C@H](C1)C[NH+](C2)Cc1ccccc1)c1ccc(N)cc1,5.440093375
Cn1c(SCCCN2CC[C@]3(C[C@@H]3c3ccc(C(F)(F)F)cc3)C2)nnc1-c1ccc(=O)n(C)c1,5.499996932
Nc1nc2c(cccc2o1)C(=O)N[C@@H]1CN2CCC1CC2,4.522878745
COc1cc(\C=C\c2nc(N)nc(Nc3ccccc3)n2)ccc1-n1cnc(C)c1,6.522878745
O=C1COc2ccc(CNC3CCN(CCn4c5nc(Oc6cncnc6)ccc5ccc4=O)CC3)nc2N1,3.649751982
Fc1cccc2CCC(=O)N(CCCN3CCC(CC3)n3c4ccccc4[nH]c3=O)c12,5.102372909
CN(C(=O)N1CCC(CC1)N1CCC(CC1)Oc1ccc(Cl)c(Cl)c1)S(=O)(=O)c1ccc(C)cc1,6.522878745
Cc1c(nn(c1-c1ccc(Cl)cc1)-c1ccc(Cl)cc1Cl)C(=O)NC1(CC1)c1noc(n1)C(F)(F)F,4.522878745
NC(=O)c1cccc(c1)OC1CC2CCC(C1)N2Cc1ccc(cc1)CS(=O)(=O)C,5.180456064
C[C@@H]1CCCN1CCCOc1ccc2c(c1)CC[C@@H]1[C@@H]2CC[C@]2(C)CC[C@H](C(=O)NCC3CC3)[C@@H]12,5.387216143
CC(C)(C)CNc1nc(nc(N2CCOCC2)c1N)C#N,4.15490196
N#Cc1ccc2c(c1)[nH]c(n2)C1CCC2(CC1)OC(=O)N(C2)c1ccccn1,4.899629455
CC(C)N1CCN(CC1)C(=C)N(C)Cc1ccc(cc1)-c1ccccc1,5.087151141
CC(C(C(F)(F)F)Nc1nc2cc[nH]c(=O)c2c2c1ccnc2)C,5.853871964
CN(C1CCN(C)CC1)C(=O)N1CC(=C[C@@]1(CO)c1ccccc1)c1cc(F)ccc1F,4.835647144
O=C(c1ncc2c(c1)cccc2)N1C[C@H]([C@H](C1)N)C(=O)N1CCCC1,3.522878745
O[C@]1(CC[C@@H](CC1)N1CC[C@H](C1)NC(=O)CNC(=O)c1cccc(c1)C(F)(F)F)c1ccncn1,9
O=C(c1cccc2c1nc(o2)N)NC1CN2CCC1CC2,4.522878745
Cc1ccc(CN2CC[C@@H](N3CC[C@@H](c4ccc(O)cc4)[C@H](F)C3)C2=O)cc1,4.552841969
COc1cc(ccc1Nc1ncc(Cl)c(n1)-c1cnc2ccccn12)N1CCN(CC1)C(=O)[C@@H](C)O,4.823908741
CSc1ccccc1C(=O)N(c1ccccc1)C1CNCC1,4.698970004
CCN(CC)CCOc1ccc(cc1)-n1ccc(OCc2ccccc2)cc1=O,9
Cc1cc(ccc1-c1ccnc(NCc2cc(n[nH]2)-c2ccccn2)c1)C#N,5.958607315
COc1cccc2c3nc(CN4CCN(C[C@H]4C)c4ccc(F)cc4)nn3c(N)nc12,5.809668302
C[C@@]12C[C@@H](CC(C)(C)C1)N(CCN1CCN(C1=O)c1cccc(Cl)c1)C2,5.900008766
NC[C@@H]1C[C@@]1(C(=O)N(CC=C)C1CC1)c1cccs1,5
Fc1ccc(c(c1)F)C(=O)N1CCN(C(=O)C1)c1ccc(cc1)OCCCN1CCCC1,4.795880017
C[C@@H](COc1ccc(F)cc1[C@@H](C)C(F)(F)F)N1CCn2c(ccc(-n3cnc(C)c3)c2=O)C1=O,5.036212173
O[C@@H](c1cccnc1-c1cc(Cl)cc(Cl)c1)C(c1cccnc1)c1cccnc1,3.89279003
Nc1ccc(nc1)C(=O)N1CCC2(CC1)CCN(CC2)Cc1cccc2c1OC(O2)(C)C(C)(C)C,4.950781977
CNC(=O)c1ccc(cc1)-c1ccc(cc1)N1C(=O)N(c2cc(OC)ncn2)C2(CCN(Cc3ncccc3C)CC2)C1=O,5.070581074
Cc1ccc(-c2nnc(SCCCN3CC[C@]4(C[C@@H]4c4ccc(C(F)(F)F)cc4)C3)n2C)c(C)n1,6.029978734
O=c1cc(OCc2ccccc2)ccn1-c1ccc2n(CCN3CC4CC3CO4)ncc2c1,5.795880017
CO[C@@H]1COCC[C@@H]1N[C@@H]1CC[C@](C1)(C(C)C)C(=O)N1CCN(CC1)c1cc(cnn1)C(F)(F)F,4.504455662
COCCCN(C)S(=O)(=O)Nc1ccc2ccc3ncc(cc3c(=O)c2c1)-c1cnn(C)c1,4.522878745
O=C1[C@H](CCN1Cc1ccccc1)N(CCN1CCOCC1)Cc1cncn1Cc1ccc(cc1)C#N,6.721246399
COc1cc(CCN2CCN(CC(F)c3ccc4C(=O)OCc4c3C)CC2)ccc1C#N,5.619788758
O=C(NC1(CC1)C#N)[C@@H]1CCCC[C@H]1C(=O)N1CCN(CC1)c1nc2cnccc2s1,4
Cc1nc2c(OC(F)F)cccc2n1-c1ccc(s1)C(=O)NC1CC1,4.540607512
N#Cc1c(ccn(c1=O)CC1CC1)N1CCC(CC1)c1cc(F)cc(c1)F,6.522878745
Cc1ccc(cn1)C(N1C2CCC1CC(C2)Oc1cccc(c1)C(=O)N)C,5.795880017
NC(=O)c1cccc(C[C@H]2C[C@@H]3CC[C@H](C2)N3Cc2ccccc2)c1,6.698970004
N#Cc1ccc(Cn2ccc(NC(=O)Cc3ccc(C4(C(F)(F)F)CC4)cc3)n2)nc1,5.259637311
FC(F)(F)Oc1ccc2nc([nH]c2c1)[C@H]1CC[C@@]2(CN(C(=O)O2)c2cccnc2)CC1,5.102372909
OCCCN(Cc1ccc(F)cc1)C(=O)CC1CCN(Cc2ccn(c2)-c2ccc(cc2)C(F)(F)F)CC1,6.22184875
O=C(Nc1ccc2c(c1)c(C)cc(n2)N1CCC(CC1)N1CCCC1=O)COc1ccc(cc1)OC(F)(F)F,5.15490196
Cc1nn(C2CCNCC2)cc1Nc1ncc(Cl)c(-c2cnc3ccccn23)n1,4.537602002
CC(=O)N1CC2CN(CCOc3ccc(Oc4nc5ncccc5s4)cc3)CC2C1,5
Clc1ccc(Cl)c(NC(=O)NS(=O)(=O)c2ccc(OCCCCN3CCCCC3)cc2)c1,4
O=C(Nc1ccc(O)cc1OC[C@@H](O)CN1CCC2(CC1)Cc1cc(F)ccc1O2)NC1CC1,5.420216403
CCOC(=O)C1=NN(\C(S1)=C1\S\C(=N/c2nc(cc(-c3ccccc3)c2C#N)-c2ccccc2)N(C1=O)c1ccccc1)c1ccccc1,5.337242168
C[C@H]1OC(=O)[C@@]2(CC(F)(F)[C@@H](C)[C@H](\C=C\c3ccc(cn3)-c3cccc(F)c3C)[C@H]12)C(N)=O,4.920818754
OC(COc1ccccc1C(=O)CCc1ccccc1)CN1CCN(CC1)C(c1ccccc1)c1ccccc1,5.585026652
Fc1cc(cc(c1)-c1nc(no1)-c1ccc(cn1)C#N)C#N,5.200659451
CCCOC(c1ccc(Cl)c(Cl)c1)C1CNC1.Cl,5.657577319
CN(c1ccc(-c2ccc(-n3cc(CO)cn3)cc2O)nn1)C1CC(C)(C)NC(C)(C)C1,4.795880017
CS(=O)(=O)c1ccc(cc1)-c1cnc2ccc(nn12)-c1cccc(c1)S(=O)(=O)CCCN,4.48148606
FC(F)(F)COc1ccc(OCC(F)(F)F)cc1C(=O)NC[C@@H]1[NH2+]CCCC1,5.407823243
Cc1cc(-c2ccc3c(c2)CC[C@H]3N2CCC(N(C)C(=O)N[C@@H](C)c3ccc(C#CC4CC4)c(Cl)c3Cl)CC2)ncn1,5.500312917
OC(=O)C[C@H]1[C@@H](Cc2ccccc12)NC(=O)c1cc2sc(Cl)c(Cl)c2[nH]1,4.522878745
CCN1C=C(C(=O)O)C(=O)c2cnc(nc12)N3CCNCC3,6.090016305
O=C(c1cccc(c1Cl)Cl)N(C1CNCC1)CC(F)(F)F,5
COc1ncc(cc1F)c1cccc2c1CC(CO2)NC(=O)c1ccc(nc1)OCC(F)(F)F,4.600326279
COc1cc(N)c(Cl)cc1C(=O)NC1CCN(Cc2ccccc2)CC1,6.22184875
C[C@H](c1nc(-c2ccc(S(C)(=O)=O)cc2Cl)no1)[C@H](N)C(=O)N1CCCC1.O=C(O)C(F)(F)F,4.431798276
O=C1COc2c(N1)nc(cc2)CNC12CCC(CC1)(OC2)CCc1c(F)cnc2c1nc(OCC1CC1C(=O)O)cc2,4.522878745
O[C@@H](CN1CCC(O)(CC1)c1cccc(F)c1)c1ccc2NC(=O)CCc2c1,5.958607315
O=C([C@@H]1CC[C@@H](N2CCOCC2)C[C@H]1c1ccc(Br)cc1)N1CC(c2ccccc2)(c2ccccc2)C1,6.537602002
CC[C@H]1OC(=O)[C@H](C)C(=O)[C@H](C)[C@@H](O[C@@H]2O[C@H](C)C[C@@H]([C@H]2O)N(C)C)[C@@](C)(C[C@@H](C)C(=O)[C@H](C)[C@H]2N(CCCCn3cnc(c3)-c3cccnc3)C(=O)O[C@]12C)OC,4.397940009
Clc1ccc(-c2c[nH]c([C@H]3Cc4c([nH]c5ccccc45)[C@@H](C4CCOCC4)N3)n2)cc1,6.841637508
CN1CCN(CC1)C1=Nc2ccccc2Nc2sc(CO)cc12,4.94000137
O=C(NC1CN(C1)C1CCC(CC1)(O)c1cncs1)CNc1nccc2c1cc(cn2)C(F)(F)F,4.301029996
[O-][N+](=O)c1ccc(CCN2CCN(CCc3cccc(c3)C#N)CC2)cc1,9
CC(=O)N1CCC2(C1)CCCN(C2)c1ccc(cn1)C(=O)Nc1cc(ccc1N)c1cccs1,5
O[C@H](CN1CC[C@H](CC1)c1nc2c([nH]1)cccc2)COc1ccc2c(c1)CCC2,8
C[C@H]1OC(=O)[C@]2(CC(N)=O)CC(F)(F)[C@@H](C)[C@H](\C=C\c3ccc(cn3)-c3cccc(F)c3)[C@H]12,4.690369833
Cc1ccc(CCCCN2CCC(CC2)C(O)(c2ccccc2)c2ccccc2)cc1,6.402304814
NC(=O)N1CCN(Cc2ccc-3c(Cc4c-3n[nH]c4-c3csc(c3)C#CCOc3ccccc3)c2)CC1,5.27083521
COc1ncc(cn1)-c1cccc2OC[C@H](Cc12)NC(=O)c1ccc(COCC(F)(F)F)nc1,4.801342913
CC(=O)O[C@H]1C=C[C@@H]2[C@@]34[C@H]1Oc1c4c(C[C@H]2N(CC3)C)ccc1OC(=O)C,3.369572227
Fc1cc2c(cc1)[C@H](C(C)C)[C@@](OC(=O)COC)(CC2)CC[NH+](CCCc1[nH]c2c(n1)cccc2)C,5.841637508
C[C@H]1N(CCn2c1nnc2-c1csc(n1)-c1ccc(F)cc1F)C(=O)c1ccc(cc1)-c1cccs1,5.853871964
Brc1cc(F)c(Nc2ncnc3c2cc(OC)c(OCC2CCN(CC2)C(=O)CN(C)C)c3)cc1,5.823908741
Cc1cccc(Nc2nc(N[C@@H]3CCNC3)ncc2C(N)=O)c1,6.301029996
O=C(N1CCC1)[C@H]1NC[C@H](C1)N1CCN(CC1)c1ncccn1,4
CNC(=O)c1ccc(CC(=O)N(C)C2CCN(Cc3ccc(cc3)C(F)(F)F)CC2)cc1,5.677780705
O=C1[C@H]2CCN1c1ccccc1-c1cccc(Oc3cc(Cn4cncc4CN2)ccc3C#N)c1,5.585026652
Fc1ccc2c(c1)CC(=CC2=O)C(=O)NC1CCN(CC1)Cc1ccccc1,4.701146924
COc1cc(ccc1C#N)C(O)CN1CCN(CCc2ccc3C(=O)OCc3c2C)CC1,5.657577319
COc1cc(C(=O)N2C[C@@H](n3cc(C4CC4)nn3)C[C@H]2C(=O)N2CC[C@H](c3ccccc3)C2)ccc1CN,4.853871964
Fc1ccc(cc1)-c1nnc(o1)C(=O)N1CCC(CC1)Oc1ccc(CN2CCCC2)cc1,5.214670165
N[C@H]1CN(c2ccncn2)CC[C@@H]1c1cc(F)c(F)cc1F.O=C(O)C(F)(F)F,4.583359493
OCCNCCCN1CCCc2c1ccc(c2)NC(=N)c1cccs1,4.522878745
CC(C)CN(CC(C)C)c1cc(cc(COCC2(CCN(C)CC2)c2ccc(F)cc2)n1)C(F)(F)F,5.022276395
Fc1ccc2c(c1)CC(=CC2=O)C(=O)NC1CCN(CC1)Cc1ccc2c(c1)OCO2,5.795880017
FC1CCN(C1)C(=O)C(C(c1ccc(cc1)c1ccc(=O)n(c1F)C)C)N,4
Fc1cnc2c3c1C(O)(Cn3c(=O)cc2)CC12CCC(CC1)(CO2)NCc1ncc2c(c1)S(=O)(=O)CCO2,4.22184875
C[C@H]1Cc2c(ncnc2Oc2ccc3ccn(C(=O)Nc4cc(C5(C(F)(F)F)CC5)on4)c3c2)CN1,5.065501549
COC1CCN(CC1)S(=O)(=O)c1ccc(cc1)-c1ccc(CCN2CCCC2C)cc1,5.920818754
CO[C@H]1[C@@H](C[C@@H]2CN3CCc4c([nH]c5cc(OC)ccc45)[C@H]3C[C@@H]2[C@@H]1C(=O)OC)OC(=O)\C=C\c6cc(OC)c(OC)c(OC)c6,4.679999196
CCOC(=O)N1CCC(CN2CCC3(CN(C(=O)N(CC)CC)c4ncccc34)CC2)CC1,5.602059991
CC(C1(CCC(C1)N1CCC(CC1)c1cncnc1)C(=O)NCc1cc(cc(c1)C(F)(F)F)C(F)(F)F)C,5.850780887
FC(F)(F)c1ccc(cc1)C1(CC1)CN1C=Cn2c(nc(c2)C)C1=O,4.853871964
CCOc1cncc(c1)-c1ccc2OCC3(CC3)C3(COC(N)=N3)c2c1,5.236572006
O=C(NC1CCN(C1)C1CCC(CC1)(O)c1ncccn1)CNC(=O)c1cccc(c1)C(F)(F)F,4.522878745
FC(F)(F)c1ccc(cc1)-n1ccc(CN2CCC(CC2)NC(=O)N2CCCC(C2)C(=O)N2CCCC2)c1,4.931814138
C[C@@H]1CCCN1CCc1ccc2nc(ccc2c1)C(C)(C)C,5.167491087
COc1ccc2c(c1)n(CCN1CCC(C(C1)O)NCc1ncc3c(c1)OCCO3)c(=O)cn2,5
O=C(Nc1ccc(OC(F)(F)Cl)cc1)c1cnc(N2CC[C@@H](O)C2)c(-c2cc[nH]n2)c1,4.585026652
Clc1ccc2OCC(=O)N(CCN3CCC(CC3)NCc3ccc4OCC(=O)Nc4n3)c2c1,5.522878745
Cc1cccc(NC(=O)c2ccc(o2)-c2ccc(OC(F)(F)F)cc2)c1,4.522878745
NC1(CCN(CC1)c1ncnc2[nH]ccc12)C(=O)N[C@@H](CCN1CCCCC1)c1ccc(Cl)cc1,4.532140417
Clc1cccc(c1)c1nnc(n1C)CCCCN1CC2[C@@](C1)(C2)c1ccc(cc1)C(F)(F)F,6.602059991
C#Cc1ccc(cc1)COC(=O)N1CCC(CC1)CNc1ncccn1,5.301029996
CC(C)N(C)[C@@H]1CC[C@@H]([C@H](CS(C)(=O)=O)C1)N1CC[C@H](NC(=O)c2cccc(n2)C(F)(F)F)C1=O,4.096910013
Clc1cccc(c1)N(C(=O)c1cncn1C)Cc1cc(=O)[nH]c2c1ccc(c2F)F,5.096910013
Fc1ncccc1-c1cc2sc(nc2cn1)N1CCC(CC1)N1CCCCC1,5.865313007
CCOCCn1nc(CC)c2nc(nc(Nc3cc(C)ccn3)c12)N1CCC(CC1)C(O)=O,5.958607315
O=C1CN(CCN1c1ccc(cc1)OC1CCN(CC1)C1CCCC1)C(=O)c1ccc(cc1)S(=O)(=O)C,4.200659451
CN(C1CCCCC1N2CCCC2)C(=O)Cc3ccc(Cl)c(Cl)c3,5.749994972
CCOc1cccc(c1N1CCCC(C1)N)/C=C\1/SC(=O)NC1=O,4.522878745
Cn1c2c(C#N)c(N3CCC[C@H](N)C3)n(Cc3ccccc3)c2c(=O)n(Cc2nccc3ccccc23)c1=O,5.552841969
C[C@H]1N(CCn2c1nnc2-c1nc(C)ns1)C(=O)c1ccc(F)c(F)c1,4.15490196
C[C@@H]1CCCN1CCc1ccc2nc(ccc2c1)-c1sc(nc1C)-c1ccccn1,4.950781977
CCCC[C@@H](CCO)Nc1nc(N)nc2c(F)cccc12,5.349692477
O=C(NC1CCC(CC1)(O)c1ccc(cn1)O)CCc1ccccc1,4.522878745
Cc1cc(O)ccc1[C@H]1CC[C@@H](CC1)NC(=O)CCc1ccccc1,4.522878745
Cc1[nH]ncc1-c1cc(cc(c1)S(=O)(=O)N1CCN(CC1)C(=O)[C@@H]1C[C@H]1c1ccc(cc1)C(F)(F)F)C(F)(F)F,9
O=C(O)CC1COC2(CCN(c3ccc(-c4nc5cc(C(F)(F)F)ccc5[nH]4)cn3)CC2)C1,4.709965389
CC\C(=C(/c1ccccc1)c1ccc(\C=C\C(O)=O)cc1)c1ccccc1,4.48148606
CCn1cc(cc(c1=O)C)C1(N=C(c2c1cccc2F)N)c1cccc(c1)NC(=O)c1ccc(cn1)Cl,5.886056648
CCN1C[C@@H]2C[C@@H](C[C@@H]2C1)N(Cc1ccc(F)c(c1)C(F)(F)F)C(=O)c1cn(C)cn1,5.823908741
CN1c2ccccc2C(=N[C@@H](NC(=O)CCC2CCCCC2)C1=O)c1ccccc1,6
O=C(c1ccc(F)cc1)N1CCN(c2ccc(OCCCN3CCCCCC3)cc2)C(=O)C1.O=CO,4.900001867
CCOc1cc(CN2CCC(CC2)Nc2nc3cc(ccc3o2)S(=O)(=O)CC)ccc1OC,6.744727495
COc1cc(ccc1n1cnc(c1)C)c1nnn(c1)C1C[C@H](CCN(C1=O)Cc1ccccc1)C(F)(F)F,5.261219442
CC1CCCN1CCc1ccc2nc(-c3ccoc3)ccc2c1,5.075720714
Nc1nccn1CC(O)c1ccc(Cl)cc1F,4.22184875
Fc1cccc(Cn2cc(NCCN3CCCCC3)nn2)c1,5
FC(F)(F)c1ccc2nc([nH]c2c1)[C@H]1CC[C@@]2(CN(C(=O)O2)c2ccccc2)CC1,5.399996913
CN1Cc2ccccc2[C@@H](N=C1CCc1ccc(NS(C)(=O)=O)cc1)c1ccc(F)cc1F,4.070581074
COc1cc(OC)cc(C(=O)NCC2(C(=O)O)CCN(Cc3ccc(C(F)(F)F)cc3)CC2)c1.Cl,4.917933066
O=C1CCc2c(N1)ccc(c2)[C@@H]([C@H](N1CC[C@](CC1)(O)c1ccc(cc1)F)C)O,5.065501549
Cn1c(SCCCN2CC3CCN(c4ccccc4C(F)(F)F)C3C2)nnc1-c1ccccn1,6.200659451
CC(C)c1ccccc1C(=O)N(CC1CC1)[C@H]1CCNC1,4.754487332
CC(=O)NCCc1ccccc1-c1ccc([C@H]2CNCC[C@@]22OC(=O)c3cc(F)c(F)cc23)c(C)c1,4.88941029
CCCS(=O)(=O)Nc1ccc2c(c1)[nH]c(n2)Cc1ccc(cc1)Oc1ccccc1,6.397940009
CN(C)c1ccc(CNC(=O)[C@H]2CNC[C@@H]2c2ccc(C(F)(F)F)nc2)cc1,4.663540266
OCc1cc(ccc1OC)c1ccc2c(n1)nc(nc2N1CCOC[C@H]1C)N1CCOC[C@H]1C,4.517126416
NC1CN(CCC1c1cc(F)c(cc1F)F)c1cnc2c(n1)nccn2,5.004364805
Clc1cc2NC(=O)Cc2cc1CC[N+]1CCN(CC1)c1[nH0]sc2ccccc21,6.920818754
NC(=O)c1cccc(O[C@H]2C[C@@H]3CC[C@H](C2)N3Cc2cccs2)c1,9
CC(C)Oc1ccc(NC(=O)c2cc(N(C)Cc3ccc(F)cc3)ncn2)cc1,5.387216143
CC1(C)[C@H](Nc2c(C(N)=O)cnn3cc(-c4cccc(Cl)c4)cc23)CC[C@]1(C)N,5.22184875
O=C(N1CCC(CC1)CNc1ncccn1)OCc1ccccc1C,5
O[C@]1(CC[C@@H](CC1)N1CC(C1)NC(=O)CNc1ncnc2ccc(cc12)C(F)(F)F)c1nccs1,4.301029996
CC(C)Cc1ccc2nn(C)cc2c1N(C(F)F)S(=O)(=O)c1ccc(CCCCC2CCN(C)CC2)cc1,5.22184875
o1c(ccc1C)-c1nc(NC(=O)CC2CCN(CC2)C)cc(n1)-n1nccc1C,5.379863945
Oc1ccc(CCNc2ncnc3ccc(Cl)cc23)cc1,5.030002001
Oc1cc(O)c2c(c1)O[C@@H]([C@@H](C2)OC(=O)c1cc(O)c(c(c1)O)O)c1cc(O)c(c(c1)O)O,5.22184875
Fc1ccc(Cn2c(nc3ccccc23)[C@H]2CNCCO2)cc1,5.468521083
Fc1ccc(c(c1)F)[C@@]12CO[C@@H](C[C@H]2CSC(=N1)N)c1occ(n1)C,5.638272164
Oc1ccc(cc1)[C@H]1CC[C@@H](CC1)NC(=O)CCc1ccccn1,4.522878745
Fc1cccc(Oc2ccc(cn2)C(=O)N2CCCN(CC2)C2CCC2)c1,5.455931956
COc1cc(ccc1-n1cnc(C)c1)-c1cn(Cc2ccc(cc2)C(C)(C)C)nn1,6.408935393
CC(C)(CN1C(C(=O)NCCCF)c2ccccc2C1=O)c1ccc(Cl)cc1,4.48148606
CCCN(CCc1c[nH]c2ccccc12)Cc1ccc(\C=C\C(=O)NO)cc1,5.175223538
OCCn1nc(c(c1CC)Oc1cc(F)cc(c1)C#N)CC,3.397940009
O=C1CC[C@@]2([C@H]3[C@H]([C@H]4CC[C@@](O)(CCC(O)=O)[C@]4(CC3)C)C=CC2=C1)C,3.982132281
CCCOc1ccc(c(c1)C(F)(F)F)c1noc(c1)Cn1ncc2c(c1)nc(n2)c1cccc(c1F)F,5
O=C(NC[C@H]1[C@@H]2CN(C(=O)CCc3cc(Cl)cc(Cl)c3)C[C@H]12)c1ccc2[nH]c(=O)oc2c1,5.091514981
CC[C@H]1OC(=O)[C@H](C)C(=O)[C@H](C)[C@@H](O[C@@H]2O[C@H](C)C[C@@H]([C@H]2O)N(C)C)[C@](C)(O)C[C@@H](C)C(=O)[C@H](C)[C@H]2N(C3CN(Cc4ccnc5cccnc45)C3)C(=O)O[C@]12C,3.707743929
CNCc1ccc(Cl)cc1Oc1ccc(Cl)cc1,6.22184875
COCCN1CCC[C@@H]1Cn1nc(Cc2ccc(Cl)cc2)c2cccnc2c1=O,5.301029996
C[C@@H]1CCCN1CCc1ccc2nc(ccc2c1)N1CCC(C)CC1,4.649751982
Cn1ncc(C(=O)N2CCC(CC2)Nc2cc(=O)n(C)c3ccccc23)c1Cl,4.48148606
CCC#CC[C@H](C)[C@H](O)/C=C/[C@H]1CC(F)(F)C(=O)N1CCCCCCC(=O)O,4.586700236
COc1cncc(-c2nc(NCc3ccccn3)c3c(-c4ccccc4)cccc3n2)c1,5.075720714
CN1CCN(CC1)CCCN([C@@H]1CC[C@]2(C1C2)c1ccc2c(c1)onc2N)C(=O)Nc1ccc(c(c1)C(F)(F)F)F,6.161150909
O1CCC[C@@H]1C(=O)NCCCN(C)c1nc(c2cc(OC)c(OC)cc2n1)C,4.079354999
Cc1cncc(Nc2cc(NC3CCN(c4ccc(C#N)cn4)CC3)c(C(N)=O)cn2)n1,5.26760624
Cc1nc(nc(OCCCN2CCCCC2)c1Cl)-c1ccc(F)cc1,9
CS(=O)(=O)c1ccc(N2CCC(F)(F)CC2)c(C(=O)N2Cc3cn(-c4ccccc4F)nc3C2)c1,5.366531544
COCCCC(=O)NCCN1CCC[C@@H]1Cn1nc(Cc2ccc(Cl)cc2)c2ccccc2c1=O.Cl.Cl,6.400007822
C[C@@H](N[C@@H]1CC[C@@H](C(=O)N2CCC(CC2)(C(=O)N2CCCC2)c2ccccc2)C(C)(C)C1)c1ccc(Cl)cc1,5.886056648
COc1cc(ccc1Nc1ncc(Cl)c(n1)-c1cnc2ccccn12)N1CCN(CC1)C(=O)[C@H](C)N,5.026872146
CC(=O)Nc1cc(Nc2cc(NC3CC3)n3ncc(C#N)c3n2)ccc1N(C)CCN(C)C,5.397940009
O=C(Cc1ccc(OCC[C@@H]2C[C@@H]2C2CCN(c3ncc(Cl)cn3)CC2)nc1)N1CCC1,5.677780705
O(CC(=O)N[C@@H]([C@H](O)C[C@H](NC(=O)[C@H](N1CCCNC1=O)C(C)C)Cc1ccccc1)Cc1ccccc1)c1c(cccc1C)C,5.065501549
Cc1c(CNC2CCCC2F)nn(c1-c1ccc(C)nc1)-c1ncccc1Cl,4.522878745
O=C(CNCC1CCCCC1)N1CCc2ccccc2C1C1CCCCC1,4.585026652
C[C@@H]1CN(CCN1C(=O)C(=O)c1c[nH]c2cccnc12)C(=O)c1ccccc1,4.096910013
CC(Nc1nc(c2ccccc2Cl)c2c(n1)N(C(=O)NC2)c1c(Cl)cccc1Cl)C,5.301029996
O=C(NC1CN(C1)C1CC[C@](CC1)(N)c1ccccc1)CNC(=O)c1cccc(c1)C(F)(F)F,5.207608311
N[C@H]1CCCC[C@H]1Nc1cc(Nc2cccc(n2)C2CC2)c(nn1)C(N)=O,5.399996913
O=C(N1Cc2ccccc2C1)N1CCN(CC1)C1CC1,4.279840697
Fc1cccc(c1)-n1cc(NCCN2CCCOCC2)nn1,5
C(S\C(NC1CCCCC1)=N/C1CCCCC1)C1=CSC2=NCCN12,5.070581074
Clc1cc(Cl)cc2c1cc(c1c2cc(cc1)C(F)(F)F)[C@H](O)CC[NH3+],6.148741651
COc1nn(C2CCN(C(C)=O)CC2)cc1Nc1ncc(Cl)c(-c2cnc3ccccn23)n1,5.180456064
Fc1ccc(cc1)C(CCCN1CCC2(CC1)N(CNC2=O)c1ccccc1)c1ccc(F)cc1,5.638272164
Cc1cn[nH]c1C(=O)N[C@@H]1CC(C)(C)Oc2nc(-c3ccc(Cl)cc3Cl)c(cc12)-c1ccc(Cl)cc1,5.27572413
CCC[C@@H]1NC(=NC1(c1ccc(F)cc1)c1ccc(F)cc1)c1cc(ccn1)C#N,6.30980392
CC1(C#N)CN(c2cc(COc3ccc(F)c(F)c3F)nc(-c3ccccn3)n2)C1,5
NC(=O)c1cnc(N[C@H]2CCCNC2)c2cc(-c3ccccc3)sc12,4.705533774
N[C@H]1CN(c2ccc3nc(C(F)(F)F)nn3n2)CC[C@@H]1c1cc(F)c(F)cc1F.O=C(O)C(F)(F)F,5.091514981
COc1cc(ncn1)N1C(=O)N(C(=O)C11CCN(Cc2ncccc2C)CC1)c1ccc(cc1)-c1ccc(cc1)-c1cc[nH]n1,5.698970004
Clc1cc(C(=O)NCC[NH+](CC)CC)c(OC)cc1N,5.26760624
CO[C@H]1C[C@H](Cc2ccc(Cl)cc2)N(C2CCN(c3nc(N)n[nH]3)CC2)C1,4.721246399
CCC[C@@H](CCO)Nc1nc(N)nc2c1CN(C(=O)c1csc(C)n1)CC2,4.657577319
COc1cc(C(O)(CCN(C)C)C(c2cc3cc(Br)ccc3nc2OC)c2ccnc(OC)c2OC)cnc1OC,5.443697499
COc1ccc(cc1)[C@H]1CC[C@@H](CC1)N1CC(C1)NC(=O)CNC(=O)c1cccc(c1)C(F)(F)F,5.522878745
C[C@@H]1Cc2c(O1)c(ccc2)CN1CCC2(CC1)CCN(CC2)C(=O)c1ccncc1,4.679853714
CC1CC(Cc2nc3cc(C)c(C)cc3n2Cc2ccc(Cl)cc2)CCN1,6.22184875
OCc1ccc(OC2CCN(CC3CCN(CC3)C(=O)c3ccccc3C(O)=O)CC2)cc1Cl,1.010000098
NC1Cn2c(CC1c1cc(F)c(cc1F)F)nc1c2ccnc1,4.050609993
O=C(Nc1ccc(F)cn1)[C@H](CN1CC(O)C1)Oc1ncnc2c1cnn2-c1c(F)cccc1Cl,4.599999383
O=C(NCC1(CCCC1)N1CCOCC1)N1CCC(CC1)c1nc(no1)-c1ccc2ccccc2n1,5
FC(F)(F)Oc1cc(CCN2CCN(CCc3ccc4C(=O)OCc4c3)CC2)ccc1C#N,7
CC(C)(C)c1cc(NC(=O)n2ncc3cc(Oc4ncnc5c4CNC5)ccc32)no1,5.113509275
O=C1OCCc2cc(CCN3CCN(C(=O)Cc4ccc(-n5cnnn5)cc4)CC3)ccc21,4.366531544
FC(F)(F)c1cccc(c1)C(=O)NCC(=O)NC1CN(C1)[C@H]1CC[C@@H](CC1)c1cccnc1,5.420216403
O=C(NC(c1ccc(F)cc1)c1ccc(F)cc1)[C@@H]1CC[C@@H](N2CCOCC2)C[C@H]1c1ccc(Br)cc1,7
Cc1ncoc1-c1nnc(SCCCNC2CC3CC3(C2)c2ccccc2)n1C,5.102372909
COc1cc([C@](O)(CCN(C)C)[C@@H](c2cc3cc(C#N)ccc3nc2OC)c2cccc3c2OCCO3)cc(OC)n1,5.356547324
COc1cccc([C@H](c2cc3cc(C#N)ccc3nc2OC)[C@@](O)(CCN(C)C)c2cc(SC)nc(SC)c2)c1F,5.292429824
CNC(=O)c1cnc(Nc2ccc(F)cn2)cc1Nc1ccccc1S(C)(=O)=O,4.602059991
Cn1cc2c(OCC3CCN(CCc4ccc(cc4)C(O)=O)CC3)nc3ccccc3c2c1,5.001740662
CC1CN(CCN1S(=O)(=O)c1ccc(cc1)C(C(F)(F)F)(O)C)CC1(CCC1)C(=O)N,4.187086643
CCO\N=C(\c1ccc(F)c(F)c1)c1ccc(CN2CCC3(CC2)OCc2cn(C)c(=O)cc32)cn1,5.435333936
CCCC1(CCCN1)C(=O)c1ccc(Cl)c(Cl)c1,5.508638306
CCO/N=C(\c1ccc(c(c1)F)F)/c1ccc(cn1)CN1CC[C@]2(CC1)OCc1c2cc(=O)n(c1)C,5.435333936
O=C(CCCS(=O)(=O)c1ccccc1)NC1CCOC1=O,3.96253366
O=c1n(Cc2ccc(Cl)cc2F)c2sc3c(c2c2ncnn12)CCN(CC1CCOCC1)C3,6.214670165
CC(C)(C)S(=O)(=O)c1ccc2nccc(Nc3cc[nH]n3)c2c1,5.080660363
COc1ccc(C(=O)NC(=O)Nc2ccc3\C(=C\c4[nH]c(C)c(C(=O)NCCN5CCCC5)c4C)C(=O)Nc3c2)c(F)c1,5.014573526
N#Cc1cncc(c1)-c1cnc2nc(sc2c1)N1CCC(CC1)N1CCCCC1,5.920818754
Cc1c([C@@H](O)CN2CCC3(CC2)CCN(c2ccc(-n4cnnn4)cn2)C3)ccc2c1COC2=O,5.482804102
O=C1COc2ccc(CNC3CCN(CCN4C(=O)COc5ccc(cc45)C#N)CC3)nc2N1,4.387216143
O=C(N1CCN(Cc2ccc3c(c2)OCO3)CC1)N1CCSc2ccccc2C1,5.355955507
Oc1ccccc1C1CCN(CC1)C(=O)NC1CCN(Cc2ccn(c2)-c2ccc(cc2)C(F)(F)F)CC1,5.387216143
COc1cc2ccc(Br)cc2cc1[C@@H](c1cccc(OC)c1F)[C@@](O)(CCN(C)C)c1cccc2c1CCC2,5.522878745
COC(=O)C1(CNC(=O)c2cc(Cl)cc(Cl)c2)CCN(Cc2cccc(c2)C(F)(F)F)CC1,6.050609993
CCCOCCn1c2cc(ncc2nc(N2CCN(C[C@@H](C)O)CC2)c1=O)-c1ccc(OC)nc1,6.698970004
CNc1cc(Nc2cnc(C#N)c(O[C@H](C)CN(C)C)n2)ncc1C#C,5.096910013
COc1ccc(NC(=O)N2CCN(c3nc(N)nc4scnc34)CC2)cc1,4.552841969
C[C@@H]1CCCN1CCCOc1ccc(cc1)C1=NNC(=O)CC1,5
COc1cccc2nc(C)n(-c3ccc(OC4CCN(CC4)C4CCC4)cc3)c(=O)c12,5
Cc1cc2nc(\C=C\c3ccco3)n(Cc3ccc(Cl)cc3)c2cc1C,5
Cc1nsc(n1)-c1nnc2CN(CCn12)C(=O)c1ccc(F)cc1,4.301029996
CCCCCCCN1CCC(Cc2ccccc2)CC1,7.236572006
COc1cc([C@](O)(CCN(C)C)[C@H](c2cc(OC)nc(N(C)C)c2)c2cc3cc(C#N)ccc3nc2OC)cc(OC)n1,5.026872146
COC(=O)N[C@H](C(=O)N1CCC[C@H]1c1ncc(-c2ccc(-c3ccc(-c4cnc([C@@H]5CCCN5C(=O)[C@@H](NC(=O)OC)C(C)C)[nH]4)cc3)cc2)[nH]1)C(C)C,4.534617149
C[C@H]1CN(C[C@@H](C)O1)c1nc(N2CCOC[C@@H]2C)c2ncc(nc2n1)-c1ccccc1,4.879426069
O[C@]1(CC23CCC(CC2)(CO3)NCc2ccc3OCC(=O)Nc3n2)Cn2c3c1c(Cl)cnc3ccc2=O,4.22184875
O=C(N1CCC(CC1)CNc1nccs1)OCc1ccccc1,5.970616222
Cl.c1ccc(OC(c2ccc3ccccc3c2)C2CNC2)cc1,6.080921908
FC(F)Oc1ccc(cc1OC1CCC1)[C@H](C=1C=C[C@@H](NC=1)C(O)(C)C)c1cc[n+](O)cc1,4.649751982
Cc1nc(NC(=O)c2cc(CNC(=O)C(C)C)cnc2C(F)F)[nH]c1-c1ccc(C(F)(F)F)cc1,7.083019953
COc1nn(C)cc1C(=O)Nc1cccc(-c2cncn2C(C)C)n1,4.823908741
CN(CCCC(=O)NC1COC1)C(=O)c1ccc2n(C)c3CC[C@H](Cc3c2c1)C1CCOCC1,4.48148606
CCN1CCN(CC1)c1cc2[nH]c(S[C@@]3(C)CC[C@@H](C3)NC(=O)OC)nc2cc1Cl,5.698970004
Cc1c(Cl)ccc(OC2CCN(C[C@H](O)CNC(=O)c3c[nH]c(=O)cc3C(F)(F)F)CC2)c1Cl,5.301029996
COc1ccc(cc1)-c1nnc(o1)C(=O)N1CCC(CC1)Oc1ccc(CN2CCOCC2)cc1,4.795880017
OCCc1cc(ccc1O)[C@H](CN[C@H]1CCc2c(C1)cc(cc2)OCC(=O)N(C)C)O,5
CCCCN(CC)CC#CCOC(c1ccccc1)c1ccccc1,5.317854924
C[C@@H]1CCCN1CCc1ccc(cc1)-c1ccc(cc1)S(=O)(=O)CCCO,4.522878745
N#CC1=C[C@]2(C)[C@H](C(C1=O)(C)C)CC[C@@]1(C2=CC(=O)[C@]23[C@@]1(C)CC[C@@]1([C@@H]3CC(C)(C)CC1)C(=O)N2C1CCCCC1)C,4.397940009
CC(C)Oc1ccc(F)cc1-c1ccc(nc1)N1CC(CNC(=O)c2ccc(cc2)-c2nc3cc(cc(C(C)C)c3o2)C#N)OC1=O,4.522878745
FC(F)Oc1ccc(cc1OC(C)(C)C)[C@H](C=1C=C[C@@H](NC=1)C(O)(C)C)c1cc[n+]([O-])cc1,4.602059991
COc1cc(Oc2ccccc2)ccc1-c1nc([C@H]2C[C@@](C)(O)C2)n2ccnc(N)c12,4.823908741
CCN(C1CCN(CC[C@H](C2CCN(CC2)S(C)(=O)=O)c2cc(F)cc(F)c2)CC1)C(=O)Cc1ccc(cc1)S(C)(=O)=O,4.756961951
CCCN(c1ccon1)P(=O)(c1ccccc1)c1ccccc1,4.48148606
COCCOc1cc2ncc(c(c2cc1N1CCN(CC1)C)Nc1cc(C)ccc1F)C(=O)N,4.677780705
Cc1cccc(c1)C(=O)Nc1cccc(NC(=O)c2cccc(Cl)c2)c1,4.522878745
CC1OC2(CCN(CCc3ccccc3)CC2)CN(c2cnccc2C(F)(F)F)C1=O,5.48148606
Clc1cc(ccc1C(=O)N1CCCC1)-c1ccc2C(=O)N(CCN3CCCC3)CCc2c1,5.031517051
COc1ncnc(Cn2cc(C(=O)NCC(F)F)c3ncc(C)cc23)c1C,4.48148606
COc1ccc2nccc(C3CN(C4CCN(Cc5ccc(C)c(C)c5)CC4)C(=O)O3)c2c1,5.200659451
CC(C)n1nc(oc1=O)[C@@]1(N[C@H](Cc2c1[nH]c1ccccc21)c1nc(c[nH]1)-c1ccc(F)cn1)c1cnn(C)c1,4.554395797
NC(=O)c1cc(Cl)c2c(Cl)c(C3CC3)n([C@@H]3CCCNC3)c2n1,5.823908741
C[C@@H]1CN(CC(C)=O)CCN1c1cc2[nH]c(SC(C)(C)C)nc2cc1Cl,5
COC(=O)C1=C(C)NC(=C(C1c1cccc(c1)[N+](=O)[O-])C(=O)OCCN(Cc1ccccc1)C)C,5.886056648
NC1Cn2c(CC1c1cc(F)c(cc1F)F)nc1c2ccc(c1)NS(=O)(=O)C,5.602059991
COc1cc(ccc1OCCN1CC[C@H](C1)O)n1cnc2c(c1=O)sc(c2)c1ccc(cc1)Cl,5.698970004
NC(=O)c1cccc(O[C@H]2C[C@@H]3CC[C@H](C2)N3Cc2cccnc2)c1,9
N#Cc1cc(c2ccncc2)c([nH]c1=O)C,4
Cc1cccnc1CN1CCC2(CC1)N(C(=O)N(C2=O)c1ccc(cc1)-n1cccn1)c1cc(=O)[nH]cn1,5.045757491
CN1CCCCC1C(=O)Nc1c(C)cccc1C,3.809999893
Fc1ccc(cc1)S(=O)(=O)NC(=O)NC1CCN(Cc2ccn(c2)-c2ccc(cc2)C(F)(F)F)CC1,4.500312917
CC(Oc1ccc(cc1C(=O)N1CCN(CC1)c1ncc(cc1Cl)C(F)(F)F)S(C)(=O)=O)C(F)(F)F,5
COc1cccc(c1)-c1ccc2OC(C)(C)C3(COC3)C3(COC(N)=N3)c2c1,6
Cc1cccnc1CN1CCC2(CC1)C(=O)N(c1c2cccn1)c1ccc(cc1)c1ccccc1,6.920818754
CC(C)c1ccc(-c2cc(CN3CC[Si](C)(C)CC3)nn2C2CCCCC2)cc1,5.096910013
CN1CCOc2c1cnn1c(-c3ccc4ccnc(NC5CCCCC5)c4c3)nnc21,5.397940009
NC(=O)c1ccc(O[C@@H]2C[C@@H]3CC[C@H](C2)N3Cc2ccccc2)cc1,6.167491087
Oc1ccc2c(c1)[nH]c(n2)Cc1ccc(cc1)Oc1ccccc1,6.142667504
NC(=O)C(c1ccc(cc1)Cl)NC(=O)C1(N)CCCN(C1)c1ncnc2c1cc[nH]2,4
Cc1ccc2c(cccc2n1)-c1nnc(SCCCN2CC3CC3(C2)c2ccc(cc2)C(F)(F)F)n1C,6.799970733
COc1ccc(-c2ccc3ncnc(-c4cncc(C(=O)N5CCN(C)CC5)c4)c3c2)cn1,4.585026652
CC(C)=CCn1c(N2CCCNCC2)c(C#N)c2n(C)c(=O)n(Cc3nc(C)c4ccccc4n3)c(=O)c12,5.698970004
Cn1c(CCCCN2CC3[C@@](C2)(C3)c2ccc(cc2)C(F)(F)F)nnc1c1ccccc1F,7
NC(=O)c1cccc(c1)OC1CC2CCC(C1)N2CCCc1ccccc1,6.602059991
C[C@@H]1O[C@@H](O[C@H]2C[C@@H](O)[C@]3(CO)[C@H]4[C@H](O)C[C@]5(C)[C@@H](C6=CC(=O)OC6)CC[C@]5(O)[C@@H]4CC[C@]3(O)C2)[C@H](O)[C@H](O)[C@H]1O,5.236572006
CCN[C@@H]1CCC=C(c2ccc(F)cc2)[C@H]1COc1cc(F)c(S(=O)(=O)Nc2cscn2)cc1Cl.Cl,5.356547324
O=C(CCCN1CCC(c2noc3cc(F)ccc23)CC1)c1cc2c3c(c1)CCN3C(=O)CC2,6.084230934
CCON=C1CCC(CN2CCN(c3nc(=O)c4cc(C(F)(F)F)cc([N+](=O)[O-])c4s3)CC2)CC1,4.409827168
COc1cc(ccc1-n1cnc(C)c1)-c1cn(Cc2cccc3cccnc23)nn1,5.26760624
COCCN1CCC[C@@H](Cn2c(-c3ccccc3C)nc3cc(-c4ccc(Cl)cc4)sc3c2=O)C1,5.677780705
NC(=O)Nc1cncc(-c2nc(NCc3ccccn3)c3c(-c4ccccc4)cccc3n2)c1,5.721246399
CCc1cc(C(=O)NC[C@H](C)N(CC)CC)cc(-c2cnn3ccc(-c4cccs4)nc23)n1,5.484126156
NCC1CC1(c1ccccc1)C(=O)N(CC)CC,5
CCCCc1ccc(cc1)S(=O)(=O)Nc1ccc(cc1)C12CNCC2C1,5.698970004
CCCCc1oc2c(c1C(=O)c1cc(I)c(c(c1)I)OCCO)cccc2,4
CC1=C(Oc2ccccc2S1)c1ccc(OCCCN2CCCC2)cc1,9
Fc1cnc2c3c1C(O)(Cn3c(=O)cc2)CC12CCC(CC1)(CO2)NCc1noc(c1)c1cccs1,7.795880017
CN(CCN1CCCCC1)C(=O)[C@H]1CC[C@@]2(CC1)OC(=O)c1ccccc21,5
Clc1ccc(cc1)C(NC(=O)C1(N)CCCN(C1)c1ncnc2c1cc[nH]2)CCCN1CCOCC1,4.126098402
CN1C[C@H]([C@@H](C1)c1ccc(\C=C\C(=O)Nc2ccccc2N)cc1)C(=O)Nc1ccc(Cl)cc1,5.301029996
OCCONC(=O)c1ccn2cncc2c1Nc1ccc(I)cc1F,5.677780705
Cc1cc(Nc2ccnc3ccc(S(=O)(=O)C(C)(C)C)cc23)n[nH]1,5.195792395
O(C(=O)c1c2c([nH]c1)cccc2)C1C[C@@H]2[NH+]3[C@H](C1)CC(C2)[C@@H](O)C3,4.920095532
CN1CC2[C@@](C1)(CCCC2)c1ccc(c(c1)Cl)Cl,5.634512015
COCCC([C@H]1[C@@H](Cc2ccccc12)NC(=O)c1cc2sc(Cl)c(Cl)c2[nH]1)C(O)=O,4.522878745
NC(=O)c1cccc(O[C@H]2C[C@@H]3CC[C@H](C2)N3Cc2ccc3OCOc3c2)c1,9
O=C(c1cc(ccc1OC(C(F)(F)F)C)S(=O)(=O)C)N1CCN(CC1)c1ccc(nn1)C(F)(F)F,4.397940009
COC(=O)C1=C(C)NC(C)=C(C(=O)NC[C@H]2CCN(CCc3ccc(C)c(C(F)(F)F)c3)C2)C1c1cccc([N+](=O)[O-])c1,5.568636236
Fc1cc2OCCOc2cc1CNC12CCC(CC1)(OC2)CC1(O)Cn2c3c1c(F)cnc3ccc2=O,4.22184875
Clc1ccc2occ(CC3SC(=O)NC3=O)c(=O)c2c1,7
CC(C)=CCn1c(N2CCCNCC2)c(C#N)c2n(C)c(=O)n(Cc3cn4ccccc4n3)c(=O)c12,5.744727495
CC(C)c1ccc(NC(=O)c2cccc(c2)-c2nn([C@@H]3CCCN(C3)C(=O)C=C)c3ncnc(N)c23)cc1C,6.522878745
Cc1cc(Cl)c2c(c[nH]c2c1)C(=O)OCC12CCN(CC1)CC2,5.619788758
CS(=O)(=O)C1(CCOCC1)c1cc(nc(n1)-c1cccc2[nH]ccc12)N1CCOCC1,4.48148606
C[C@@H]1CC[C@@H](C)N1CCCNc1nnc(o1)-c1ccc(NC(=O)c2ccccc2F)cc1,5.102372909
C[C@H]1C[C@H]2CSC(N)=N[C@@]2(c2nc(NC(=O)c3ccc(F)cn3)cs2)CO1,4.970616222
COc1ccc(cn1)C1CCC(CC1)N1CC(C1)NC(=O)CNc1n[nH]c2c1cc(cc2)C(F)(F)F,5.602059991
C1CC(CCO1)[C@H]1N[C@H](Cc2c1[nH]c1ccccc21)c1nc(c[nH]1)-c1ccccc1,6.420216403
OC1COCCC1NC1CCC(C1)(C(C)C)C(=O)N1CCN(CC1)c1nccc(c1)C(F)(F)F,6.522878745
Fc1cc2nc(-c3ccc(Cl)cc3)n([C@@H](C3CCCCC3)C(=O)Nc3ccc(cc3F)-c3nnn[nH]3)c2cc1F,5
CC(C)N1CCC[C@H](Cn2c(C)nc3ccc(Oc4ccc(F)cc4)nc3c2=O)C1,5.494850022
O=C(c1ccc(cc1)Oc1ccc(cc1)C#CC1(O)CN2CCC1CC2)NC1CCCS(=O)(=O)C1,4
CN(C)c1ccc2ncc(F)c(CCC34CCC(CC3)(CO4)NCc3ccc4OCC(=O)Nc4n3)c2n1,9
N#Cc1cc(CCC(=O)O)ccc1OCC(CNC(Cc1ccc2c(c1)cccc2)(C)C)O,4.485452247
Cc1cccnc1CN1CCC2(CC1)N(C(=O)N(C2=O)c1ccc(cc1)-c1ccc(cc1C)C(O)=O)c1ccncn1,4.657577319
COc1ccc(cc1)[C@H]1CN(CCCN(C)S(=O)(=O)c2ccccc2)C[C@@H]1CC(=O)Nc1cccc(Cl)c1,7
OCC(c1ccc(cc1)Cl)NC(=O)C1(N)CCCN(C1)c1ncnc2c1cc[nH]2,4
CNC(=O)CN1CCC2(CC1)C=C(c1c2cccc1)c1onc(n1)c1ccc(cc1)OC,4.477555766
FC(F)(F)C1CCN(CCN2CCN(C2=O)c2cccc(c2)C#N)CC1,5.102372909
O=C(NC[C@H]1[C@@H]2CN(C(=O)/C=C/c3cc(Cl)cc(Cl)c3)C[C@H]12)c1ccc2[nH]c(=O)oc2c1,5.37675071
OC1CN(C1)C1CCN(C1)c1ccc(cn1)-n1cnn2cc(cc2c1=O)-c1ccc(Cl)cc1,5.698970004
CCN(CC)C(=O)c1ccc(cc1C)C1=CC2(CCNCC2)Oc2ccccc12,5.348721986
COc1ccc(cc1)[C@H]1CN(CCC2(O)CCOCC2)C[C@@H]1CC(=O)Nc1cccc(Cl)c1,5.086186148
Cc1c([C@@H](O)CN2CCC3(CC2)CC(=O)N(c2cncc(C#N)c2)C3)ccc2c1COC2=O,5.744727495
N#Cc1cc(C(C)C)c2c(c1)nc(o2)c1ccc(cc1)C(=O)NCC1CCC(CC1)c1ccc(cc1)Cl,4.522878745
CC(C)N1CCN(CCN2CCN(C2=O)c2cccc(OC(F)(F)F)c2)CC1,5.801342913
CC(C)OC[C@H](Oc1ncnc2c1cnn2-c1ccccc1Cl)C(=O)Nc1ccc(F)cn1,4.599999383
CCOC(=O)C1=C(CNC(Cc2ccccc2)C(=O)O)NC(c2nccs2)=NC1c1ccc(F)cc1Br,5.061480275
C[C@@H]1CCCN1CCc1ccc2nc(ccc2c1)-c1csc(n1)-c1ccccc1,5.795880017
OC(=O)[C@H](Cc1ccccc1C#N)N1CCC(CN2CCC(CC2)Oc2ccc(Cl)c(Cl)c2)CC1,4.600326279
CCc1ncc(s1)[C@]1(O)CC[C@@H](CC1)N1CC(C1)NC(=O)CNC(=O)c1cccc(c1)C(F)(F)F,4.301029996
CN(c1ccc(-c2ccc(-c3cn[nH]c3)cc2O)nn1)C1CC(C)(C)NC(C)(C)C1,5.22184875
CCN(CC)C(=O)c1ccc(cc1)C(=C1CCN(Cc2ccc(F)cc2)CC1)c1ccccn1,5.408935393
Fc1ccc(cc1)C(CCC[NH+]1CCC2(N(CNC2=O)c2ccccc2)CC1)c1ccc(F)cc1,8.522878745
CCOc1ccc2cc(-c3nn(CC4CN(C)C4)c4ncnc(N)c34)ccc2c1,5.853871964
Nc1nc(N2CCC(N(CCc3ccc(Cl)cc3)Cc3ccc(F)cc3Cl)CC2)n[nH]1,5.397940009
CCN(CC)Cc1cc(Nc2ccnc3cc(Cl)ccc23)ccc1O,5.619788758
Fc1cnc2c3c1C(O)(Cn3c(=O)cc2)CC12CCC(CC1)(CO2)NCc1ccc2c(n1)NCCN2,4.22184875
Cc1ncoc1-c1nnc(SCCCN2CCC3(CCc4cc(Br)ccc34)C2)n1C,6.522878745
Cn1ncc(c1)CN1C2CCC1CC(C2)Oc1cccc(c1)C(=O)N,4.522878745
OC(C1CCN(CC1)CCC[C@@H](O)c1ccc(cc1)C(C(O)=O)(C)C)(c1ccccc1)c1ccccc1,4.759450752
COc1cc(F)ccc1-c1cncc(CNC2CCCC2)c1,5.723538196
Cn1cc(cn1)[C@H]1C[C@H]2CSC(N)=N[C@]2(CO1)c1ccc(F)cc1F,5.30980392
CC(=O)N1N=C(C[C@H]1c1cccc(O)c1)c1cc(F)ccc1F,9
Cc1[nH]c2ccccc2c1CCN(CCF)Cc1ccc(\C=C\C(=O)NO)cc1,5.238824187
CC(=O)NCCc1ccccc1-c1ccc([C@H]2CNCC[C@]2(O)c2ccc(F)c(F)c2)c(C)c1,5.37675071
CCc1nn(CCOCC(F)(F)F)c2c(Nc3ccncn3)nc(nc12)N1CCNCC1,5.292429824
COCCOc1ccc2c(c1)c(N[C@@H]1CNCC1)nc(n2)c1ccccc1O,6.301029996
Cn1c(SCCCN2CCC3CC3(CC2)c2ccc(cc2)C(F)(F)F)nnc1-c1ccnnc1,5.301029996
COc1cccnc1C(=O)N1CCN(CC1)c1ccc(NC(=O)C(C)(C)c2ccccc2)cc1Cl,4.301029996
CCSc1cc([C@](O)(CCN(C)C)[C@@H](c2cc3cc(C#N)ccc3nc2OC)c2ccnc(OC)c2OC)cc(SCC)n1,5.823908741
O(C[C@H](O)C[NH2+]C(C)C)c1ccc(cc1)CCOC,3.838631998
C[C@@H](Oc1cccc2ncnc(Nc3ccc(OCc4ccccn4)c(Cl)c3)c12)C(=O)N(C)C,4.853871964
OCCCOc1ccc2ncc(F)c(CCC34CCC(CC3)(CO4)NCc3ccc4OCC(=O)Nc4n3)c2n1,5.619788758
COc1ccc(cc1)C1CN(CC1CNC(=O)c1cccc(c1)Cl)Cc1ccc(c(c1)OC)OC,6.22184875
C=CC(=O)N1CCC[C@@H](n2nc(-c3ccc(Oc4ccccc4)cc3)c3c(N)ncnc32)C1,5.958607315
Cc1c(ccc(F)c1C#N)[C@H]1CN2CCN(C[C@H]2CO1)C(=O)Cc1ccc(cn1)-n1cnnn1,4.701146924
CC1CCCN1CCCOc1ccc(cc1)c1ccc(=O)[nH]n1,4.860120914
CCC(=O)c1cc(-c2ccc(Cl)cc2)n(c1C)-c1ccc(cc1)S(N)(=O)=O,4.698970004
CNC(=O)c1c(-c2ccc(F)cc2)oc2ccc(-c3cc(C(=O)NC4(c5ncccn5)CC4)ccc3C)cc12,5.318758763
NC(=O)[C@H]1CC[C@@H](c2ccc(OCc3ccccc3F)cc2)N1,5
Fc1ccc(CCN2CCN([C@H]3CCc4cc(CN5CCC(CC5)C(F)(F)F)ccc4C3)C(=O)C2)cc1,5.698970004
Nc1ccc(-c2ccsc2)cc1N,5.823908741
CCCCCCCN(CC)CC#CCCc1ccc(C)cc1,5.723538196
NC1CN(CCC1c1cc(F)c(cc1F)F)c1ccc2n(n1)c(C)nn2,4.692503962
Cc1nc(no1)[C@@]1(N[C@H](Cc2c1[nH]c1ccccc21)c1nc(c[nH]1)-c1ccc(F)cn1)c1cn[nH]c1,5.37675071
Fc1ccc(cn1)c1ccc(cc1)C1COCC1NS(=O)(=O)C(C)C,4.899629455
COc1ccc(cc1)-c1nnc(o1)C(=O)N1CC(C1)Oc1ccc(CN2CCCC22COC2)cc1,4.920818754
Cc1ccc(-c2cc3nccnc3c(NC[C@H]3CCCNC3)n2)o1,4.700000504
CC(=O)Nc1ccc(cc1)CN1CCC2(CC1)C(=NC(=O)N2c1cccc(c1)F)NC1CCCCC1,5
CCN(C)C(=O)c1ccc(cc1)[C@@H](N1CCN(CCCOC)CC1)c1cccc(NC(=O)C2CC2)c1,4.886056648
CC(C)(N)C(=O)N1CCn2c(C1)nc(c2Nc1ccc(F)cc1)-c1ccc(F)cc1,5.251811973
Cn1cncc1-c1nc(NCc2ccccn2)c2c(-c3ccccc3)cccc2n1,5.568636236
O=C(C1(O)CCN(CC1)c1nccc(c1)C(F)(F)F)N1CCC(C1)NC1CCC(CC1)(O)c1ccc(cn1)c1ncccn1,4.522878745
C[C@H](N)C(=O)N1CCN(c2cnc3cc(C(F)(F)F)cc(NCc4cccc([N+](=O)[O-])c4)c3c2)CC1,5.89279003
O=C1CCc2c(N1)ccc(c2)[C@@H]([C@H](N1CC[C@](CC1)(O)c1ccc(cc1)C)C)O,5.48148606
OCC(c1cc(cc(c1)S(=O)(=O)N1CCN(CC1)C(=O)C1CC1c1ccc(cc1)C(F)(F)F)C(F)(F)F)(F)F,5.602059991
Cc1nccn1C[C@@H]2CCc3c(C2=O)c4ccccc4n3C,6.091514981
COC1COCCC1N[C@@H]1C[C@H]2CN(C(=O)C#CC3CC3)C[C@@]2(C(=O)N2CCc3ncc(C(F)(F)F)cc3C2)C1,4.304518324
FC(F)(F)c1cnc2CCN(Cc2c1)C(=O)[C@@]12CCC[C@@H]1C[C@H](C2)NCC1CCOCC1,4.327902142
O=C1[C@H](CCN1c1ccncc1)NCc1cncn1Cc1ccc(cc1)C#N,5.494850022
N#Cc1cc(Nc2nc(N)nc(-c3cccc(-n4ccc5cc(C6CC6)cc(F)c5c4=O)c3CO)n2)cn1C1CC1,4.522878745
CCC(=O)N1CCc2c(C1)nc(n2C1CC2CCC(C1)N2CCC(c1cccc(c1)F)NC(=O)C)C,5.301029996
CN1CCc2cc(Br)c(O)cc2C(C1)c3ccccc3,6.029978734
O=C1CN(CCN1c1ccc(cc1)OC1CCN(CC1)C1CCC1)C(=O)c1ccccc1,4.200659451
Fc1cc(cnc1c1ccc(cc1)C(=O)Nc1ccccc1N)CN1CCC1,4.602059991
O=C1COc2c(N1)nc(cc2)CNC12CCC(CC1)(OC2)CCc1c(F)cnc2c1nc(cc2)OC1CNC(=O)C1N,4.399027104
Cc1nc(no1)[C@@]1(N[C@H](Cc2c1[nH]c1ccccc21)c1nc(c[nH]1)-c1ccc(F)cn1)c1cnn(C)c1,4.989276135
COCCN1CCN(CCNc2nonc2/C(=N/O)Nc2ccc(F)c(Br)c2)S1(=O)=O,4.779107751
Fc1ccccc1C(=O)Nc1ccc(-c2nnc(NCCCN3CCCCC3)o2)c(F)c1,5
N#Cc1ccccc1COc1ccc([C@H]2CC[C@@H](C(N)=O)N2)cc1,4.800000875
CCCS(=O)(=O)N1CCN(CC1)C1(CNC(=O)c2c(F)cccc2F)CCC(F)(F)CC1,4
COc1ccc(CCN2[C@H](CN(NS(C)(=O)=O)C2=O)c2ccc(OC)cc2)cc1,4.573488739
CCCCN1CCCC[C@H]1C(=O)Nc1c(C)cccc1C.Cl,2.994390555
Cc1c(C(O)CN2CCN(C(=O)Cc3ccc(-n4cnnn4)nc3)CC2)ccc2c1COC2=O,4.48148606
CCCCN(CC)CC#CCCc1ccc(C)cc1,5.252588192
Fc1ccc(cc1)[C@@H](NC(=O)c1ccc(cc1)S(=O)(=O)C)CCN1[C@@H]2CC[C@@H]1C[C@@H](C2)n1c(C)nc2c1ccc(c2)F,5.928117993
N#Cc1cnc(s1)Nc1ncnc(c1)N1CCCC(CC1)N,6
FC(F)C(F)(F)Oc1ccccc1CN1CCC2(CC1)CCN(CC2)C(=O)c1ccncc1,4.956637722
CC(C)Oc1ccc(C)cc1-c1ccc(nc1)N1CC(CNC(=O)c2ccc(cc2)-c2nc3cc(cc(C(C)C)c3o2)C#N)OC1=O,4.522878745
COc1ccc2ncc(c(CCC34CCC(CC3)(CO4)NCc3ccc4OCC(=O)Nc4n3)c2n1)S(C)(=O)=O,5.698970004
O=C(NC1CCN(Cc2ccc3OCOc3c2)CC1)c1cc(=O)c2ccc(cc2o1)C#N,9
Cc1c(ccc(F)c1C#N)[C@@H]1CN2CCN(C[C@H]2CO1)C(=O)Cc1ccc(nc1)-n1cnnn1,5
O=C(c1ccc(cc1)OC(F)(F)F)NC1COc2c(C1)c(ccc2)c1ccncc1,5.602059991
CNc1nc(NCCN2CCNCC2)c2sc(cc2n1)-c1ccc(cc1)C(F)(F)F,5.853871964
Cc1cc(no1)-c1ccc2CCN(CCCSc3nnc(-c4cccc(F)c4)n3C)CCc2c1,6.599980365
C[C@H](C1=C(CCN(C)C)Cc2ccccc12)c1ccccn1,6.045757491
O=c1ccc2c(o1)cc1c(c2OCCCCc2ccccc2)cco1,5.301029996
COc1cc2ccc(Br)cc2cc1[C@@H](c1ccccc1)[C@@](O)(CCN(C)C)c1cccc2c1CCN2C,5.886056648
N[C@H](Cc1cc(F)c(cc1F)F)CC(=O)N1CCS[C@H]1C(=O)NCc1ccc(cc1)N[C@@H](C(=O)O)C(C)C,3.389339837
ONC(=O)C1(CCC2(C1)CCNCC2)S(=O)(=O)c1ccc(Oc2ccc(OC(F)(F)F)cc2)cc1,4
NCc1c(C)nc2c(c1c1ccc(cc1Cl)Cl)CN(C2=O)CC(=O)N,4.096910013
NC1=NC2(CO1)c1cc(ccc1OC1(CCC1)C21COC1)-c1cncnc1,5
Cc1onc(C(=O)N2[C@H]3CC[C@@H]2C[C@@H](C3)Nc2cc(=O)n(C)c3cc(F)c(F)cc23)c1C,4.795880017
O=C(NC1(CC1)C#N)[C@@H]1CCCC[C@H]1C(=O)N1CCN(CC1)c1nc2ccncc2s1,4
O=C1N(CCN2Cc3ccccc3C2)CCN1c1ccc2occc2c1,5.102372909
Clc1cc(C(=O)N[C@@H]2CCN(C[C@@H]2OC)CCCCCC(O[C@H]2C3CCN(C2)CC3)=O)c(OC)cc1N,4.610833916
O=C1OCc2cc(CCN3CCN(C(=O)Cc4ccc(-n5cnnn5)cc4C(F)(F)F)CC3)ccc21,5.161150909
Fc1ccc(cc1)C(c1ccc(cc1)F)N1CCNCC1,5.799998135
O=C1C2CCCCC2C(=O)N1CCCCN3CCN(CC3)c4nsc5ccccc45,6.130006
COCCCN1CCC(CC1)NC(=O)c1cc(Cl)c(c2c1OCC2)N,5.390000296
Nc1ccc(-c2ccccc2F)cc1NC(=O)c1ccc(CN2CCC3(CCCN3)CC2)cc1,6.744727495
NCC(O)COc1ccc2ncc(F)c(CCC34CCC(CC3)(CO4)NCc3ccc4OCC(=O)Nc4n3)c2n1,5.48148606
OC(=O)c1cc(CN2CCC(CC2)(C#N)c2ccccn2)c2ccccn2c1=O,4.522878745
Cc1ncoc1-c1nnc(SCCCN2CCC3(C2)CCCc2ccc(Br)cc32)n1C,5.900008766
CCN(CC)Cc1cc(Nc2ccc3ncc(-c4ccc([S+](C)[O-])cc4)n3n2)ccc1O,5.106238238
O=[N+]([O-])c1ccc2c(c1)ncn2Cc1ccc(O)c2ncccc12,4.657577319
Cc1nc2c(F)cccc2c(=O)n1-c1ccc(OCCCN2CCCC2)cc1,5
CC1Cc2c3ccc(cc3[nH]c2C2(N1)C(=O)Nc1c2cc(Cl)cc1)Cl,4.522878745
CN1c2ccccc2C(=N[C@@H](NC(=O)C(N)Cc2ccccc2)C1=O)c1ccccc1,5.055517328
OC(=O)COc1cccc(c1)N1CCC(CN2CCC(CC2)Oc2ccc(Cl)c(Cl)c2)CC1,5
COc1ccc(Cc2cc3c(=O)n([C@H]4CCCC[C@@H]4O)cnc3c3ccccc23)cn1,5.193820026
Cc1n[nH]c(C(=O)N[C@@H]2CC(C)(C)Oc3nc(-c4ccc(Cl)cc4Cl)c(cc23)-c2ccc(Cl)cc2)c1C,5.060480747
C[C@@H](N1[C@H]2CC[C@@H]1C[C@H](C2)Oc1cccc(c1)C(N)=O)c1ccc(C)s1,9
FC(F)(F)c1ccc(nc1)-n1ccc(CN2CCC(CC2)C(=O)NCc2ccc(Cl)cc2Cl)c1,5.455931956
COc1ccc2c(c1)nc(-c1ccc(OC3CCN(CC3)C3CCC3)cc1)n(C)c2=O,5.366531544
CCCCN(CC)CC#CCOCc1ccc(Cl)cc1,5.132532512
NC1=NC2(CCN(CC2)C(=O)c2ccc(nc2)C#N)Nc2c(F)ccc(F)c12,7
CC(=O)N1Cc2ccccc2CC1CN1CCC2(CCc3ccccc23)CC1,6.301029996
CN1CC2C(C1)C2CN(C(=O)c1ncn(c1)C)Cc1ccc(c(c1)Cl)F,5.070581074
NCCCCN(C[C@H]1Cc2ccccc2CN1)[C@H]1CCCc2cccnc21,5.049635146
C[C@H](Nc1ccc2ncn(-c3cc(C)[nH]n3)c2n1)c1ncc(F)cn1,4.494850022
O(C)c1cc(ccc1OC)CC[NH2+]CCC[C@@](C(C)C)(C#N)c1cc(OC)c(OC)cc1,5.500312917
CCN(CC)CC.NC(=O)c1ccc(-c2cc(C(=O)O)cc(-n3cc(-c4ccc(C(F)(F)F)cc4)nn3)c2)cc1,6.779891912
O=C1N(CC[C@@H]1[NH2+]Cc1n(cnc1)Cc1ccc(cc1)C#N)C(=O)c1cccnc1C,5
C[C@H]1CNC[C@H](C)N1c1nc2c(C(=O)N[C@H]3C[C@@H]4CCC[C@H](C3)N4C)cccc2o1,5.193820026
Cc1ncoc1-c1nnc(SCCCN2CC3CC3(C2)c2ccccc2C(F)(F)F)n1C,5.200659451
O=c1ncn(Cc2c(F)cc(F)cc2F)c2ccc(Oc3ccccc3)cc12,5.431798276
CC(C)N(C)[C@@H]1CC[C@@H]([C@H](CS(=O)(=O)c2ccccc2)C1)N1CC[C@H](NC(=O)c2cccc(c2)C(F)(F)F)C1=O,4.522878745
CS(=O)(=O)CCNCc1ccc(o1)-c1ccc2ncnc(Nc3ccc(OCc4cccc(F)c4)c(Cl)c3)c2c1,6.096910013
COc1ccc2c(C)cc(=O)n(CCN3CCC(CC3)NCc3cc4OCCOc4cn3)c2c1,4.638272164
FC(F)(F)c1ccccc1NC(=O)NS(=O)(=O)c1ccc(OCCCN2CCCCC2)cc1,4
Clc1cc2OCCOc2cc1CNC12CCC(CC1)(OC2)CC1(O)Cn2c3c1c(F)cnc3ccc2=O,4.22184875
CCC(=S)N1CCC(CN2CC[C@H](NC(=O)c3cc(Cl)c(N)cc3OC)[C@H](OC)C2)CC1,5.543330371
Clc1ccc(cc1)-c1nnc(o1)C(=O)N1CCC(CC1)Oc1ccc(CN2CCCC2)cc1,5.259637311
C[C@@H]1CCCN1CCc1ccc2nc(ccc2c1)-c1cc(C#N)c(C)nc1C,5.075720714
CC(c1ccc(cc1)COC(=O)N1CCC(CC1)CNc1ncccn1)C,5.236572006
COC1COCCC1N[C@@H]1C[C@H]2C[C@H](O)C[C@]2(C1)C(=O)N1CCc2ncc(cc2C1)C(F)(F)F,4.301029996
CNC(=O)C(CCN1CCC(O)(c2ccc(Cl)cc2)CC1)(c1ccccc1)c1ccccc1,6.610833916
Cc1c([C@@H](O)CN2CCC3(CC2)CCN(c2cc(C)c(=O)n(C)n2)C3=O)ccc2c1COC2=O,5.568636236
N[C@H]1CCCC[C@H]1Nc1cnc(C(N)=O)c(Nc2cccc3cc[nH]c23)n1,5.091514981
N#CCCN1CCN(C(C1)C)c1cc2[nH]c(nc2cc1Cl)SC(C)(C)C,5
COc1ccc2ncc(C#N)c(CCN3CCC(CC3)NCc3cc4OCCOc4cn3)c2n1,5.102372909
NC1=NC2(CO1)c1cc(ccc1OC1(CCCC1)C21COC1)-c1cncnc1,5
CCn1cc(cn1)[C@]1(N[C@H](Cc2c1[nH]c1ccccc21)c1nc(c[nH]1)-c1ccc(F)cn1)c1nn(C)c(=O)o1,4.528708289
CC#C[C@H](c1oc(=O)[nH]c1O)c1ccc(Oc2ccc(cc2OC(F)F)C(F)(F)F)cc1,5.468521083
NCC(=O)N1CCN(c2cnc3cc(C(F)(F)F)cc(NCc4cccc([N+](=O)[O-])c4)c3c2)CC1,4.73754891
FC(F)(F)Oc1ccc(CNC(=O)C2N(CCOc3ccccn3)C(=O)c3ccccc23)cc1,5.30980392
Cc1cc(F)ccc1C1CCN(CC2Cc3c(Cl)ccc(O)c3CN2)CC1,6.013228266
O=C(NC1CCN(C1)CCC1CCN(CC1)C(=O)c1ccccc1F)CNC(=O)c1cccc(c1)C(F)(F)F,5
COC1=CC=C2Nc3cc(Cl)ccc3C(=C2N1)N=C4C=C(CN5CCCC5)C(=O)C(=C4)CN6CCCC6,5.009998765
COc1ccc(CCN2C(CN(NS(C)(=O)=O)C2=O)c2ccc(cc2)C(F)(F)F)cc1,5.040958608
COC1COCCC1NC1CCC(C1)(C(C)C)C(=O)N1CCN(CC1)c1scc(n1)C(F)(F)F,4.408935393
O=c1cc(OCc2ccccc2)ccn1-c1ccc2n(CCN3CCNCC3)ncc2c1,4.785156152
Cc1c(F)cc(cc1-c1cc2nnc(-c3c(F)cccc3Cl)n2n(C)c1=O)C(=O)NC1CC1,4.522878745
COc1cccc(c1)C1CCCN(CCN2CCN(C2=O)c2cccc(Cl)c2)C1,6.7000571
FC(F)(F)c1ccc(NC(=O)N2[C@@H]3CC[C@@H]2CC(C3)S(=O)(=O)c2ccccn2)cc1,5
CC[C@H]1C[C@H]2CN3[C@@H]1[C@@H](C2)c1[nH]c2c(c1CC3)cc(cc2)OC,5.408935393
CCS(=O)(=O)c1ncc2c(c1)cc([nH]2)CC(C(F)(F)F)(CC(c1ccccc1C(=O)N)(C)C)O,4.522878745
COC1COCCC1N[C@@H]1C[C@H]2CCC[C@]2(C1)C(=O)N1CCc2ncc(cc2C1)C(F)(F)F,4.301029996
CCN(CC)CCCNc1nnc(o1)-c1ccc(NC(=O)c2ccccc2F)cc1,4.900001867
COc1ccc(CCN2C(CN(NS(C)(=O)=O)C2=O)c2ccc(C)cc2)cc1,4.950781977
CC(C)Oc1cc([C@@](Cc2ccccc2)(NCC(O)C(O)(C(F)(F)F)C(F)(F)F)c2cc(F)cc(OC(F)(F)C(F)F)c2)ccc1F,4.920818754
C[C@]1(C(=O)O)CC[C@@](C)(c2nc(-c3ccc(C(=O)Nc4cc(C(F)(F)F)ccn4)cc3)c3c(N)nccn23)C1,4.26760624
NC1=NC2(CO1)c1cc(ccc1OC1(CCC1)C21COC1)-c1cncc2ccccc12,5.431798276
CC(C)CC1Oc2ccc(cc2C2(COC(N)=N2)C11COC1)-c1cncnc1,5
CC(C)[C@H](Oc1ccc(CNC(=O)[C@@H]2CCCN2C(=O)C[C@H](N)Cc2cc(F)ccc2F)cc1)C(=O)O.O=C(O)C(F)(F)F,4.119186408
O=C(NC1CN(C1)C1CCC(CC1)(O)c1ccccc1)CNc1ncnc2c1cc(cc2)C(F)(F)F,4.772113295
CCC(=O)NCCc1ccccc1-c1ccc([C@H]2CNCC[C@@H]2c2ccn(C)c(=O)c2)c(Cl)c1,5.552841969
COc1cc(ncn1)N1C(=O)N(C(=O)C11CCN(Cc2ncccc2C)CC1)c1ccc(cc1)-c1ccc(cc1C)C(O)=O,4.886056648
ONC(=O)/C=C/c1ccc(cc1)CN(CCc1c(C)[nH]c2c1cccc2)CCC(F)F,4.301029996
Fc1ccc(cc1)CCN1CCN(C(=O)C1)[C@H]1CCc2c(C1)ccc(c2)CN1[C@H](C)CCC[C@@H]1C,5
S(=O)(=O)(Nc1cc2c(OC3(CC2=O)CCN(CC3)[C@@H]2CCc3cc(ccc3C2)C#N)cc1)C.O=C(C[C@@H]1N(C)[C@@H](CCC1)C[C@@H](O)c1ccccc1)c1ccccc1,6.468521083
CCCCc1cc(OC2CCN(CCCS(=O)(=O)NC(C)(C)C)CC2)c2ncccc2c1.Cl.Cl,6.550059011
O[C@]1(CC[C@@H](CC1)N1CC[C@H](C1)NC(=O)CNC(=O)c1cccc(c1)C(F)(F)F)c1ccnnc1,9
c1ccc(c(c1)C(=O)c2ccccc2F)F,4.142667504
O=C(c1ccc(cc1)F)c1ccc(cc1)F,4.142667504
Cl.FCCOc1ccc(CCC2CCN(CCc3ccccc3Cl)CC2)cc1,5.657577319
OC(=O)c1ccc(cc1)C1=NN(C(C1)c1ccc(F)cc1)c1ccc(cc1)C#N,4.522878745
O[C@@H]([C@@H]1C[C@@H]2CCN1C[C@@H]2C=C)c3ccnc4ccccc34,5
O=C(NC1CCC1)c1ccc(cc1)-c1ccc2C(=O)N(CCN3CCCC3)CCc2c1,5.602059991
Cn1cc(NC(=O)c2ccnc(-c3ccnc(NCC4CC4)c3)n2)c(C(N)=O)n1,5.721246399
OCCNC(=O)[C@H]1CC[C@@H](CC1)c1nc(c[nH]1)-c1cccc(c1)C(F)(F)F,6.301029996
FC(F)(F)c1ccc(NC(=O)NS(=O)(=O)c2ccc(OCCN3CCCC3)cc2)cc1,4
CCc1oc(CCc2cc(cc(NC)n2)N2CCOCC2)nc1C,6.096910013
COc1cc(ccc1OCC(=O)N1CCCC1)n1cnc2c(c1=O)sc(c2)c1ccc(cc1)Cl,4.096910013
CCOC[C@H](Oc1ncnc2c1cnn2-c1ncccc1Cl)C(=O)Nc1cnc(C)cn1,4.800000875
CCCNCc1ccc(CCn2ccc(OCc3ccc(F)cc3)cc2=O)cc1,5.37675071
Fc1ccc(cc1)C(CCCCCN1CCC(CNC(=O)c2cc(cc(c2)C(F)(F)F)C(F)(F)F)C1)c1ccc(F)cc1,7
O=S1(=O)CCC(CC1)C1NC(Cc2c1[nH]c1c2cccc1)c1[nH]cc(n1)c1ccccc1,7
C[C@@H]1CCCN1CCCOc1ccc(N2CCN(C(=O)c3ccc(F)cc3F)CC2=O)cc1.O=CO,5.799998135
C[C@@H]1CCCN1CCCOc1ccc(cc1)-c1ccc(=O)n(n1)-c1ncccn1,5
CC(C)(C)c1ccc(cc1)N1CCN(CCN2Cc3ccccc3C2)C1=O,6
O=C(NCc1ccc(OC(F)(F)F)c(Cl)c1)c1ccc(S(=O)(=O)Nc2nccs2)c(F)c1,4.752026734
CC(C)(C)C[C@H]1C[C@H](CCN1)c1cc(=O)[nH]o1,0
Cc1cc(=O)n2nc(ccc2n1)N1CC[C@@H]([C@@H]([NH3+])C1)c1cc(F)c(F)cc1F,4.478861916
FC(F)(F)c1cc(Cl)cc(COCC2(CCNCC2)c2ccccc2)n1,4.602059991
C[C@@H](Oc1cccc2ncnc(Nc3ccc(Oc4ccc(C)nc4)c(C)c3)c12)C(=O)N(C)CCO,4.920818754
Cc1cc(-n2cc3c(n2)CN(C(=O)c2cc(C#N)ccc2-c2cccc(F)c2)C3)ccn1,5
COc1cccc(c1)C(=O)Cn1c(=O)n(C)c2c(C#N)c(N3CCC[C@H](N)C3)n(CC#CC)c2c1=O,5.886056648
O=C(N(C1CCC1)[C@H]1CCNC1)c1ccccc1Oc1ccccc1,5.530177984
ONC(=O)\C=C\c1ccc2CN(Cc2c1)C(=O)c1cccc(c1)C(F)(F)F,4.522878745
CC[C@H]1OC(=O)[C@H](C)[C@@H](O[C@@H]2O[C@@H](C)[C@@H]([C@](C2)(C)OC)O)[C@H](C)[C@H]([C@]2(OC(=C(C)C2)[C@@H](C(=O)[C@]1(C)OC)C)C)O[C@@H]1O[C@H](C)C[C@@H]([C@H]1O)NC(C)C,4.259637311
Fc1ccc(-c2nc(C3CCNCC3)sc2-c2ccnc(NCc3ccncc3)n2)cc1,5.823908741
Cc1nc(no1)[C@@]1(N[C@H](Cc2c1[nH]c1ccccc21)c1nc(c[nH]1)-c1ccc(F)cn1)c1cnn(CC2CC2)c1,5.494850022
CN(CCc1sc2c(c1C(c1cccnc1)C)cccc2)C,6.30980392
FC(F)(F)Oc1ccc(CNC(=O)C2N(C3CCOCC3)C(=O)c3ccccc23)cc1,4.48148606
OCCCC1(c2ccccc2)C(=NN2C1COc1c2cc(cc1)F)C(=O)C,4.744727495
CC(C[C@H](NC(=O)C1CCC1)c1ccccc1)N1CCC(CC1)c1nnc(CN(C)C)o1,5.508638306
COc1c(cc(cc1C(C)(C)C)C(=O)NCC1CCN(C1)C(=O)CCCCC(c1ccc(F)cc1)c1ccc(F)cc1)C(C)(C)C,5.721246399
Cc1cn([C@@H]2C[C@@H](O)[C@H](CO)O2)c(=O)[nH]c1=O,1.087509051
COc1ccc(cc1)c2ccc(N)[n+](CCCC(=O)O)n2,4.710001025
CC(C)(C)NC(=O)C1N(Cc2cc(F)ccc2-c2ccccc2)C(=O)c2ccccc12,4.48148606
O=C(O[C@@H](C(=O)N1N=CC[C@H]1C(=O)NCc1cc(Cl)ccc1-n1cnnn1)c1ccc(F)cc1)c1ccccc1,5.251811973
COc1cc(ncn1)N1C(=O)N(C(=O)C11CCN(Cc2ncccc2C)CC1C(O)=O)c1ccc(cc1)-c1ccccc1,4.522878745
Cc1cccnc1CN1CCC2(CC1)N(C(=O)N(C2=O)c1ccc(cc1)-c1ccc(cc1)-c1cc[nH]n1)c1cc(=O)[nH]cn1,5.091514981
Cc1cccnc1CN1CCC2(CC1)N(C(=O)N(C2=O)c1ccc(cc1)-c1ccc2scnc2c1)c1cc(=O)[nH]cn1,5.823908741
C[C@H]1N(CCn2c1nnc2-c1nc(C)ns1)C(=O)c1ccc(Cl)cc1,4.180456064
Cc1c2COC(=O)c2ccc1[C@H]1CN2CCN(C[C@@H]2CN1)C(=O)Cc1ccc(nc1)-n1cnnn1,4.657577319
[O-][N+](=O)c1ccc(CCN2CCN(CCc3ccc(cc3)C#N)CC2)cc1,9
C[C@@H]1CNc2cc(ccc2C(N)=O)-n2c3CC(C)(C)CC(=O)c3c(C)c2CCCN1,5.494850022
Cc1c(CN[C@H]2CC[C@@H](F)C2)nn(CCC#N)c1-c1cc(F)cc(F)c1,5.022276395
COc1cc2ccc(Br)cc2cc1[C@@H](c1ccnc(OC)c1OC)[C@@](O)(CCN(C)C)c1cc2ccccc2o1,6.096910013
CC(Oc1ccccc1[C@]1(O)C(=Nc2c1cc(Cl)cc2)N)C,4.721246399
CN1C[C@H](c2ccc3sccc3c2)c2ccc(cc2C1)N1CCOCC1,6
CCN1CCC[C@H]1CNC(=O)c2c(O)c(CC)cc(Cl)c2OC,5.54999737
O[C@]1(CC23CCC(CC2)(CO3)NCc2ccc3OCC(=O)Nc3n2)Cn2c3c1c(F)cnc3ccc2=O,3.643974143
CCn1cc(cn1)[C@]1(N[C@H](Cc2c1[nH]c1ccccc21)c1nc(c[nH]1)-c1ccc(F)cn1)c1nn(CC(O)=O)c(=O)o1,4.515700161
O(C)c1cc(ccc1OC)CCO[C@@H]1CCCC[C@@H]1N1C[C@H](O)CC1,4.677780705
Nc1ncc(cc1O[C@H](c1c(Cl)ccc(c1Cl)F)C)c1cnn(c1)C1CCNCC1,5.769551079
O=C(N1CCc2c(C1)sc(n2)c1ccc(cc1)OC1CC(C1)N1CCCCC1)N1CCOCC1,5.431798276
Oc1ccc(cc1c1nc(N[C@@H]2CNC[C@H]2C(O)(C)C)c2c(n1)cccc2)c1n[nH]cc1,4.508638306
COc1ccc(NC(=O)\C=C\CN(C)C)cc1Nc1ncc(Cl)c(n1)-c1cnn2ccccc12,5.37675071
CC#CCn1c(N2CCCC(C2)N)c(c2c1c(=O)n(Cc1nc(C)c3c(n1)cccc3)c(=O)n2C)C#N,4.522878745
COc1cc(ncn1)N1C(=O)N(C(=O)C11CCN(Cc2ncccc2C)CC1)c1ccc(cc1)-c1ccc2nc[nH]c2c1,4.823908741
CC(=O)N1CC2CN(Cc3ccc(Oc4nc5ncccc5s4)cc3)CC2C1,5
Cc1nn(-c2ccccn2)c(=O)cc1-c1ccc(OC2CCN(CC2)C2CCC2)cc1,4.522878745
COc1ccc2C([C@@H](C)c3cnccn3)=C(CCN(C)C)Cc2c1,5.468521083
O=C(NC1CN(C1)C1CCC(CC1)c1ccncc1N)CNc1ncnc2c1cc(cc2)C(F)(F)F,4.337242168
COc1cc(ccc1n1cnc(c1)C)c1nnn(c1)C1C[C@H](CCN(C1=O)Cc1ccccc1)[Si](C)(C)C,4.389339837
Cc1ccc2c(cccc2n1)-c1nnc(SCCCN2CCc3ccc4nc(oc4c3CC2)C(C)(F)F)n1C,5.602059991
CN(C)CCC1=C(Cc2cnccn2)c2ccc(F)cc2C1,6.229147988
CC1(C)CC(Oc2ccc(-c3ccc(-n4cccn4)cc3O)nn2)CC(C)(C)N1,6.638272164
COc1ccc2nc(NC3=NC[C@@]4(CN5CCC4CC5)O3)sc2c1,5.886056648
CC(C)CN([C@H]1CCNC1)C(=O)c1ccccc1C(C)C,4.88941029
Nc1cnccc1[C@@H]1CC[C@@H](CC1)N1CC(C1)NC(=O)CNc1ncnc2ccc(cc12)C(F)(F)F,4.337242168
COc1ccccc1N1CCN(CCCCNS(=O)(=O)c2ccc(C)cc2)CC1,5.301029996
Cc1cc(N2CCC(N3CCCC3C)C2)ccc1NC(=O)c1ccccc1F,6
Cn1nc(NCC(=O)NC2CN(C2)[C@@H]2CC[C@H](CO)CC2)c2cc(ccc12)C(F)(F)F,4.494850022
CS(=O)(=O)CCN1CCC(CC1)c1ccc(NC(=O)c2ncc([nH]2)C#N)c(c1)C1=CCCCC1,5
CCCN(CC(COc1ccc(cc1)NS(=O)(=O)C)O)CCc1ccc(c(c1)Cl)Cl,6.886056648
NC1=NC2(c3cccc(F)c13)c1cc(ccc1OCC21CC1)-c1cncnc1,5.37675071
CCc1nn2ccccc2c1CCN(Cc1ccc(\C=C\C(=O)NO)cc1)C(C)C,5.124938737
CCCCc1cc(OC2CCN(CCS(=O)(=O)NC(C)(C)C)CC2)c2ncccc2c1,6.199970641
OCC1CCCCN1C(=O)c1cc2ccccn2c1-c1cccc(c1)C#N,4.610833916
Cc1ncoc1-c1nnc(SCCCN2[C@H]3CC[C@@H]2C[C@@H](C3)c2ccc(cc2F)C(F)(F)F)n1C,6.301029996
CC(C)c1ccc(cc1)S(=O)(=O)Nc1ccc(cc1)[C@@]12C[C@@H]1CN(C)C2,5.799998135
ONC(=O)C1(CCC2(C1)CCNCC2)S(=O)(=O)c1ccc(OCc2ccc(OC(F)(F)F)cc2)cc1,4.298432015
CC#CCn1c(N2CCC[C@@H](N)C2)cc(=O)n(Cc2ccc3ccc(Cl)cc3n2)c1=O,4
CC(COc1ccccc1Cc2ccccc2)N3CCCCC3,6.179995693
COc1ccc2ncc(F)c(CCC34CCC(CC3)(CO4)N(C)Cc3ccc4OCC(=O)Nc4n3)c2n1,5.920818754
OC(=O)CC[C@@]1(O)CC[C@@H]2[C@]1(C)CC[C@H]1[C@H]2C=CC2=CC(=O)CC[C@]12C,3.982132281
CN(C/C=C/c1ccc(C(F)(F)F)c(F)c1)Cc1ccc2c(c1)OCCC2.Cl,6.698970004
Cc1c(CCN2CCC3(CC2)CCN(c2ccc(=O)n(C)n2)C3=O)ccc2c1COC2=O,5.327902142
O=C1COc2c(N1)nc(cc2)CNC12CCC(CC1)(OC2)CCc1c(F)cnc2c1nc(OCc1[nH]ccc(=O)c1O)cc2,5.27572413
CNC(=O)c1cc(ccc1OC(F)F)-c1ccc2c(nc(nc2n1)N1CCOC[C@@H]1C)N1CCOC[C@@H]1C,4.616184634
CCCCc1cc(OC2CCN(CCNS(=O)(=O)CC)CC2)c2ncccc2c1.Cl.Cl,7.119758224
COc1cc([C@](O)(CCN(C)C)[C@@H](c2cc3cc(C#N)ccc3nc2OC)c2ccnc(OC)c2OC)cc(OC(F)F)n1,5.15490196
ONC(=O)\C=C\c1ccc2CN(CCc3cnn4ccccc34)Cc2c1,5.283996656
O[C@H](CNC(=O)c1c[nH]c2ccccc12)CN1CCC(CC1)Oc1ccc(Cl)c(Cl)c1,5.699991797
O=C(Nc1ccc(cc1C1=CCCCC1)C1CCN(CCN2CCOCC2)CC1)c1ncc([nH]1)C#N,5
O=C(c1cc[n+]([O-])cc1)N1CCC2(CCN(Cc3cccc(Oc4ccccc4)c3)CC2)CC1,4.849999245
CC(=O)NC(c1cccc(c1)F)CCN1C2CCC1CC(C2)n1c(C)nc2c1CCN(C2)C(=O)C(C)C,4.920818754
O=C(N[C@@H]1CN(C1)[C@@H]1CC[C@H](CC1)c1ccc2c(c1)OCO2)CNc1nn(c2c1cc(cc2)C(F)(F)F)C,6.075720714
CCCCC[C@@H](Cc1ccc(cc1)C(=O)NCCC(O)=O)C(=O)c1cc2cc(Cl)ccc2n1-c1cccc(c1)C(F)(F)F,5.431798276
CN(C)c1cnc2c(CCC34CCC(CC3)(CO4)NCc3ccc4OCC(=O)Nc4n3)c(F)cnc2c1,9
C[C@@H](c1nc(cs1)-c1ccc(cc1)C#N)[C@](O)(Cn1cncn1)c1ccc(F)cc1F,4.984221244
COc1ccc(cc1)C12CC1CN(CCCSc1nnc(-c3cccc4nc(C)ccc34)n1C)C2,5.908931268
C[C@@H]1CCCN1CCc1ccc2nc(ccc2c1)-c1cnc2OCOc2c1,4.397940009
CC(C)N(C)[C@@H]1CC[C@H](NC(=O)CNC(=O)c2cccc(c2)C(F)(F)F)[C@H](CS(=O)(=O)c2ccccc2)C1,4.096910013
Cc1cccnc1CN1CCC2(CC1)N(C(=O)N(C2=O)c1ccc(cc1)N1CCC1=O)c1cc(=O)[nH]cn1,4.568636236
CCC[C@@H](CCO)Nc1nc(N)nc2cccc(C)c12,5.259637311
N[C@@H]1CCCN(C1)c1c(C=C2SC(O)=NC2=O)cccc1-c1ccccc1,4.522878745
Cc1cccnc1CN1CCC2(CC1)N(C(=O)N(C2=O)c1ccc(cc1)-c1ccc(cc1)C(O)=O)c1ccncn1,4.508638306
C[C@@H]1CCCN1CCc1ccc2nc(ccc2c1)-c1c(C)nc2ccccn12,5.096910013
Cc1nccn1CC(NC(=O)CC1CCN(Cc2ccn(c2)-c2ccc(cc2)C(F)(F)F)CC1)c1ccccc1,4.575118363
Cl.CC1(C)C2CCC1(C)CC2NC(=O)[C@@H](CC1CCCCC1)NC(=O)N[C@@H](CCCCN)C(O)=O,4.522878745
CC(C)(C)C(=O)N1Cc2ccc(\C=C\C(=O)NO)cc2C1,4.522878745
Cc1nc(C)c(-c2ccc3cc(CCN4CCCC4C)ccc3n2)cc1C(N)=O,4.397940009
C(CCN1CCN(CC1)c1ccnc2c1cccc2)CCCN1CCN(CC1)c1ccccc1,5.420216403
CCCCc1cc(OC2CCN(CCCCS(=O)(=O)C(C)(C)C)CC2)c2ncccc2c1.Cl.Cl,6.519993057
FC(F)(F)c1cccc(Nc2cc3[nH]c(Nc4ccc(N5CCNCC5)cn4)nc3cn2)c1,4.522878745
CC1(c2ccc(-n3cnnn3)cc2)NC(=O)N(CC(=O)c2ccc(F)cc2F)C1=O,5.199998172
CS(=O)(=O)c1ccc(-c2cccc(F)c2)c(C(=O)N2Cc3cn(-c4ccccc4F)nc3C2)c1,5.346787486
COCc1cnc(nc1)N1CCC(CC1)[C@H]1C[C@H]1COCc1ccc(cc1F)S(C)(=O)=O,4.886056648
CNC(=O)c1ccc(Nc2nccc(n2)-c2cnc(C)n2C(C)C)cc1,4.522878745
COc1cc(OC)c2nccc(CCC34CCC(CC3)(CO4)NCc3ccc4OCC(=O)Nc4n3)c2n1,9
Cc1ccc(Nc2nc(N[C@@H]3CCCC[C@@H]3N)ncc2C(N)=O)cc1,4.600326279
O=C(c1ccc(-c2ccc(F)c(F)c2)o1)N1CCN(Cc2ccc(OC3CCNCC3)c(Cl)c2)CC1,5.397940009
CC(C)Oc1cc(Nc2nc(N[C@@H](C)c3ccc(F)cn3)ncc2Cl)[nH]n1,5.283996656
O=S(=O)(c1ccc2c(c1)cccc2)NCCN1CCN(CC1)c1nsc2c1cccc2,4.698970004
CN(C1CCN(Cc2ccc(cc2)-c2noc(C)n2)CC1)C(=O)Cc1ccc(cc1)-n1cnnn1,5.187086643
Cn1ccc(n1)[C@@H]1CC[C@@H](CC1)N1CC(C1)NC(=O)CNc1nn(C)c2ccc(cc12)C(F)(F)F,7
COc1cc2CC[C@@H](Oc2c(c1)N1CCN(C)CC1)C(=O)Nc1ccc(cc1)N1CCOCC1,4.721246399
CCS(=O)(=O)N1CC(C(C1)C(=O)Nc1ccc(cn1)Cl)C(=O)Nc1ccc(cc1F)n1ccccc1=O,5
CC#CCn1c(N2CCC[C@@H](N)C2)c(C#N)c2n(C)c(=O)n(Cc3nc(C)c4ccccc4n3)c(=O)c12,4.663540266
Cc1nc2ccccc2n1C1CC2CCC(C1)N2CCC1(CCN(CC1)C(=O)C1(CCC1)C(O)=O)c1cccc(F)c1,4.349999603
OC(C(N1CCOCC1)c1ccccc1)(c1cccnc1)c1cccnc1,4.22184875
ONC(=O)C=Cc1ccc2c(c1)CN(C2)C(=O)C1CC1,4.522878745
CN[C@H]1CC[C@@H](c2c[nH]c3ccc(NC(=N)c4cccs4)cc32)CC1.Cl,4.408935393
CC(C)(NC(=O)c1nn(c(c1CO)-c1ccc(Cl)cc1)-c1ccc(Cl)cc1Cl)c1noc(n1)C(F)(F)F,4.522878745
NC(=O)c1cnc2[nH]ccc2c1NC1CCN(CC1)c1ccc(nn1)C#N,4
COc1ccc([C@]2(O)CC[C@H](N3CC[C@@H](NC(=O)CNC(=O)c4cccc(C(F)(F)F)c4)C3)CC2)cn1.CS(=O)(=O)O,4.075720714
COc1cc2nnc(C(N)=O)c(Nc3ccc(C)cc3F)c2cc1C1CCN(C(C)C)CC1,4.958607315
NC(=O)c1cnc(-c2cnc3c(Nc4ccc(cn4)C(F)(F)F)ccnc3n2)c(c1)C(F)(F)F,5.229147988
OC1CCN(C1)C(=O)NC1CCN(CC1)Cc1ccn(c1)c1ccc(cc1)C(F)(F)F,4.500312917
[O-][n+]1cccc(c1)C(NC(=O)CC1CCN(Cc2ccn(c2)-c2ccc(cc2)C(F)(F)F)CC1)c1ccc(F)cc1,4.500312917
COc1ccc(cn1)C1CCC(CC1)N1CC(C1)NC(=O)CNC(=O)c1cccc(c1)C(F)(F)F,6
CC(C)c1ccccc1C(=O)N(C1CCC1)[C@H]1CCNC1,4.721246399
OC(=O)COc1ccc2ncc(F)c(CCC34CCC(CC3)(CO4)NCc3ccc4OCC(=O)Nc4n3)c2n1,4.22184875
CCCOc1cc([C@](O)(CCN(C)C)[C@@H](c2cc3cc(Br)ccc3nc2OC)c2ccnc(OC)c2OC)cc(OC)n1,5.107905397
Clc1ccccc1[C@H]1C(C(OCC)=O)=C(NC(C)=C1C(OC)=O)COCC[NH3+],5.698970004
CS(=O)(=O)Nc1cccc([C@H](c2ccc(F)cc2)C(c2cccnc2)c2cccnc2)n1,3.958607315
CNCC[C@@H](Oc1cc(Cl)ccc1C#N)c1ccccc1,5
CC(Oc1ccc2nc(N)n(CC(O)c3ccc(cc3Cl)C(F)(F)F)c2n1)C(F)(F)F,4.477555766
O[C@@]1(CC[C@@H](CC1)N1CC(C1)NC(=O)CNC(=O)c1cccc(c1)C(F)(F)F)c1ccc2OCOc2c1,4.869666232
CS(=O)(=O)N1CCN(Cc2cn3cc(nc(N4CCOCC4)c3n2)-c2cccc3[nH]ncc23)CC1,4
COc1ccc(CC(=O)N2CCC3(CN(C3)[C@@H]3CCc4cc(ccc34)-c3cc(C)ncn3)CC2)c(c1)C(N)=O,4.327902142
Nc1nc2cccnc2n1CC(O)c1cccc(Cl)c1Cl,4.477555766
CC(C)N(C)[C@@H]1CC[C@@H]([C@H](CS(C)(=O)=O)C1)N1CC[C@H](NC(=O)c2cccc(n2)C(C)(C)C)C1=O,4.096910013
Fc1ccc(O[C@@H]2CN[C@H](C2)C(=O)N2CCCN(CC2)C2CCC2)cc1,5.107905397
CC1(C)C[C@@H](NC(=O)c2ccccc2N)c2cc(-c3ccc(Cl)cc3)c(nc2O1)-c1ccc(Cl)cc1Cl,4.522878745
O=C(C1CCC1)NC(c1ccccc1)CC(N1CCC(CC1)c1onc(n1)C(C)C)C,5.782516056
CN(C)c1ccc(-c2cc3nccnc3c(NC[C@H]3CCCNC3)n2)cn1,4.599999383
CC(=O)N1CC2CN(CCc3ccc(Oc4nc5ncccc5s4)cc3)CC2C1,5
CN1c2nc(-c3ccc(Cl)cc3Cl)c(cc2C(CC1(C)C)C(=O)NCO)-c1ccc(Cl)cc1,9
Clc1cc(Cl)ccc1CO[C@@H](Cn1ccnc1)c1ccc(Cl)cc1Cl,5.679853714
COc1cc([C@](O)(CCN(C)C)[C@@H](c2cc3cc(Br)ccc3nc2OC)c2cccc(OC)c2OC)cc(OC)n1,5.657577319
O=C1CCc2c(N1)ccc(c2)[C@@H]([C@H](N1CC[C@](CC1)(O)c1cccc(c1)COc1ccccc1)C)O,5.823908741
COc1ccc(cc1)C(=O)Oc1ccc(cc1)S(=O)(=O)C1(CCC2(C1)CCNCC2)C(=O)NO,4.197910742
CC(C)C[C@H](NC(=O)[C@@H]1O[C@H]1C(=O)O)C(=O)NCCCCN=C(N)N,5.080001969
CC(N1CCCC(C1)Cn1c(C)nc2c(c1=O)cc(nc2)Oc1ccc2c(c1)scn2)C,5.619788758
Brc1ccc(cc1)[C@@]12CN(C[C@H]2C1)CCCSc1nnc(n1C)c1ocnc1C,6.397940009
C[C@@H]1CCCN1CCc1ccc2nc(ccc2c1)-c1ccsc1,5.318758763
CONC(=O)N(Cc1ccsc1)C1CCN(CC1)[C@H](C)CCNC(=O)c1c(C)cc(nc1Cl)C#N,4.966576245
Clc1cc(ccc1Cl)[C@@H]1CC[C@H]([NH2+]C)c2c1cccc2,5.102372909
Nc1nc2cc3CCN(Cc4cscn4)CCc3cc2s1,4.823908741
Cc1c(C(=O)CC#N)oc2ccc(Br)cc12,7.522878745
Clc1cccc(COc2cc3cncnc3cc2NC(=O)Nc2cccc3ccccc23)c1,5
O=C(NC1(CC1)C#N)[C@@H]1CCCC[C@H]1C(=O)N1CCN(CC1)c1nc2cccnc2s1,4
COCC(C)Nc1nc(N2CCOC[C@@H]2C)c2ccc(nc2n1)-c1ccc(OC)c(CO)c1,4.769551079
CN(c1ccc(-c2ccc(C#N)cc2O)nn1)C1CC(C)(C)NC(C)(C)C1,6.522878745
CS(=O)c1ccc(cc1)-c1cnc2ccc(nn12)-c1cccc(c1)S(C)(=O)=O,5.397940009
CC(c1noc(c1)CNCCN1CCC(CC1)c1ccccc1)C,5.966576245
[NH3+][C@H]1CN(CC[C@@H]1c1cc(F)c(F)cc1F)c1cnc2nccnc2n1,5.004364805
CN(C)Cc1ccc2C[C@H](CCc2c1)N(C)C(=O)c1ccc(cc1)-c1ccc(Cl)cn1,4.853871964
CC1SC(=N[C@@]2([C@H]1CC(OC2)c1cnn(c1)C)c1ccc(cc1F)F)N,5.30980392
CCOC(=O)C1=C(CN2CCOCC2)NC(c2nccs2)=NC1c1ccc(F)cc1-c1ccccc1,5.304518324
COc1cccc2c3nc(CN4CCN(C[C@H]4C)c4ccccc4F)nn3c(N)nc12,4.301290651
Cc1nccc(Nc2cc(NC3CCN(c4ccc(C#N)cn4)CC3)c(C(N)=O)cn2)n1,5.091514981
[S+2]([O-])([O-])(Nc1ccc(cc1)C(=O)C1CC[N+](CC1)CCc1[nH0]c(C)ccc1)C,7.920818754
O=C(NNC(=S)Nc1ccc(Cl)c(Cl)c1)c1ccccc1O,7.096910013
Cc1ncoc1-c1nnc(SCCCN2CC[C@]3(C[C@H]3c3ccc(F)cc3C(F)(F)F)C2)n1C,5.919987153
CCOc1cc2ncc(C(N)=O)c(Nc3ccc(F)cc3F)c2cc1N1CCCN(C)CC1,5.229147988
O=C(N[C@H]1CC[C@H](CCN2CCN(CC2)c2nsc3ccccc23)CC1)c1ccco1,5.677780705
COc1ccc(cc1)[C@@H](C)N[C@@H]1CC[C@@H](C(=O)N2CCC(CC2)(C(=O)N2CCCC2)c2ccccc2)C(C)(C)C1,5
N#Cc1ccc(cc1)Cn1cncc1CNC1CCN(C1)C(=O)c1ccc[nH]c1=S,4.958607315
Cc1c(CNC2CCCC2)nn(c1-c1cncc(C)c1)-c1ncccc1Cl,5.045757491
Clc1ccc(Cl)c(NC(=O)NS(=O)(=O)c2ccc(OCCN3CCCCC3)cc2)c1,4
CCOCn1c(nc2c1cccc2)C1CCCN(C1)C1CCOCC1,5.677780705
CCOC(=O)C1=C(CN2CCOCC2)NC(c2nccs2)=N[C@@H]1c1ccc(F)cc1Br,5.311580178
CN1CCC(=C2c3ccccc3CCc4sccc24)CC1,4.689999563
C[C@@H](C[C@@](C)(CS(=O)(=O)N1CCN(CC1)c1ccc(F)cc1)N(O)C=O)c1ncc(F)cn1,4.677780705
O=C(Nc1cccc(c1F)F)Cn1ncc(c1)Nc1nncc2c1ccc(c2)OCCCN1CCCC1COP(=O)(O)O,4
FC(F)(F)c1csc(n1)N1CCN(CC1)C(=O)[C@@H]1CCCC[C@H]1C(=O)NC1(CC1)C#N,4.600326279
O=C(Nc1ccc(OC(F)(F)F)cc1)c1cnc(NCCCO)c(-c2cncnc2)c1,5.823908741
N#Cc1ccc(N2CCC(Nc3cc(Nc4ccccn4)ncc3C(N)=O)CC2)nc1,6.443697499
CN1CCN(CC1)c1cccc2c1CC(CO2)NC(=O)c1ccc(nc1)OCCC(F)(F)F,4.899629455
O=C(Nc1c[nH]c2ncc(-c3ccccc3F)cc12)c1cnn2ccc(NC[C@H]3CCNC[C@@H]3F)nc12,5.301029996
COc1cc(ncn1)N1C(=O)N(C(=O)C11CCN(Cc2ncccc2C)CC1)c1ccc(nc1)-c1ccc(cc1)C(O)=O,4.337242168
ClCc1nnc2c3cc(-c4ccccc4)c(nc3ccn12)-c1ccc(CN2CCC(CC2)c2nnc([nH]2)-c2ccccn2)cc1,5.698970004
COC(=O)C(CCCN1CC=C(c2ccccc2OC)CC1)(c1ccc(Br)cc1)C(C)C,5.899629455
FC(F)(F)c1ccc(NC(=O)NS(=O)(=O)c2ccc(OCCCCN3CCCC3)cc2)cc1,4.30980392
Clc1ccc(cc1)C(c1ccccc1)NC(=O)C1(N)CCCN(C1)c1ncnc2c1cc[nH]2,5.795880017
Fc1ccc(nc1)-c1noc(n1)-c1cc(F)cc(c1)C#N,4.48148606
Clc1ccc(cc1Cl)-n1cc(NCCN2CCOCC2)nn1,5
Cc1ccc(cc1Cl)C1CNCC=CC1,4.568636236
COc1ncc(cn1)c1cccc2c1CC(CO2)NC(=O)c1ccc(nc1)OCCC(F)(F)F,4.899629455
N[C@H]1CCCC[C@H]1Nc1cc2nc[nH]c(=O)c2c(Nc2cccc3cc[nH]c23)n1,4.522878745
CN(CCc1sc2c(c1C(c1ccc(cn1)F)C)cccc2)C,6.619788758
CN1CCC[C@H]1Cn1nc(Cc2ccc(cc2)Cl)c2c(c1=O)ccnc2,5.600326279
[NH3+][C@H]1C[n+]2c(C[C@@H]1c1cc(F)c(F)cc1F)[nH]c1cnc(F)cc21,4.091514981
COc1c(cc(cc1C(C)(C)C)C(=O)NC[C@H]1CCN(C1)C(=O)CCCCC(c1ccc(F)cc1)c1ccc(F)cc1)C(C)(C)C,5.301029996
Clc1ccc(o1)CNCCOc1ccc2c(c1Cl)cccc2,5
COc1ccc(cc1)-n1cnc2c(csc2c1=O)-c1ccccc1C,5.005682847
Clc1ccc(cc1)C(=O)N1CCC2(CCN(Cc3ccccc3Oc3ccccc3)CC2)CC1,7.301029996
CCCCOc1ccc(cc1)C(=O)NC1COc2c(C1)c(ccc2)N1CCN(CC1)C,5.200659451
Cc1nc2ccc(-n3ncc(C(=O)c4cc5ccccc5[nH]4)c3N)cc2[nH]1,5.161150909
OCC(=O)[C@@]1(O)C[C@H](O[C@H]2C[C@H](N)[C@H]([C@@H](O2)C)O)c2c(C1)c(O)c1c(c2O)C(=O)c2c(C1=O)cccc2OC,3.671620397
COC1CN(Cc2ccc(OC3CN(C3)C(=O)c3nnc(o3)-c3ccc(OC)cc3)cc2)C1,5.070581074
Cc1cnn(c1)C1CCN(CC1)c1nc2ccccc2n1Cc1ccc(F)cc1,6.096910013
Fc1cc(OCC2CC2C2CCN(CC2)c2ncc(Cl)cn2)ccc1C(=O)NC1CC1,5.823908741
NC1COCC1Oc1ccc2ncc(F)c(CCC34CCC(CC3)(CO4)NCc3ccc4OCC(=O)Nc4n3)c2n1,5.443697499
CCCn1c(-c2ccccn2)cc(C(=O)NCCCN2CCN(c3cccc(Cl)c3Cl)CC2)c1C.Cl.Cl.Cl.Cl,6
FC1(F)CCC(CC1)C(=O)N[C@@H](CCN1[C@H]2CC(n3c(nnc3C)C(C)C)C[C@@H]1CC2)c1ccccc1,4.370590401
C(N1CCC(CC1)c1nnc([nH]1)-c1ccccn1)c1ccc(cc1)-c1nc2ccn3cnnc3c2cc1-c1ccccc1,5
CC(=O)Nc1ccc(cn1)-c1cnc2nc(sc2c1)N1CCC(CC1)N1CCCCC1,4.397940009
[NH3+][C@H]1C[n+]2c(C[C@@H]1c1cc(F)c(F)cc1F)[nH]c1cnccc21,4.050609993
Cc1cnc(cn1)N1CCC(CC1)C1CCN(CC1)c1cc(nc(C)n1)C#N,5.26760624
O[C@@]1(CC23CCC(CC2)(CO3)NCc2c(Cl)cc3OCCOc3c2Cl)Cn2c3c1c(F)cnc3ccc2=O,4.517126416
COc1ccc(cc1)C1CN(CC1CNC(=O)c1cccc(c1)Cl)CCC1CCOCC1,5.707743929
COc1ccc(cc1)-c1nnc(o1)C(=O)N1CC(C1)Oc1ccc(CN(C)C)cn1,4.522878745
COc1cccc2C(=O)N(CCc3ccccn3)C(C(=O)NCc3ccc(OC(F)(F)F)cc3)c12,5.443697499
Cc1ccoc1-c1nnc(SCCCN2C[C@@H]3C[C@@]3(C2)c2ccc(cc2)C(F)(F)F)n1C,6.7000571
O=C(Nc1ccccc1)NS(=O)(=O)c1ccc(OCCN2CCCC2)cc1,4
CC(C)(O)COc1ccc(C(N)=O)c(O[C@H]2CCN(C(=O)Cc3ccc(OC(F)(F)F)cc3)C[C@@H]2F)c1,4.420216403
O[C@@H](COc1ccc(F)cc1)CN1CCN(Cc2ccc(Cl)c(Cl)c2)CC1,6.060480747
Cn1c(CCCCCN2CC3[C@@](C2)(C3)c2ccc(cc2)C(F)(F)F)nnc1c1ccccc1Cl,6.886056648
CNC(=O)c1ccc(cc1)c1ccc2c(c1)CCN(C2=O)CCN1CCCC1C,4.769551079
Cc1cccc(c1)C(c1ccccc1)(c1ccccc1)CCC(C(=O)O)N,4.602059991
CC(C)(Cc1ccc2ccccc2c1)NC[C@@H](O)COc1ccccc1C#N,9
CC(c1noc(c1)CNCCN1CCC(=CC1)c1ccc(c(c1)Cl)Cl)C,6.677780705
Cn1c(SCCCN2CC[C@@H]3[C@](CC2)(C3)c2ccc(cc2)C(F)(F)F)nnc1c1ccnnc1,5.300162274
N[C@H]1CCCC[C@H]1Nc1cnc(C(N)=O)c(Nc2cccc(c2)-n2nccn2)n1,5
CC(C)N1C[C@@H]([C@H](C1)C(=O)Nc1ccc(cc1F)-n1ccccc1=O)C(=O)Nc1ccc(Cl)cn1,4.920818754
CCOc1nc(cc(c1C#N)N)C(=O)NCc1ccc(cc1)S(=O)(=O)C,4
C[C@H]1C[C@H]2CSC(N)=N[C@@]2(c2ccc(F)cc2F)CO1,4.801342913
O[C@]1(CC[C@@H](CC1)N[C@H]1CCN(C1)C(=O)C1CCN(CC1)c1cc(ncn1)C(F)(F)F)c1ccc(cn1)-c1ncccn1,4.522878745
COc1cc(OC2CN(C2)C(C)=O)ccc1Nc1ncc(Cl)c(n1)-c1cnc2ccccn12,4.48148606
CCCC1Oc2ccc(cc2C2(COC(N)=N2)C11COC1)-c1cncc(c1)C#CC,5.27572413
COc1ccc2c(c1)ncnc2N1CCC(CC1)CCNS(=O)(=O)N,6.920818754
O=C(NC1CN(C1)C1CC[C@](CC1)(O)c1cccc(c1)N(C)C)CNC(=O)c1cccc(c1)C(F)(F)F,4.602059991
Fc1ccc(cc1)C[nH0]1c2ccccc2[nH0]c1NC1CC[N+](CC1)CCc1ccc(OC)cc1,7.93930216
Clc1cccc(c1)C1CNCC=CC1,4.48148606
COc1cccc(c1)C12CC1CN(CCCSc1nnc(-c3ocnc3C)n1C)C2,5.401570644
Cn1ccnc1C(=O)N1CCC(CC1)c1ccc(cc1C(F)(F)F)C(=O)NC(N)=N,4.522878745
c1cnc2c(N3CCN(CCCCc4ccc(OCCCN5CCCCCC5)cc4)CC3)cccc2c1,5.799998135
Cc1nc2cc(Cl)ccc2c(=O)n1-c1ccc(OC2CCN(CC2)C2CCC2)cc1,5.408935393
CC(C)CS(=O)(=O)n1ccc2c(-c3ccc(C(F)(F)F)cc3)cc(N3CCNCC3)nc21,5.853871964
[NH+]1(C[C@H](CCC1)c1c2c([nH]c1-c1ccccc1)cccc2)C,5.017728767
Fc1ccccc1-c1c[nH]cc(C(=O)Nc2ccc3\C(=C\c4ccc[nH]4)C(=O)Nc3c2)c1=O,4
COC(=O)CCCCOc1ccc2ncc(F)c(CCC34CCC(CC3)(CO4)NCc3ccc4OCC(=O)Nc4n3)c2n1,6.397940009
Cc1cc(ccc1OCCOCC[N+](C)(C)Cc2ccccc2)C(C)(C)CC(C)(C)C,6.619969752
COCCNS(=O)(=O)c1ccc(cc1)-c1ccc(CCN2CCC[C@H]2C)cc1,5.13667714
N[C@H]1CCCC[C@H]1Nc1ncc(C(N)=O)c(Nc2cccc(c2)-n2nccn2)n1,5.065501549
Cc1c([C@@H](O)CN2CCC3(CC2)CCN(c2ccc(=O)n(C)n2)CC3)ccc2c1COC2=O,4.346787486
N[C@H]1CN(c2ccncc2Nc2ncc3ccc(-c4ncccc4F)nn23)C[C@@H](N)[C@@H]1O,4.93930216
CN(C/C=C/c1ccc(C(F)(F)F)cc1)Cc1ccc2c(c1)CCO2.Cl,5.657577319
CC(C)N1CCC[C@H](Cn2c(C)nc3ncc(Oc4ccc(Cl)cc4F)nc3c2=O)C1,4.480172006
Cc1ccc(Nc2c(nc3n2CCN(C(=O)C(C)(C)N)C3(C)C)-c2ccc(F)cc2)cc1,4.522878745
CC(CN(C(=O)c1cc(Cl)cc(c1)Cl)C1CNCC1)C,5
COc1ccc(CC(C)(C)NCC(O)COc2ccccc2C#N)cc1,5.455931956
CCCCCCCCCCn1c(NC2CCN(CCc3ccc(OC)cc3)CC2)nc2ccccc21,5.684239509
CC(C)c1cc(cc2nc(oc12)-c1ccc(cc1)C(=O)NC[C@]1(C)CN(C(=O)O1)c1ccc(cn1)-c1ccccc1OC(F)(F)F)C#N,4.522878745
Oc1ccc2c(c1)CC(=CC2=O)C(=O)NC1CCN(CC1)Cc1ccc2c(c1)OCO2,4.195860568
Cc1ncoc1-c1nnc(SCCCN2CC3CCN(c4ccc(F)cc4)C3C2)n1C,6.102372909
Cc1ncoc1c1nnc(n1C)SCCCN1CC[C@@H]2[C@](CC1)(C2)c1ccc(cc1)C(F)(F)F,5.801342913
COc1cc(ccc1-n1cnc(C)c1)-c1cn(CC(=O)Nc2ccc3OC(F)(F)Oc3c2)nn1,5
Cn1c(SCCCN2C[C@@H]3[C@](C2)(C3)c2cccc(c2F)C(F)(F)F)nnc1c1ocnc1C,6
CCN(CCO)C(=O)c1cc2cccnn2c1-c1cccc(C)c1,4.500312917
CC(C)(c1cc(nc(n1)-c1cccc2[nH]ccc12)N1CCOCC1)S(C)(=O)=O,4.48148606
COc1ccc2OCC(=O)N(CCN3CCC(CC3)NCc3ccc4OCC(=O)Nc4n3)c2c1,4.88941029
COc1ccc(cc1)C1CN(CC1CC(=O)Nc1cccc(c1)Cl)CCCN1CCCC1=O,5.899629455
Cn1c(SCCCN2CC3CCN(c4ccc(C(F)(F)F)cc4)C3C2)nnc1-c1cccnc1,6.89997427
COC1COCCC1N(CCCO)[C@@H]1C[C@H]2OCC[C@]2(C1)C(=O)N1CCc2ncc(cc2C1)C(F)(F)F,4.301029996
COc1nc(N2C[C@H]3C(=O)N(C)C(=N)N[C@@]3(c3ccc(F)cc3F)C2)nc(C)c1F,5.721246399
CCN(CC)C(=O)c1ccc(cc1)C1=CC2(CCCNCC2)Oc2ccccc12,4.928707266
O=C(Cc1ccc(nc1)-n1cnnn1)N1CCN2C[C@H](OC[C@@H]2C1)c1ccc2C(=O)OCCc2c1,4.119758224
C[C@H]1OC(=O)[C@]2(CC(N)=O)CC(F)(F)[C@@H](C)[C@H](\C=C\c3ccc(cn3)-c3cccnc3C#N)[C@H]12,4.659555885
C[C@@H]1OCC2(CCN(c3nc(N)c(Sc4cccc(Cl)c4Cl)c(=O)n3C)CC2)[C@@H]1N,5.397940009
Cc1c([C@@H](O)CN2CCC3(CC2)CN(c2ccc(C#N)cn2)C3)ccc2c1COC2=O,4.978810701
CC1NCCN(C1)c1nc(Nc2ccncn2)c2c(n1)c(C)nn2CCOCC(F)(F)F,6.045757491
O=C(c1cccc(c1)S(=O)(=O)N1CCc2c(C1)cccc2)N1CCC(CC1)OCc1ccccc1,5.134896025
Nc1nc(NC2CCNCC2)c2sc(cc2n1)-c1ccc(cc1)C(F)(F)F,6.045757491
COc1ccc2COC(=O)N(CCN3CCC(CC3)NCc3ccc4OCC(=O)Nc4n3)c2c1,4.37675071
O=C(O)C[C@H]1CCCN(C[C@@H](O)c2ccc(-c3noc(-c4onc(-c5ccccc5)c4C(F)(F)F)n3)cc2)C1,5.387216143
Fc1cnc2c3c1C(O)(Cn3c(=O)cc2)CC12CCC(CC1)(CO2)NCc1ccc2c(n1)OCCO2,4.22184875
N[C@@H]1CCCN(C1)c1c(Br)cccc1C=C1SC(O)=NC1=O,4.522878745
COc1ccc(CN2CCC(CNC(=O)c3cc(CC(C)C)n(n3)-c3ccccc3)(CC2)C#N)cc1,5.494850022
CC(C)N(C)[C@@H]1CC[C@@H]([C@H](CS(=O)(=O)C(C)(C)C)C1)N1CC[C@H](NC(=O)c2cccc(OC(F)(F)F)c2)C1=O,4.096910013
O=C(N[C@@H]1CN(C1)[C@@H]1CC[C@H](CC1)c1ccc2c(c1)OCO2)CNc1nn(c2c1cc(cc2)C(F)(F)F)C(=O)N,4.920818754
Cn1ccc(Cn2cc(-c3ccc(Cl)c(C(F)(F)F)c3)cn2)n1,5.459670525
O[C@]1(CC[C@@H](CC1)N[C@H]1CCN(C1)C(=O)C1CCN(CC1)c1cc(ccn1)C(F)(F)F)c1ccc(cn1)-c1ncccn1,4.552841969
NC(=O)n1nc(NCC(=O)NC2CN(C2)[C@H]2CC[C@H](CC2)c2ccc3OCOc3c2)c2cc(ccc12)C(F)(F)F,4.920818754
Clc1cc(ccc1)CN1CC[C@@H]([NH+](Cc2n(cnc2)Cc2ccc(cc2)C#N)CC[NH+]2CCOCC2)C1=O,6.721246399
C[C@@H]1CN(CCN1c1ncc(OCc2ccc(CS(C)(=N)=O)cc2F)cn1)c1nc(no1)C(F)(F)F,4.522878745
CC(C)N(CCc1c(nn2ccccc12)-c1ccccc1)Cc1ccc(\C=C\C(=O)NO)cc1,5.088309841
FC(F)(F)c1ccc(cc1)-n1ccc(CN2CCC(CC2)NC(=O)NC(Cn2cccn2)c2ccccc2)c1,5.397940009
Cc1cc(F)ccc1-c1c(Oc2ccc(\C=C\C(O)=O)cc2)c2ccccc2oc1=O,4
Cc1cc(-c2ccnc3[nH]nc(C(F)(F)F)c23)cc(C2(CN)CCC2)c1,6.15490196
Cc1ccc(NC(=O)NS(=O)(=O)c2ccc(OCCCN3CCCC3)cc2)cc1,4
CCCCCCC[N+](CC)(CC)C/C=C/Cc1ccc(Cl)cc1.[I-],8.823908741
O[C@@]1(CC23CCC(CC2)(CO3)NCc2ccc3OCCNc3n2)Cn2c3c1c(F)cnc3ccc2=O,4.22184875
Cc1c(CN2CCOCC2)cc(-c2ccc(C(C)C)cc2)n1C1CCCOC1,5
COc1ncccc1[C@@H](C)c1c(CCN(C)C)sc2ccccc12,5.744727495
Cc1ncoc1-c1nnc(SCCCN2CC3CC3(C2)c2ccccc2)n1C,5.799998135
COc1ccc(cn1)[C@]1(O)CC[C@@H](CC1)N1CC(C1)NC(=O)CNc1n[nH]c2ccc(cc12)C(F)(F)F,4.494850022
N[C@H]1CN(c2ccn3cnnc3n2)CC[C@@H]1c1cc(F)c(F)cc1F.O=C(O)C(F)(F)F,4
COc1cccc(c1)[C@@H](C)N1[C@H]2CC[C@@H]1C[C@H](C2)Oc1cccc(c1)C(N)=O,9
COc1ccc(cc1)c1noc(n1)C1=CC2(c3c1cccc3)CCN(CC2)CC(=O)N(C)C,4.477555766
COc1ccc(cc1)-c1nnc(o1)C(=O)N1CCC(CC1)Oc1ccc(CN2CCN(C)CC2)cc1,4.823908741
Fc1ccc(cc1)Cn1c(nc2c1cccc2)C1CNCCO1,5.638272164
Cc1cccc(NC(=N)c2ccc(-c3ccc(Cl)cc3)o2)c1.Cl,5.677780705
CS(=O)(=O)c1ccc2n(Cc3ccccc3)c(nc2c1)C(F)(F)F,4.522878745
O=C1COc2c(N1)nc(c(c2)OCc1ccccc1)CNC12CCC(CC1)(OC2)CC1(O)Cn2c3c1c(F)cnc3ccc2=O,4.515700161
COc1ccc(cn1)-c1cc(cnc1N)-c1ccc(cc1)S(=O)(=O)N1CCN(C)CC1,4.982966661
CCCCCCCCCCCCCCCC[N+](C)(C)CC,5
CCCCc1cc(OC2CCN(CCCCNS(=O)(=O)CC)CC2)c2ncccc2c1.Cl.Cl,7.110138279
Cl.O=C1Cc2cc(CCN3CCN(c4nsc5ccccc45)CC3)c(Cl)cc2N1,6.920095532
CCCCCCCN(CC)CC#CCc1ccccc1,5.450996738
Cl.O=C(N1CCN(CC1)C1CC1)c1ccc(CN2CCOCC2)cc1,5
COc1ccccc1S(=O)(=O)NC(=O)N1CCC(CC1)N1CCC(CC1)Oc1ccc(Cl)c(Cl)c1,5
Cc1cc(Nc2ncc3c(ccn(-c4c(Cl)cccc4Cl)c3=O)n2)ccc1N1CCNCC1,7
Cc1[nH]c2ccccc2c1CC1CCCCN1Cc1ccc(\C=C\C(=O)NO)cc1,5.040958608
COc1ccc2ncc(F)c(CCN3CCC(CC3)NCc3ccc4OCC(=O)Nc4n3)c2n1,5.397940009
NC1=NC2(CO1)c1cc(ccc1OCC21COC1)-c1cc(Cl)cnc1F,5
COc1cnc(OC)c([C@H](c2cc3cc(Br)ccc3nc2OC)[C@@](O)(CCN(C)C)c2cc(OC)nc(OC)c2)c1,5.657577319
NC[C@]1(c2cccc(Cl)c2)CC[C@H](n2nc(-c3cccnc3)ccc2=O)CC1,5.356547324
COc1ccc2c(OC[C@H](O)CO)nc(C#N)c(-c3ccccc3)c2c1,4.688246139
CCOC(=O)c1ccnc(c1)[C@@]1(N[C@H](Cc2c1[nH]c1ccccc21)c1nc(c[nH]1)-c1ccc(F)cc1)c1cnn(C)c1,5.853871964
COc1cc(C=Cc2nc3ccccc3c(=O)n2c2ccccc2)ccc1n1cnc(c1)C,6
O[C@H]1CCN(C1)C(=O)NC1CCN(Cc2ccn(c2)-c2ccc(cc2)C(F)(F)F)CC1,4.500312917
CN1CCN(CC1)c1cccc2c1CC(CO2)NC(=O)c1nn(nc1C)c1ccccc1,5.102372909
Cn1cnc(-c2cnc(N)c(O[C@H]3CN(C(=O)Cc4ccc(OC(F)(F)F)cc4)C[C@@H]3F)c2)c1,4.795880017
Cc1nsc(NC(=O)c2cc(Oc3ccc(C(=O)N4CCC4)cc3)cc(O[C@@H](C)CO)c2)n1,4.958607315
OCCN1CCN(CCC(=O)N2c3ccccc3Sc4ccc(cc24)C(F)(F)F)CC1,4.839999931
OC12CC3CC(C1)CC(C3)(C2)NC(=O)NC1CCN(Cc2ccn(c2)-c2ccc(cc2)C(F)(F)F)CC1,4.500312917
N#Cc1ccc(cc1)c1nnc(n1C)CCCCN1CC2[C@@](C1)(C2)c1ccc(cc1)C(F)(F)F,7.200659451
CC(C)N1CCC[C@H](Cn2c(C)nc3ncc(Oc4ccc(F)c5cccnc45)nc3c2=O)C1,4.480172006
Fc1cn(C[C@H]2CN(C(=O)O2)c2ccc(N3CCC(CC3)=CC#N)c(F)c2)nn1,5.625251654
OC(=O)C(N1CCC(CC1)N1CCC(CC1)Oc1ccc(Cl)c(Cl)c1)c1ccccc1,5.301029996
Clc1ccc(cc1)S(=O)(=O)NC(=O)N1CCC(CC1)N1CCC(CC1)Oc1ccc(Cl)c(Cl)c1,4.900001867
Cc1ccc(S(=O)(=O)N/N=C/c2cn(CC(=O)Nc3ccccc3Cl)c3ccccc23)cc1,4.729088361
O=C(c1ccc(cc1)NS(=O)(=O)C)C1CCN(CC1)CCc1ccccc1,7.337242168
Cc1oc(nc1COc1cccc(CN(CC(O)=O)C(=O)Oc2ccc(C)cc2)c1)-c1ccc(cc1)C#N,4.27572413
COc1ccccc1Oc1cccc(CN2CCC3(CC2)CCN(C(=O)c2cccc[n+]2[O-])CC3)c1,4.820000358
CC(C)c1ccc(-c2cc(CN3CC[Si](C)(C)CC3)nn2-c2ccc(F)cc2)cc1,5.698970004
C[C@H](C(=O)c1c[nH]c2c1cccc2)OC(=O)c1cccc(c1)S(=O)(=O)Nc1ccc2c(c1)OCO2,4.522878745
COc1ccc2c(C)nc(=O)n(CCN3CCC(CC3)NCc3cc4OCCOc4cn3)c2c1,4.48148606
CN(C)C(=O)N[C@H]1CC[C@H](CCN2CCN(CC2)c2cccc(Cl)c2Cl)CC1,4.684029655
CC6OC(OC4CC(O)C3(CO)C2C(O)CC1(C)C(CCC1(O)C2CCC3(O)C4)C5=CC(=O)OC5)C(O)C(O)C6O,4.820000358
COc1ccc(cc1)C1CN(CC1CCNC(=O)c1cccc(c1)Cl)CCc1ccc(c(c1)OC)OC,7.251811973
C[C@@H]1CCCN1CCc1ccc2nc(ccc2c1)-c1cn2CCSc2n1,4.397940009
COc1cccc2c1O[C@H]([C@H](C)S2(=O)=O)c1ccc(OCCCN2CCCC2)cc1,5.30980392
CCN=C(NS(=O)(=O)c1cccc(Cl)c1)N1CC2(CCNCC2)C=N1,5.102372909
COc1ccc2nccc(NC(=O)[C@H]3CC[C@@H](CC3)NCc3cc4OCCOc4cn3)c2n1,4.537602002
NC(=O)c1cccc(c1)OC1CC2CCC(C1)N2C(c1ccccc1)(C)C,5.795880017
FC(F)(F)c1c2nc(cc(c2ccc1)[C@H](O)[C@@H]1[NH2+]CCCC1)C(F)(F)F,5.591760035
CO\N=C\COc1ccc(CN2CCC(CC2)NC(=O)c2cc(=O)c3ccc(F)cc3o2)cc1F,5.494850022
CC(N1[C@H]2CC[C@@H]1C[C@H](C2)Oc1cccc(c1)C(N)=O)c1ccc(C)s1,9
CN1C2CCCC1CC(C2)NC(=O)c1cccc2c1nc(o2)N1C(C)CNCC1C,5.193820026
CS(=O)(=O)c1ccc(OCC[C@@H]2C[C@@H]2C2CCN(CC2)c2ncc(Cl)cn2)nc1,4.721246399
NS(=O)(=O)c1ccc(OCCCN2CCCCC2)cc1,4.031517051
COc1nccc(N2CCC3(CCN(C[C@H](O)c4ccc5c(c4C)COC5=O)CC3)C2=O)n1,5.086186148
NC1=N[C@@]2([C@H](CS1)C[C@H](OC2)c1onc(c1)C)c1ccc(cc1F)F,5.795880017
NC(=O)c1cccc(c1)OC1CC2CCC(C1)N2C1(CC1)c1ccccc1,5.721246399
C(CN1CCCCC1)Oc1ccc(Oc2nc3ccccc3o2)cc1,6
O=C1CCc2ccc(OCCCCN3CCCN(c4ccc(O)c5[nH]c(=O)ccc45)CC3)cc2N1,4.705533774
Cc1nc2cc3CCN(CCCSc4nnc(-c5cccc6nc(C)ccc56)n4C)CCc3c(C)c2o1,5.301029996
Cc1nn(C2CCN(C(=O)CO)CC2)c(C)c1Nc1ncc(Cl)c(-c2cnn3ccccc23)n1,4.657577319
Fc1ccc(cc1)[C@@H](NC(=O)c1ccc(cc1)S(=O)(=O)C)CCN1[C@@H]2CC[C@@H]1C[C@@H](C2)n1c(C)nc2c1cncc2,5.363512104
N#CNC(=Nc1ccc2c(c1)cc(o2)C)NC1CCCCN(C1=O)CC(=O)N1CCCC1,4.096910013
CN(CCOc1ccc(C)cc1)CCc1ccc(C)cc1,9
CCOC(c1cnc2n1C[C@@H](CC[C@H]2NC(=O)N1CCC2(CC1)OC(=O)Nc1c2cccn1)c1cccc(c1F)F)(C)C,5.133122186
CN1CCN(c2cnc3cc(C(F)(F)F)cc(NCc4cccc([N+](=O)[O-])c4)c3c2)CC1,7.30980392
O=C1S/C(=C\c2ccc(Oc3ccc(F)cc3)cc2)C(=O)N1c1ccc(OCCCCN2CCN(CC3CC3)CC2)cc1,5.468521083
COc1ccc2nccc([C@@H](O)[C@@H]3C[C@@H]4CCN3C[C@@H]4C=C)c2c1,4.639999555
COc1ccc(cc1O)[C@@H]1CC(=O)c2c(O1)cc(cc2O)O,3.539402961
CC(C)OC(=O)C1=CN(CC(C)(C)c2c1[nH]c1cc(F)ccc21)C(=O)c1ccc(OCCN2CCOCC2)cc1,4.522878745
O=c1cc(oc2c(cccc12)-c1cccc2c3ccccc3sc12)N1CCOCC1,4.853871964
CCCCCCCN(CC)CC#CCOc1ccc(Cl)cc1,7.236572006
OC[C@H](O)Cn1c2ccccc2n(C2CCN(C[C@H]3[C@H]4CC[C@H](C4)C33CC3)CC2)c1=O,4.602059991
C[C@@H]1CN(CCN1c1ncc(OCc2ccc(cc2C#N)S(C)(=O)=O)cn1)c1nnc(o1)C(F)(F)F,5.193820026
CCC(=O)OC(Cc1ccccc1)(c1ccccc1)C(C)CN(C)C,5.560004526
CC(C)CN([C@H]1CCNC1)C(=O)c1ccccc1-c1ccccc1,5.853871964
CCc1[nH]ncc1Cn1cc(-c2ccc(Cl)c(OC(F)F)c2)cn1,4.455931956
Fc1ccccc1COc1ccn(-c2ccc(OCCN3CCCC3)cc2)c(=O)c1,9
COc1cc(\C=C\c2nc3ccccc3c(=O)n2C)ccc1-n1cnc(C)c1,6.522878745
COc1ccc(cc1)[C@@H](C)N[C@@H]1CC[C@@H](C(=O)N2CCC(CC2)(c2ccccc2)c2cccnc2)C(C)(C)C1,5.017728767
CN(Cc1nnc(o1)-c1ccccc1)Cc1nc2ccccc2c(=O)[nH]1,4.48148606
COc1cccc(c1)N1CCN(CCN2CCN(CC2)C(C)C)C1=O,4.200000237
CCc1c(C2CCN(CC2)CCCSc2ccc(cc2)F)c2c(n1c1ccc(cc1)C(=O)O)cc(cc2)F,5.568636236
OC(CCN1CCCCC1)(C2C[C@H]3C[C@@H]2C=C3)c4ccccc4,4.969999718
COc1ccc2nccc(CC[C@H]3CC[C@H](NCc4ccc5c(n4)NC(=O)CO5)CC3)c2c1,6.387216143
Cc1ncoc1-c1nnc(SCCCN2CC[C@@]3(C[C@@H]3c3ccc(C(F)(F)F)cc3)C2)n1C,6.430041182
CN(C)c1ccc(-c2cc3nccnc3c(OC[C@H]3CCCNC3)n2)cn1,5
CC(C)(C)NC(=O)c1c[nH]c2ncc(nc12)-c1ncn2CCCCc12,5.387216143
CNC(C)c1ccccc1Oc1ccc(Cl)c(Cl)c1,5.41453927
CCCCNC[C@@H](O)c1cc(Cl)cc2c1-c1ccc(Cl)cc1\C2=C/c1ccc(Cl)cc1,5.260000691
CCCCc1cc(OC2CCN(CCCS(=O)(=O)CCC)CC2)c2ncccc2c1.Cl.Cl,7.540607512
CCCCCCC(n1cnc2c1ncnc2N)C(O)C,4.096910013
O[C@]1(CC[C@@H](CC1)N1CC(C1)NC(=O)CNc1ccnc2ccc(cc12)C(F)(F)F)c1cncs1,4.950781977
Cc1cccc(c1)C(=O)Nc1cccc(NC(=O)c2ccncc2)c1,4.522878745
C(c1ccccc1)c1ncc2CCNCCc2n1,4.657577319
CC[C@@]1(c2cccc(NS(C)(=O)=O)c2)[C@H]2CN(CCCC3(O)CCCCC3)C[C@H]21,6.148741651
O=C(CN1CCCC2=C1C(=O)N(C1CC1)C2=O)Nc1ccc(-c2cccnc2)nn1,4.318758763
OCc1ccc(OC2CCN(CC3CCN(CC3)[C@@H](Cc3ccccn3)C(O)=O)CC2)cc1Cl,1.480000159
O=C(c1cccc(c1)C(=O)O)N1CCC(CC1)(CCN1[C@@H]2CC[C@@H]1C[C@@H](C2)n1c(C)nc2c1cccc2)c1ccccc1,4.301029996
COC(=O)C1(CNC(=O)c2cc(OC)cc(OC)c2)CCN(Cc2ccccc2C(F)(F)F)CC1,5.302770657
Cc1ccc(-c2cc3c(N[C@@H]4CC[C@](C)(N)C4(C)C)c(C(N)=O)cnn3c2)cn1,5.096910013
COc1ccc(cc1)[C@H]1CN(CCC2CCOCC2)C[C@@H]1CC(=O)Nc1cccc(Cl)c1,7
O=C(C1CC1c1ccc(cc1)C(F)(F)F)N1CCN(CC1)S(=O)(=O)c1cc(cc(c1)C(F)(F)F)c1ncon1,5.920818754
FC1(F)CCN(C1)C(=O)[C@@H]1C[C@@H](CN1)N1CCN(CC1)c1ncccn1,3.899629455
COC(=O)C(CCC(=O)N(C)CCCc1nc2ccccc2[nH]1)(c1ccc(Br)cc1)C(C)C,4.903089987
CS(=O)c1cccc(c1)-c1ccc2ncc(-c3ccc(cc3)S(C)(=O)=O)n2n1,5.397940009
Cc1nc2ccccc2n1C1CC2CCC(C1)N2CCC1(CCN(CC1)C(=O)c1cccc(c1)S(N)(=O)=O)c1ccccc1,4.200000237
CCOC[C@@H](CC(C)C)NC(=O)[C@@H]1CNC[C@@H](C1)C(=O)N(C1CC1)c1ccc(cn1)C(C)C,5.15490196
Cc1nc(C(=O)NCCCN2CCN(CC2)c2cccc(Cl)c2Cl)c(C)n1-c1ccccc1,5.091514981
FC1CCC(C1)NCc1nn(c(c1C)c1cnc(c(c1)F)C)c1ncccc1Cl,4.387216143
CC(=O)N1C[C@H](C[C@@H]1C(=O)N1CCCN(CC1)C1CCC1)Oc1ccc(F)cc1,5
Cn1ncc(C(=O)N2CCC(CC2)Nc2cc(=O)[nH]c3ccc(F)cc23)c1Cl,4
CN(C)C(=O)[C@H]([C@H](N)C(=O)N1CC[C@H](F)C1)c1ccc(cc1)C1=CN2N=CNC2C=C1,4.065501549
C[C@H]1OC(=O)[C@@]2(CC(F)(F)[C@@H](C)[C@H](\C=C\c3ccc(cn3)-c3cccnc3C#N)[C@H]12)C(N)=O,4.22184875
Cc1cc2Sc3ccccc3c3c2c(c1)c1ccccc1[n+]3C,6
C[C@@H](Oc1cccc2ncnc(Nc3ccc(OCc4ccccn4)c(Cl)c3)c12)C(=O)N(C)CCO,4.920818754
C[C@@H]1CCCN1CCc1ccc(cc1)-c1ccc(cc1)S(=O)(=O)NC1CCOCC1,4.893146434
CCOc1cc(CN2CCC3(CC2)CCN(S(=O)(=O)c2cccnc2)CC3)cc(OCC)c1-c1ccc(F)cc1,6.677780705
COc1ccccc1CCN1CCC(CCc2cccc(OCCF)c2)CC1.Cl,6.096910013
O=C(c1ccc(c(c1)Cl)Cl)C1CCN(CC1)CCc1ccccc1,7.259637311
CCCC(=O)O[C@@H](C(=O)N1N=CC[C@H]1C(=O)NCc1cc(Cl)ccc1-n1cnnn1)c1ccc(F)cc1,4.823908741
N#Cc1cnc(cn1)Nc1ncc(c(c1)NC[C@H]1CNCCO1)c1ncc(s1)C,4.251811973
Nc1nc2cc3CCN(Cc4cccc(F)c4)CCc3cc2s1,5.167491087
CC(C)(C)NC(=O)C1N(Cc2ccc(F)cc2-c2ccc(F)cc2)C(=O)c2ccccc12,4.48148606
CC(C)c1cccc(c1)N1CCN(CCN2Cc3ccccc3C2)C1=O,5.301029996
O=C(Nc1nc2cccc(-c3ccc(CN4CCS(=O)(=O)CC4)cc3)n2n1)C1CC1,4.070581074
O=C(O)CCc1ccc2cccc(N3CCN(CCc4ccc(OCCCN5CCCCCC5)cc4)CC3)c2n1,4.800000875
CN(CCC(=O)NC1CC1)C(=O)c1ccc2n(C)c3CCC(Cc3c2c1)C1CCOCC1,4.48148606
NC1=NC2(CO1)c1cc(ccc1OC(C1CC1)C21COC1)-c1cncnc1,5
FC(F)(F)c1ccc(cc1)-n1ccc(CN2CCC(CC2)NC(=O)NC(c2ncc[nH]2)c2ccccc2)c1,4.896196279
Cn1cc(NC(=O)c2cccc(-c3ccnc(NCC4CC4)c3)c2)c(C(N)=O)n1,5.214670165
COc1ccc2nccc(NC(=O)[C@@]3(O)CC[C@@H](CC3)NCc3ccc4OCCOc4c3)c2n1,4.602059991
O([C@@H](C(C[C@H]([NH+](C)C)C)(c1ccccc1)c1ccccc1)CC)C(=O)C,5.661543506
CCOC(=O)c1cncc(c1)[C@]1(N[C@H](Cc2c1[nH]c1ccccc21)c1nc(c[nH]1)-c1ccc(F)cc1)c1cnn(C)c1,5.602059991
COc1ccc2c(n1)c(ccn2)C[C@@H]([C@@H]1CC[C@H](CO1)NCc1nnc2c(c1)OCCO2)O,4
COCC(=O)NC1CCN(CC1)c1nc(C)c2cc(NC(=O)\C=C\c3ccc(Cl)cc3)ccc2n1,5.920818754
COc1cc(ccc1-n1cnc(C)c1)-c1cn(CC(=O)N(C2CCCCC2)c2ccccc2)nn1,6.096910013
O[C@H]1CN(C[C@@H]2CCc3cccnc3[C@@H](O)C2)CC[C@@H]1c1ccc(F)cc1Cl,4.886056648
Cn1c(SCCCN2CC3CCN(c4ccccc4F)C3C2)nnc1-c1cnccn1,6
CO[C@@H]1C[C@H](Cc2ccc(Cl)cc2)N(C2CCN(c3nc(N)n[nH]3)CC2)C1,4.801342913
N#Cc1ccc2c(c1)[nH]c(n2)Cc1ccc(cc1)Oc1ccccc1,5.958607315
CS(=O)Cc1ccc(C(=O)Nc2nccnc2C(=O)NCC2CCC2)c2ccccc12,4.769551079
Cn1ncc(C(=O)N2[C@H]3CC[C@@H]2C[C@@H](C3)Nc2n[nH]c3ccc(F)cc23)c1Cl,4.48148606
Cc1cccc(C)c1[C@@]1(O)CC[C@@H](CC1)N1CC(C1)NC(=O)CNC(=O)c1cccc(c1)C(F)(F)F,5.119186408
Clc1ccccc1c1nc(nc2c1CNC(=O)N2c1c(Cl)cccc1Cl)S(=O)(=O)C,5.045757491
Cc1ccc(Cc2cccc(COc3ccc(C)cc3)[n+]2C)cc1,9
CCOC(=O)Nc1ccccc1[C@H](N1CCN(Cc2cscn2)CC1)c1ccc(cc1)C(=O)N(CC)CC,5.060480747
Cc1cnc(NC(=O)[C@H](COC2CCC2)Oc2ncnc3c2cnn3-c2ccccc2Cl)cn1,4.900001867
CC(C)c1noc(n1)-c1nnc2[C@@H](C)N(CCn12)C(=O)c1ccc(F)cc1,5.795880017
CN1C[C@@H]2C[C@@H](C[C@@H]2C1)N(Cc1ccc(F)c(c1)C(F)(F)F)C(=O)c1cn(C)cn1,5.769551079
CCOC(=O)COc1ccc2ncc(F)c(CCC34CCC(CC3)(CO4)NCc3ccc4OCC(=O)Nc4n3)c2n1,5.070581074
CCCCCCCN1CCC(C(=O)c2ccccc2)CC1,6.906578315
CCC(CC)CNc1c(C(N)=O)cnc2ccc(-c3ccc(CO)nc3)cc12,5.508638306
CC(C)n1c(C)ncc1-c1ccnc(Nc2ccc(cc2)C(=O)NCCO)n1,4.494850022
Cn1c(SCCCN2CC3CCN(c4ccc(F)cc4)C3C2)nnc1-c1cc[nH]c(=O)c1,5.300162274
Cc1ccc(cc1)C12CC1CNC2,4.349999603
Fc1ccc(Cn2cc(NCCN3CCC(F)(F)CC3)nn2)cc1F,5
CC(C)S(=O)(=O)N[C@@H]1COC[C@@H]1c1ccc(cc1)-c1ccc(F)nc1,4.899629455
O=S1(=O)CCC(COc2ccc3OC4(CCN(CC4)C4CCC4)CCc3c2)CC1,4.522878745
COc1nc2ccc(Br)cc2cc1[C@@H](c1ccnc(OC)c1OC)[C@@](O)(CCN(C)C)c1cccc(C)c1,6.27572413
CO[C@H](C[C@H](CCCCNCc1ccc(F)cc1)C(=O)NO)c1ccc(F)cc1,5.698970004
CN(c1ncnc2[nH]ccc12)[C@H]1CN(C(=O)CC#N)CC12CC2,3.920818754
CC(C)CO\N=C\COc1ccc(CN2CCC(CC2)NC(=O)c2cc(=O)c3ccc(F)cc3o2)cc1F,6.346787486
O=C(NC1(CC1)C#N)[C@@H]1CCCC[C@H]1C(=O)N1CCN(CC1)c1nc(cs1)C1CC1,4
CCN1CCC[C@@H](CN2CCN(CC2)C(=O)Nc2ccc(Cl)c(Cl)c2)C1,5.677780705
CC(N1CCC(CC1)n1c(C)nnc1C)CC(c1ccccc1)NC(=O)C1CCC1,6.07109231
CC(C)Cc1cc(C(=O)NCC2C3CN(CCC(C)(C)C)CC23)nn1-c1ccccc1,5.504455662
CC(N1CCN(CC1)C(=O)c1ccc(cc1)OC1CC(C1)N1CCCCC1)C,4.522878745
Cc1sc(-c2ccccc2Cl)cc1C(=O)N[C@@H](CN)c1ccccc1,5.173925197
Cc1cc(Nc2ncc(Cl)c(Nc3ccccc3S(=O)(=O)C(C)C)n2)c(OC(C)C)cc1C1CCN(C)CC1,5.474955193
CC(NC(=O)C1(N)CCN(CC1)c1ncnc2[nH]ccc12)c1cccnc1,4.477555766
Cn1c(SCCCN2CC3CCN(c4c(F)cccc4F)C3C2)nnc1-c1cnccn1,5.600326279
c1c(Cl)c(N)cc(OC)c1C(=O)N[C@@H]2[C@H](OC)C[N@@H+](CC2)CCCOc3ccc(F)cc3,7.349692477
OC1(CCCCC1N1CCC2(CC1)C(CNC2=O)c1ccccc1)c1ccc(F)cc1,5.744727495
N#Cc1cccc2c1ncn2c1ccc(s1)C(=O)NC1CC1,4.27572413
O=C(NC1N=C(c2ccccc2)c2c(N(C1=O)C)cccc2)C=Cc1ccc(cc1Cl)Cl,5.823908741
C[C@@H]1CCCN1CCCOc1ccc(cc1)-c1ccc(=O)n(C)n1,4.886056648
CCC(C)C(C)CN1CCC(CNC(=O)c2cc(Cl)cc(Cl)c2)CC1,6.054039296
CCN(CC)CCNC(=O)c1cc(Br)c(N)cc1OC,4.550000452
FC1CCN(C1)C(=O)C(C(C(=O)N(C)C)c1ccc(cc1)N(C(=O)c1ccc(cc1)F)C)N,4.045757491
C1CCC(CC1)C1N[C@H](Cc2c1[nH]c1ccccc21)c1nc(c[nH]1)-c1cnccn1,6.522878745
CO[C@@H]1COCC[C@@H]1N[C@@H]1CC[C@](C1)(C(C)C)C(=O)N1CCN(CC1)c1nncc(n1)C(F)(F)F,5.050609993
O=C1O[C@@]2(CN1c1ccccn1)CC[C@@H](CC2)c1nc2ccc(cc2[nH]1)C#N,4.900001867
C1CCC2(C1)[C@H]1CN(CC3CC3)C[C@@H]2CN(CC2CC2)C1,5.602059991
CC(=O)Nc1cc(-c2c(-c3ccc(F)cc3)nc([S+](C)[O-])n2C)ccn1,3.671620397
NC(=O)C(F)(F)CCOc1ccc2ncc(F)c(CCC34CCC(CC3)(CO4)NCc3ccc4OCC(=O)Nc4n3)c2n1,5.036212173
COc1cc(ccc1Nc1ncc(Cl)c(n1)-c1cnc2ccccn12)N1CCCN(CC1)C(C)=O,4.958607315
NC(=O)c1cccc(c1)OC1CC2CCC(C1)N2CC1CC1,5.13667714
COc1nc2ccc(CN)cc2cc1C(c1ccccc1)C(O)(CCN(C)C)c1cccc2ccccc12,5.769551079
O=C1CCCN1C1CCN(Cc2ccc(Oc3nc4ncccc4s3)cc2)CC1,5
CCOCC1(COCC)NC(Cc2c1[nH]c1c2cccc1)c1[nH]cc(n1)c1ccccc1,6.744727495
CS(=O)(=O)Cc1cc(nc(n1)-c1ccc(NC(=O)Nc2ccc(F)cc2)cc1)N1CCOCC1,4
Fc1ccc2c(c1)CC(=CC2=O)C(=O)NC1CCN(CC1)Cc1ccc2c(c1)OCCO2,4.913640169
Cc1c([C@@H](O)CN2CCC3(CC2)CCN(c2cncc(C#N)c2)C3)ccc2c1COC2=O,5.619788758
COc1ccccc1Oc1ccccc1CN1CCC2(CC1)CCN(CC2)C(=O)c1cc(Cl)c(Cl)cc1C(O)=O,0.02
COc1nc2c(CCC34CCC(CC3)(CO4)NCc3ccc4OCC(=O)Nc4n3)ccnc2cc1Cl,9
O=C(CCN1CCC(C1)c2ccccc2)c3ccc4OCCOc4c3,5.530001358
N#Cc1cnc(s1)Nc1ncnc(c1)N1CCC(C1)N,5.408935393
FC(F)(F)c1cccc(CN2CCC(CNC(=O)c3cc(Cl)cc(Cl)c3)CC2)c1,6.316052869
COc1nc(ccc1-n1cnc(C)c1)-c1nc(Nc2cc(ccc2F)C(F)(F)F)n(C)n1,5
COCc1ccc(-c2cc3c(N[C@@H](C)C4CCOCC4)c(C(N)=O)cnc3cc2F)cn1,5.050609993
O[C@]1(CC[C@@H](CC1)N1CC[C@H](C1)NC(=O)CNC(=O)c1cccc(c1)C(F)(F)F)c1cccnc1,9
Fc1ccc(c(c1)/C=C(/NC12CCC(CC1)(OC2)CC1(O)Cn2c3c1c(F)cnc3ccc2=O)\F)F,7.795880017
Cc1nc(C#Cc2ccnc(Cl)c2)c(C)n1-c1ccc(F)cc1,5.148741651
COc1ccc2ccc(=O)n(CCN3CCC(CC3)NCc3ccc4OCC(=O)Nc4n3)c2n1,4.657577319
NC(=O)C1CCCN1Cc1cn(c2c1cc(nc2)C(=O)N(O)C)Cc1ccc(cc1)F,5.065501549
C[C@H]1OC(=O)[C@@]2(CC(F)(F)[C@@H](C)[C@H](\C=C\c3ccc(cn3)-c3ccccc3C#N)[C@H]12)C(O)C(N)=O,4.22184875
CN1C[C@H]2CCCC[C@]2(C1)c1ccc(Cl)c(Cl)c1,5.387216143
OC1CCN(C1)S(=O)(=O)c1ccc(cc1)c1ccc(cc1)CCN1CCCC1C,5.15490196
Cc1ncc(OC[C@]2(C[C@H]2C(=O)Nc2ccc(F)cn2)c2ccccc2)c(C)n1,5.113509275
COc1cc(\C=C2/CCCN([C@@H](C)c3ccc(F)cc3)C2=O)ccc1-n1cnc(C)c1,5.920818754
CN(C)c1ccc(-c2cc3nccnc3c(NCCCCO)n2)cn1,4.499999679
CN(CCCC1(c2ccccc2)C(=NN2C1COc1c2cc(cc1)F)C(=O)C)C,5.229147988
Cn1c(CCCCN2CC3[C@@](C2)(C3)c2ccc(cc2)C(F)(F)F)nnc1c1cccn1C,6.698970004
Cc1ncc(nc1)c1cccc2c1CC(CO2)NC(=O)c1ccc(nc1)OCC(F)(F)F,4.500312917
CNCCCN1CCCc2c1ccc(c2)NC(=N)c1cccs1,4.522878745
O=c1[nH]c2ccccc2n1C1CCN(CC1)C1CCOCC1,4.199970641
FC(F)(F)Oc1ccc(CNC(=O)C2N(CCc3ccncc3)C(=O)c3ccccc23)cc1,5.292429824
Cc1cnc(cn1)-c1nnc(SCCCN2CCc3ccc4oc(nc4c3CC2)C(F)(F)F)n1C,5.900008766
C(CNCCC(c1ccccc1)c1ccccc1)Cc1ccccc1,9
CCOc1ccc2cc(-c3nn(CC4CCN(C)CC4)c4ncnc(N)c34)ccc2n1,5
COc1ccc2ncc(F)c([C@@H](O)CC[C@@H]3CCN(C4CC(c5cc(F)ccc5F)C4)C[C@@H]3C(=O)O)c2c1,4.066006836
FCC1SC(=N[C@@]2([C@H]1CC(OC2)c1onc(c1)C)c1ccc(cc1F)F)N,4.995678626
COc1ccc2ncc(F)c(CCC34CCC(CC3)(CO4)NC(=O)c3ccc4OCC(=O)Nc4n3)c2n1,4.522878745
COc1c(ccc2c1COC2=O)[C@@H](CN1CCN(CC1)C(=O)Cc1ccc(nc1)n1cnnn1)O,4.721246399
CN[C@@H]1C[C@H](c2ccc(Cl)c(Cl)c2)c2ccccc2C1,5.795880017
O=C1COc2ccc(CNC3CCN(CCn4c5cc(OCc6ccccn6)cnc5ccc4=O)CC3)nc2N1,4
O=P(N(c1cccnc1)c1cccnc1)(c1ccccc1)c1ccccc1,4.48148606
Cc1cc(ncn1)N1C(=O)N(C(=O)C11CCN(Cc2ncccc2C)CC1)c1ccc(cc1)-c1ccc(cc1C)C(O)=O,4.420216403
CC(C#N)=C1CCN(CC1)c1ccc(cc1F)N1C[C@H](Cn2ccnn2)OC1=O,3.671009145
Cn1cnc(c1)C(=O)N(Cc1cccc(c1)OC(F)(F)F)CC1C2C1CN(C2)CC1CCCC1,6.337242168
C[C@H]1CN(Cc2ccc(c(CN3CCOCC3)c2)-c2cccc(Oc3ncc(F)cc3C(=O)N[C@@H]3CC[C@@H](CC3)NC(=O)c3nc(C)cs3)c2)C[C@@H](C)N1,4.700000504
NC(C(=O)O)CSC(c1ccc(c(c1)C)C)(c1ccccc1)c1ccccc1,4.602059991
Clc1cccc(c1N1C(=O)NCc2c1nc(NCC(C)(C)C)nc2c1ccccc1Cl)Cl,5
CN(C)CC\C=C\1/c2ccccc2CSc3ccccc13,4.820000358
[O-][N+](=O)c1cn2C[C@@H](COc2n1)OC(=O)N1CCN(CC1)c1ccc(OC(F)(F)F)cc1,4.522878745
CC1CS(=O)(=O)CCN1N=Cc2oc(cc2)[N+](=O)[O-],4.589999287
Clc1ccc(cc1)c1cc2[C@@H](NC(=O)c3ccc4c(c3)[nH]nc4)CC(Oc2nc1c1ccc(cc1Cl)Cl)(C)C,6.200659451
O=C(c1ccc2c(c1)scn2)N1C[C@H]([C@H](C1)N)C(=O)N1CCCC1,3.522878745
COc1cnc2ccc(=O)n(CCN3CCC(CC3)NCc3cnc(C)c(n3)C#N)c2c1,4.161150909
C1CC(CCS1)C1N[C@H](Cc2c1[nH]c1ccccc21)c1nc(c[nH]1)-c1ccccc1,7
O(C(=O)C)[C@H]1[C@H]2[C@@H](O)[C@@H]3[C@@]4(CC2=C)C[C@@H]2N5[C@@H]([C@@]36[C@H]2[C@@](C[C@H](OC(=O)C)C6)(C5)C)[C@@]14O,3.331660684
Fc1cnc(CCN2C(C(=O)NCc3cccc(OC(F)(F)F)c3)c3ccccc3C2=O)nc1,4.619788758
C1CN2CCC1C(C2)c1nc(no1)-c1ccc(o1)-c1cccnc1,5.193820026
Cc1ccc2c(cccc2n1)-c1nnc(SCCCN2CCc3nc4ccc(cn4c3CC2)C(F)(F)F)n1C,5.301029996
O[C@@]1(CC23CCC(CC2)(CO3)NCc2cc3OCCOc3cn2)Cn2c3c1c(F)cnc3ccc2=O,3.416461181
FC(F)(F)c1cccc(c1)C(=O)NCC(=O)NC1CN(C1)[C@H]1CC[C@@H](CC1)c1ccc2nc[nH]c2c1,5.602059991
COc1cc2ccc(Br)cc2cc1[C@@H](c1ccccc1)[C@@](O)(CCN(C)C)c1ccc2occc2c1,6.397940009
Cl.COc1ccc(NC(=O)N2CCNC[C@@H]2COc2cccnc2)cc1,4.508638306
CC(C)(C)C1(O)CCN2CC3c4ccccc4CCc5cccc(C2C1)c35,6.280006174
N#Cc1cc(C(C)C)c2c(c1)nc(o2)c1ccc(cc1)C(=O)NCC1CCC(CC1)c1ccc(cc1)C(C)(C)C,4.522878745
ONC(=O)C=Cc1ccc2c(c1)CN(C2)C(=O)C1CCCCC1,4.522878745
COc1cc2c(cc1OC)nc(nc2N1CCC(CC1)CNS(=O)(=O)N)/C=C/c1cccnc1,5.48148606
Fc1ccc(cc1)[C@]1(OCc2cc(ccc12)C#N)CCC[NH+](C)C,5.400116928
Fc1ccc(cc1)-c1ccc(NC(=O)NCCCCN2CCCCC2)cn1,5.886056648
CC(c1ccc(cc1)OS(=O)(=O)C(F)(F)F)C(=O)NCCN1CCCC1,5
COc1cc(OC2CNC2)ccc1Nc1ncc(Cl)c(n1)-c1cnc2ccccn12,5.229147988
C[C@@H]1NC(=N[C@@]1(c1ccc(F)cc1)c1ccc(F)nc1)c1cccc(=O)[nH]1,5
C[C@H](O)CONC(=O)c1ncc2cncn2c1Nc1ccc(I)cc1F,5.48148606
CNCc1ccc(Cl)cc1Oc1ccc(F)c(c1)C(F)(F)F,6.058985756
C[C@H]1N(CCn2c1nnc2-c1ccccn1)C(=O)c1cccc(Cl)c1Cl,5
OCCNS(=O)(=O)c1ccc(cc1)-c1ccnc2[nH]c(cc12)C1CC1,4.300162274
OC1(c2ccc(F)cc2)CCN(c2ccc3nnc(C(F)(F)F)n3n2)CC1,4.740000205
C[S+]([O-])c1ccc(-c2cnc3ccc(Nc4cccc(S(C)(=O)=O)c4)nn23)cc1,5.627087997
COc1ccc(CCNCCCNC(=O)c2ccc(cc2)[N+]([O-])=O)cc1OC,6.397940009
COc1ccc(cc1)-c1nnc(o1)C(=O)N1CCC(CC1)Oc1ccc(CN2CCCC2)cn1,4.522878745
COc1ccc(cc1OC)CCNCCCC(c1ccc(c(c1)OC)OC)(C(C)C)C#N,5.420216403
CC(=O)c1cccc(CNc2cc(C(F)(F)F)cc3ncc(N4CCN(C)CC4)cc23)c1,4.028724151
CC1(C)Oc2ccc(cc2[C@H]([C@@H]1O)N3CCCC3=O)C#N,4.620000528
C[C@@H](N1CC(C1)c1ncccn1)c1nc2n(ncc2c(=O)[nH]1)C1CCCC1,4.271646218
Nc1nc(-c2ccc(F)cc2)c(-c2ccnc(Nc3ccc(N4CCNCC4)cc3)n2)s1,4.449771647
Cc1c([C@@H](O)CN2CCC3(CC2)CCN(c2ccc(=O)n(C4CCCC4)n2)C3=O)ccc2c1COC2=O,4.869666232
CC[C@@H](NC(=O)c1cc(C(=O)N2CCC[C@@H]2C)n2CCOCc12)c1ccc(cc1)C(F)(F)F,6
OC(c1ccc(cc1)F)c1ccc(cc1)F,4.004364805
Cn1cc(NC(=O)c2cncc(-c3ccnc(NCC4CC4)c3)c2)c(C(N)=O)n1,5.283996656
OC[C@H](CN1CCc2c(C1)sc(n2)c1ccc(cc1)OC1CC(C1)N1CCCCC1)O,4.522878745
CC(C)NC(=O)NS(=O)(=O)c1ccc(OCCCN2CCCCC2)cc1,4
Fc1ccc(cc1)C1(N2CCC3(CC2)[C@@H](CNC3=O)c2ccc(F)cc2)CCCCC1,5.886056648
CC1(c2cccc(-c3cncnc3)c2)N=C(N)c2c(F)cccc2O1,5.045757491
NC1=NC2(CO1)c1cc(ccc1OC(CCC(F)(F)F)C21CCC1)-c1cncnc1,5
c1ccc(cc1)c1c[nH]c(n1)C1NC(C2CCOC2)c2c(C1)c1ccccc1[nH]2,7.602059991
CC1CN(CCN1C(=O)C(=O)c1c[nH]c2c1nccc2)C(=O)c1ccccc1,4.096910013
Fc1cc(ccc1C(=O)N1CCCC1)-c1ccc2C(=O)N(CCN3CCCC3)CCc2c1,5.055517328
C[C@@H]1CC[C@H](N)CN1c1ccncc1Nc1ncc2ccc(-c3c(F)cccc3F)nn12,4.705533774
CC#Cc1cncc(c1)-c1ccc2OC(CC3CC3)C3(COC3)C3(COC(N)=N3)c2c1,5.283996656
COC1COCCC1N[C@@H]1C[C@H]2C[C@H](Cl)C[C@]2(C1)C(=O)N1CCc2ncc(cc2C1)C(F)(F)F,4.301029996
COc1cc(C)nc(Nc2cc(N[C@@H]3CS(=O)(=O)CC[C@@H]3N)cnc2C(N)=O)c1,4.522878745
CC(OC(=O)c1ccc(cc1)NC(=O)NC(C(=O)NC1CCC[N+](C1)(C)Cc1cccc(c1)O)Cc1ccc(cc1)O)C,5.600326279
OC1CN(CCC1c1ccc(cc1Cl)F)C[C@@H]1CCc2c([C@H](C1)O)nccc2,4.886056648
COc1nc(Nc2cccc3n(C)c(nc23)-c2ccc(F)cc2)ccc1-n1cnc(C)c1,5.070581074
Clc1cc(ccc1)CN1CC[C@@H]([NH2+]Cc2n(cnc2)Cc2ccc(cc2)C#N)C1=O,6.356547324
C[C@H](CCNC(=O)c1c(C)cc(Cl)nc1C)N1CCC(CC1)N(Cc1ccsc1)C(=O)CC#N,4.795880017
CCC1(c2cccc(-c3cncnc3)c2)N=C(N)c2ccccc2O1,5.795880017
NCCCOc1ccc2ncc(F)c(CCC34CCC(CC3)(CO4)NCc3ccc4OCC(=O)Nc4n3)c2n1,5.102372909
CCN(C1CCN(CC[C@H](C2CCN(CC2)S(C)(=O)=O)c2cc(F)cc(Cl)c2)CC1)C(=O)Cc1ccc(cc1)S(C)(=O)=O,4.853871964
Fc1ccc(c(c1)COC1CCc2c1nc(cc2)N1CCNCC1C)C,5.408935393
OCC(=O)NC1CCN(Cc2ccc(Oc3nc4ccccc4s3)cc2)CC1,5.004364805
CCOC(=O)C[C@H]1Cc2ccccc2C2(CCC(N3CCN(C4CCCCC4)CC3)CC2)O1,5.756218084
Cc1cc(ccc1Cl)C1CNCC=CC1,4.585026652
OC(=O)C1(COc2ccc3ncc(F)c(CCC45CCC(CC4)(CO5)NCc4ccc5OCC(=O)Nc5n4)c3n2)CC1,4.22184875
O=C(NC1(CC1)C#N)[C@@H]1CCCC[C@H]1C(=O)N1CCN(CC1)c1nc(cs1)-c1ccccc1,4.600326279
CN1CCN(c2cnc3cc(C(F)(F)F)cc(NCc4cccc(C#N)c4)c3c2)CC1,6.759450752
O=C(c1ccc(cc1)CN(c1nc2c(n1C)ccc(c2)C(F)(F)F)C1CCC(CC1)C(C)(C)C)Nc1nnn[nH]1,5
Cc1c([C@@H](O)CN2CCC3(CC2)CCN(c2ccnnc2)C3=O)ccc2c1COC2=O,4.568636236
COc1cc2nccc(CCC34CCC(CC3)(CO4)NCc3ccc4OCC(=O)Nc4n3)c2nc1C#N,9
CC(C(O)c1ccc2NC(=O)OCc2c1)N1CCC(O)(CC1)c1ccc(F)cc1,5.619788758
COc1c(cc(cc1C(C)(C)C)C(=O)NCC1CCN(CCCCCC(c2ccc(F)cc2)c2ccc(F)cc2)C1)C(C)(C)C,7
O=C1COc2ccc(CNC3CCN(CCn4c5cc(OCc6cccnn6)cnc5ccc4=O)CC3)nc2N1,4
OC[C@@H]1OC(=O)N(C1)c1ccc(cn1)c1ccc2c(c1)OC[C@H]1N2C(=O)O[C@H]1CO,4.397940009
CCNC(=O)c1ccc(cc1)C1=CC2(CCNCC2)Oc2ccccc12,4.92121704
O=C(c1cccc(c1Cl)Cl)N(c1ccccc1)C1CCNC1,5.102372909
CNC(=O)c1cnc(Nc2ccc(C)nn2)cc1Nc1ccccc1S(C)(=O)=O,4.366531544
COc1cc(Nc2nc(C)cc(N(C)C)n2)ccc1F,5.299997603
Fc1ccc(-c2nc(N3CCCC3)sc2-c2ccnc(Nc3ccc(N4CCNCC4)cc3)n2)cc1,5.251811973
Fc1cc2[nH]c(C(OC)=O)c(c2cc1)[C@@H]1C[NH2+]CC[C@H]1F,5.086186148
CS(=O)(=O)Cc1ccc(CN2[C@H]3CC[C@@H]2C[C@H](C3)Oc2cccc(c2)C(N)=O)cc1,9
CCN(CC)CCSCC(=O)OC1CC(C)(C=C)C(O)C(C)C23CCC(C)C1(C)C2C(=O)CC3,5.890016705
C(C1CN2CCC1CC2)N3c4ccccc4Sc5ccccc35,5.379999358
NC1=N[C@@](c2cccc(F)c12)(c1cccc(c1)-c1cncnc1)c1ccnc(c1)C(F)F,5.318758763
CCCN1C[C@H](CSC)C[C@H]2[C@H]1Cc1c[nH]c3cccc2c13,7
CC(=O)NC(=NN=Cc1c(Cl)cccc1Cl)N,5.050000457
CCOc1cc([C@](O)(CCN(C)C)[C@@H](c2cc3cc(Br)ccc3nc2OC)c2cccc3c2OCCO3)cc(OCC)n1,4.876148359
COc1cnc(cn1)C(=O)Nc1ccc2OC(C)(C)C3(COC3)[C@]3(COC(N)=N3)c2c1,5
COc1ccc(cc1)-c1nnc(o1)C(=O)N1CC(C1)Oc1ccc(CN2CCC(C)(O)C2)cc1,4.585026652
FC(F)(F)Oc1ccc(Oc2ccc(N3CCC4(CC3)OCCc3sccc34)cc2)cc1,5
Cn1cc(cn1)[C@]1(N[C@H](Cc2c1[nH]c1ccccc21)c1nc(c[nH]1)-c1ccc(F)cn1)c1nnc(N)o1,4.450996738
CCN1CCN(CC1)c1cc2[nH]c(nc2cc1Cl)S[C@]1(C)CCC(CC1)c1ocnn1,5.468521083
O=C1[C@@H]2CCN1c1cccc3ccc(Oc4cc(Cn5cncc5CCN2)ccc4C#N)cc13,5.091514981
Cc1n[nH]c2c1CN(C1=NC(NCc3c(F)cccc3C(F)(F)F)c3cccc(C(N)=O)c3N1)C2,4.900001867
CC(C)[C@@H](Oc1ccc(CNC(=O)[C@@H]2CCCN2C(=O)CC(N)Cc2cc(F)ccc2F)cc1)C(=O)O.O=C(O)C(F)(F)F,4.119186408
Cc1ncn(n1)-c1cc(Cl)c(C(=O)NC[C@@H](c2cccc(F)c2)c2nc3c(F)ccc(C)c3c(=O)[nH]2)c(Cl)c1,4.22184875
CNCc1cc(-c2cn(C)nc2-c2ccc(F)cc2)ccn1,4.417936637
Cn1cc(NC(=O)c2cccc(-c3ccnc(NCC4CC4)c3)n2)c(C(=O)N2CC(CN)C2)n1,4.397940009
O=C(Nc1ccc(F)cn1)[C@H](CN1CC(O)C1)Oc1ncnc2c1cnn2-c1ccccc1Cl,4.400000186
C[C@@H]1COCCN1c1cc(nc(n1)-c1cccc2[nH]ccc12)C1(CC1)S(C)(=O)=O,4.301029996
O=C(NC1CCN(C1)CCC1CCN(CC1)C(=O)c1ccccc1Cl)CNC(=O)c1cccc(c1)C(F)(F)F,5
CONC(=O)N(Cc1ccsc1)C1CCN(CC1)[C@H](C)CCNC(=O)c1c(C)cc(Cl)nc1C,5.397940009
Nc1ccc(cc1NC(=O)c1ccc(CNC(=O)CCc2cccnc2)cc1)-c1ccccc1,5.431798276
CCCCOc1ccc(cc1)C(=O)N[C@@H]1COc2cccc(N3CCN(C)CC3)c2C1,5.200659451
COc1cc(Nc2cnc(C#N)c(O[C@@H]3CCN(C)C3)n2)ncc1-c1cnn(C)c1,4.795880017
Cc1nc(oc1COc1cccc(CN(CC(O)=O)C(=O)Oc2ccc(C)cc2)c1)-c1ccc(Cl)cc1,4.698970004
O=C(c1cccc2c1nc(o2)C1CC1)NC1CN2CCC1CC2,6.15490196
O=C1COc2ccccc2N1CCCN1CCC(CC1)n1c2ccccc2[nH]c1=O,5.180456064
CC[C@H]1N(CCn2c1nnc2-c1nc(C)ns1)C(=O)c1ccc(F)cc1,4.15490196
CCCOC(c1ccccc1)(c1ccccc1)C(=O)OC1CCN(CC1)C,5
Clc1cnc(nc1)N1CCC(CC1)C1CC1CCOc1ccc(cn1)S(=O)(=O)C,4.721246399
Cc1[nH]nc2c1c(=O)n(CCCN)c1cc(C3CCCCC3)c(cc21)C1CCCCC1,5.27572413
ONC(=O)/C=C/c1ccc(cc1)CN(CC(F)(F)F)CCc1c[nH]c2c1cccc2,4.301029996
CCOC(=O)C1CCC(CC1)N1CC(C1)NC(=O)CNc1nn(c2c1cc(cc2)C(F)(F)F)C(=O)N,4.698970004
CN1CCC(CC1)NC(=O)c1ccc(cc1F)Nc1ncc(c(n1)c1cnc(n1C(C)C)C)F,4.494850022
CC1CCC(N1CCCNc1nnc(o1)c1ccc(cc1)NC(=O)c1ccccc1F)C,5.102372909
COc1cc(ccc1-n1cnc(C)c1)-c1cn(Cc2ccc(F)cc2)nn1,5.659555885
OC(CCN1C(CCCCCCC(=O)O)C(=O)NC1=O)C2CCCCC2,4.689999563
CC(=O)N[C@H](c1ccccc1)CCN1[C@@H]2CC[C@@H]1C[C@@H](C2)n1c(C)nc2c1cccc2,5.823908741
Cn1cc(cn1)[C@]1(N[C@H](Cc2c1[nH]c1ccccc21)c1nc(c[nH]1)-c1ccc(F)cc1)c1cncc(c1)C(O)=O,4.920818754
CC[C@H]1[C@@H]2C[C@@H]3N([C@@H]1O)[C@@H]1C2[C@@H](O)[C@]2([C@H]3N(C)c3c2cccc3)C1,5.982966661
COc1ccc(cc1)[C@H](N[C@@H]1CC[C@H](C(C1)(C)C)C(=O)N1CCC(CC1)(c1ccccc1)c1nnc(s1)C)C,5
CC(C)n1c(C)ncc1-c1nc(Nc2ccc(C(=O)N(C)C)c(F)c2)ncc1F,5.22184875
C[C@H](CCNC(=O)c1c(C)cc(Cl)nc1C)N1CCC(CC1)N(Cc1ccsc1)C(=O)NCc1ccc(cc1)C(O)=O,4.301029996
Cc1cc(-n2cnnn2)ncc1CC(=O)N1CCN(CCc2ccc3c(c2C)COC3=O)CC1,5.040958608
C[C@@H](N[C@@H]1CC[C@@H](C(=O)N2CCC(CC2)(C(=O)N2CCCC2)c2ccccc2)C(C)(C)C1)c1ccc(F)cc1,5
COC1COCCC1N(C1CCC(C1)(C(C)C)C(=O)N1CCN(CC1)c1nncc(c1)C(F)(F)F)C,4.27572413
CNC(=O)[C@@H]1C[C@H](N2CCc3c(cccc3OCCC3CC3)C2)CN1C(=O)c1ccc(CN)c(OC)c1,4.958607315
Clc1cnc(nc1)N1CCC(CC1)C1CC1CCOc1ccc(cc1)n1ccnn1,4.721246399
CC(C)(C)c1cc(CN2CCN(CCCCCC(c3ccc(F)cc3)c3ccc(F)cc3)CC2)cc(c1)C(C)(C)C,7
COc1cc2nnc(c(c2cc1N1CCN(CC1)C)Nc1cc(C)ccc1F)C(=O)N,4.744727495
CCc1cc(ccc1C)C(SC[C@H](N)C(O)=O)(c1ccccc1)c1ccccc1,4.602059991
CCCCCCCCCCCCCCCC[N+](C)(C)CCN(Cc1ccc(OC)cc1)c2ncccn2,6.560036064
Cn1c(SCCCN2CC3CCN(c4ccc(C(F)(F)F)cc4)C3C2)nnc1-c1ccccn1,6.799970733
Cc1cccnc1CN1CCC2(CC1)N(C(=O)N(C2=O)c1ccc(cc1)-c1ccc(cc1C)C(O)=O)c1cnccn1,5.142667504
CCc1nn2c(C)cc(C)nc2c1Cc1ccc(CCCC2(O)CCN(C(C)C)CC2)cc1,5.244125144
CCN(CC)C(=O)c1ccc(cc1)C(N2CC(C)N(CC=C)CC2C)c3cccc(OC)c3,5.790002704
COc1ccc(CCN2CCC(Nc3nc4ccccc4n3CCC(C)C)CC2)cc1,6.674279142
Cc1cccc(Nc2nc(N[C@@H]3COC[C@@H]3N)ncc2C(N)=O)c1,5.399996913
Fc1ccc(cc1)CCN1CC(=O)N(CC1)[C@H]1CCc2cc(ccc2C1)CN1CCCCC1,4.958607315
CNC(=O)c1ccc(c(F)c1)-c1ccc2C(=O)N(CCN3CCCC3)CCc2c1,5.431798276
Fc1ccc(-c2c[nH]c([C@H]3Cc4c([nH]c5ccccc45)[C@@H](C4CCOCC4)N3)n2)nc1,5.758951849
[O-][N+](=O)c1ccc2OCC(=O)N(CCN3CCC(CC3)NCc3ccc4OCC(=O)Nc4n3)c2c1,4.614393726
CO[C@@H]1COCC[C@@H]1N[C@@H]1CC[C@](C1)(C(C)C)C(=O)N1CCN(CC1)c1cc(ccn1)C(F)(F)F,5.769551079
Cc1c([C@@H](O)CN2CCC3(CC2)CCN(c2ccncc2)C3=O)ccc2c1COC2=O,4.709965389
N#Cc1cncc(c1)-c1cc2sc(nc2cn1)N1CCC(CC1)N1CCCCC1,5.176089088
C[C@H]1OC(=O)[C@@]2(CC(F)(F)[C@@H](C)[C@H](\C=C\c3ccc(cn3)-c3cccc(F)c3)[C@H]12)N1CC(C1)C(N)=O,5.522878745
COc1cccc2c1OC(c1ccc(cc1)OCCCN1CCCC1C)C(S2(=O)=O)C,5.537602002
CCOC(=O)N1CCC(CN2CCC3(CC2)CC(=O)N(CC)c2ncccc32)CC1,5.539102157
ONC(=O)\C=C\c1cccc(c1)S(=O)(=O)Nc1ccccc1,4.522878745
NC1=NC2(CO1)c1cc(ccc1OCC21CC1)-c1cncnc1,5
O=C(N1CC(C1)Oc1ccc(CN2CC3(C2)CCOC3)cc1)c1nnc(o1)-c1ccccc1,4.795880017
C(c1ccccn1)C1(CCNC1)c1ccc2[nH]ccc2c1,4.522878745
COc1ccccc1N1CCN(Cc2nc3c4cccc(OC)c4nc(N)n3n2)[C@H](C)C1,4.322393047
O=C(c1cccc(c1Cl)Cl)N(C1CNCC1)CCC1CC1,5.148741651
COc1cc(F)cc2c1nnc1c2c(-c2ccncc2C)nn1C,4.761953897
C[C@@H](c1ccc(-c2cccc(-c3nn[nH]n3)c2)cc1)[C@H](N)C(=O)N1CC[C@H](F)C1.O=C(O)C(F)(F)F,4.229147988
Fc1ccc(cc1)C(Cc1ccccc1OC(F)(F)F)N1CCNCC1,5.121093484
OC(=O)[C@@H]1C[C@@H]1COc1ccc2ncc(F)c(CCC34CCC(CC3)(CO4)NCc3ccc4OCC(=O)Nc4n3)c2n1,4.346787486
Clc1ccc(cc1)C(=O)C1CCN(CC1)CCc1ccccc1,7.124938737
Cc1ncoc1-c1nnc(SCCCN2CC3CC3(C2)c2ccc(F)c(c2)C(F)(F)F)n1C,5.778142565
O=C1COc2ccc(CNC3CCN(CCn4c5cc(O[C@@H]6CCOC6)cnc5ccc4=O)CC3)nc2N1,4
CCN1C[C@H]2C[C@]2(C1)c1ccc(NS(=O)(=O)c2ccc(cc2)C(C)C)cc1,5.900008766
NC(=O)CN1CCc2c(C1)sc(n2)c1ccc(cc1)OC1CC(C1)N1CCCCC1,4.522878745
Cc1cc(OC2CCN(CC3CCN(CC3)[C@@H](Cc3ccc(F)cc3)C(O)=O)CC2)ccc1Cl,4
C[C@H]1Cc2c([nH]c3ccc(F)cc23)[C@@]2(N1)C(=O)Nc1ccc(Cl)cc21,4.522878745
CC(C)NC(=O)c1cn(-c2cccc(c2)-c2cccc(c2)C(C)=O)c2ncccc2c1=O,5.15739076
CN([C@H]1CCCC[C@H]1N2CCCC2)C(=O)Cc3ccc(Cl)c(Cl)c3,5.199998172
Cc1nc(C)c(s1)-c1nnc(SCCCN2CCC3(CCc4ccc(Cl)cc34)C2)n1C,5.602059991
Clc1cccc(c1)N1CCN(C1=O)CCN1CC2(CC1CC(C2)(C)C)C,5.899629455
Cc1c2COC(=O)c2ccc1[C@@H](O)CN1CCN(C[C@H](O)c2ccc(cn2)C#N)CC1,4.698970004
O[C@@]1(CC23CCC(CC2)(CO3)NCc2cc3OCCOc3cc2Cl)Cn2c3c1c(F)cnc3ccc2=O,4.22184875
CCc1oc(CCc2cc(cc(NCCC#N)n2)N2CCOCC2)nc1C,5.795880017
Cc1c([C@@H](O)CN2CCC3(CC2)CCN(c2ccc(S(C)(=O)=O)nc2)C3)ccc2c1COC2=O,4.528708289
Cc1c(CN([C@H]2CCNC2)C2CCOCC2)cccc1C(F)(F)F,5.537602002
O=c1cnc2ccc(F)c3c2n1C[C@@]3(O)CN1CCC(NCc2cc3c(cn2)OCCO3)CC1,3.68613278
CSc1ccc(Oc2ccccc2CN(C)C)cc1,5.522878745
Cc1ncc(s1)c1nnc(n1C)CCCCN1CC2[C@@](C1)(C2)c1ccc(cc1)C(F)(F)F,6.102372909
CC(C)[C@@H](Oc1ccc(CNC(=O)[C@@H]2CCCN2C(=O)CC([NH3+])Cc2c(F)c(F)c(F)c(F)c2F)cc1)C(O)=O,4
CC[C@H]1OC(=O)[C@H](C)[C@@H](OC2CC(C)(OC)C(O)C(C)O2)[C@H](C)[C@@H](OC2OC(C)CC(C2O)N(C)C)[C@@](C)(C[C@@H](C)C(=O)[C@H](C)[C@@H](O)[C@]1(C)O)OC,4.480172006
COc1cc(ccc1Cl)N1CCN(CC1)C(=O)Cn1nc(c(Cl)c1C)C(F)(F)F,4.795880017
COc1nccnc1[C@H](C)C1=C(CCN(C)C)Cc2ccccc12,5.119186408
C[C@H]1N(CCn2c1nnc2-c1nc(C)ns1)C(=O)c1ccc(cc1)C#N,4.229147988
CN1CCC(CNc2ccc3ncc(-c4cccc(OC(F)(F)F)c4)n3n2)CC1,6.008773924
Fc1cnc2ccc(nc2c1CCC12CCC(CC1)(CO2)NCc1ccc2OCC(=O)Nc2n1)C#N,9
CNCc1ccc(Cl)cc1Oc1cccc(Cl)c1,5.677780705
C[C@H](c1c(CCN(C)C)sc2ccccc12)c1cccnc1,5.301029996
CCC(c1cnc2n1C[C@@H](CC[C@H]2NC(=O)N1CCC2(CC1)OC(=O)Nc1c2cccn1)c1cccc(c1F)F)(OC)CC,6.096910013
S1[C@H](NC=C1[C@@H](c1cc(OC(C)(C)C)c(OC(F)F)cc1)c1cc[n+]([O-])cc1)C(O)(C)C,4.233587153
Clc1ccc(cc1)C1CCN(CCN2CCN(C2=O)c2cccc(Cl)c2)CC1,9
COc1ccc(cc1CO)-c1ccc2c(nc(nc2n1)N1C[C@H](C)O[C@H](C)C1)N1CCOCC1,5.080921908
OC1(Cc2ccccc2)CCN(CC1)C(=O)NC1CCN(Cc2ccn(c2)-c2ccc(cc2)C(F)(F)F)CC1,5.102372909
OC(=O)c1cccc(CN2CCC(CN3CCC(CC3)Oc3ccc(Cl)c(Cl)c3)CC2)c1,4.700000504
Fc1cc(OCC2CC2CC2CCN(CC2)c2ncc(Cl)cn2)ccc1C(=O)NC1CC1,5.920818754
CCOc1cc(C(O)(CCN(C)C)C(c2cc3cc(Br)ccc3nc2OC)c2ccnc(OC)c2OC)cc(OC(C)C)n1,5.107905397
O=c1ccc2ncc(F)c3c2n1C[C@@]3(O)CN1CCC(NCc2cc3c(cn2)OCCO3)CC1,3.508638306
CC1(C)Oc2c(cccc2CN2CCC3(CC2)CCN(CC3)C(=O)c2ccc(N)cn2)C1(F)F,4.510041521
C=CC(=O)N[C@H]1CCN(c2ccc(C(N)=O)c(Nc3ccc(N4CCCCC4)cc3)n2)C1,5.48148606
COc1cc(ccc1n1cnc(c1)C)c1nnn(c1)C1C[C@H](CCN(C1=O)CC(F)(F)F)c1ccccc1,5.653647026
CC(C)[C@]1(C)CC(=O)N(Cc2cc(F)cc(c2)C(=O)N[C@@H](C)c2ccccc2)C(=N)N1,5.045757491
CN1[C@H]2CC[C@@H]1C[C@H](C2)Oc1cccc(c1)C(N)=O,9
CC(C)OC(=O)C1=CN(CC(C)(C)c2c1[nH]c1ccccc21)C(=O)c1ccc(OCCCN2CCOCC2)cc1,5.244125144
CCCN(CCC)[C@H](c1ccccn1)[C@@H](c1ccccn1)N(CCC)CCC,5.200659451
CC1CCCN1CCCOc1ccc(cc1)c1ccc(=O)n(n1)c1ncccn1,5
Cc1ncc(nc1)c1nnc(n1C)CCCCCN1CC2[C@@](C1)(C2)c1ccc(cc1)C(F)(F)F,5.600326279
COc1cc(CN2CCN(CCCCCC(c3ccc(F)cc3)c3ccc(F)cc3)CC2)cc(OC)c1OC,6.397940009
COc1ccc(cc1)C(=O)N(c1nccc(c1)C)C1CCN(CC1)c1nccc(c1)N,5.694648631
COc1ccc2nnc(=O)n(CCN3CCC(CC3)NCc3ccc4OCC(=O)Nc4n3)c2c1,4.48148606
COc1cccc2c3nc(CN4CCN(C[C@H]4C)c4ccncc4)nn3c(N)nc12,5.660747366
CC#Cc1cncc(c1)-c1ccc2OC(CCC(F)(F)F)C3(COC3)C3(COC(N)=N3)c2c1,6
C[C@H]1N(CCn2c1nnc2-c1nc(C)c(C)s1)C(=O)c1ccc(cc1)-c1cccs1,4.920818754
Cc1cccc(CN2[C@H]3CC[C@@H]2C[C@H](C3)Oc2cccc(c2)C(N)=O)c1,9
FC(F)(F)c1cnc2CCN(Cc2c1)C(=O)[C@@]12CCO[C@@H]1C[C@H](C2)NC1CCOCC1,4.366531544
Fc1cnc2ccc(nc2c1CCC12CCC(CC1)(CO2)NCc1ccc2OCC(=O)Nc2n1)N1CCOCC1,9
CS(=O)(=O)Cc1cc(nc(n1)-c1cccc2[nH]ccc12)N1CCOCC1,4.494850022
O=C(N1CCC(CC1)CNc1ncccn1)OCc1ccccc1F,5
Cc1ncoc1-c1nnc(SCCCN[C@H]2CC[C@@]3(CC23)c2ccc(cc2)C(F)(F)F)n1C,5.602059991
Cc1nc2ccccc2c(=O)n1-c1ccc(O[C@H]2CC[C@H](CC2)N2CCCC2)cc1,5.096910013
FC(F)(F)CCOc1ccc(CNC(=O)C2N(CCc3ccccn3)C(=O)c3ccccc23)cn1,4.698970004
Clc1ccc2c(c1)N1N=C(C(C1CO2)(CCCN1CCOCC1)c1ccccc1)C(=O)C,5.48148606
OC(C(N1CCNCC1)c1ccccc1)(c1cccnc1)c1cccnc1,5.638272164
Cc1ccc(cc1)Cn1c(nc2c1cccc2)C1CNCCO1,6.142064735
NCc1c(C)nc2c(c1c1ccc(cc1Cl)Cl)CN(C2=O)CC(=O)N1CCC(CC1)C(=O)N,4.096910013
O=C(O[C@@H](CC1[N+](C)C(CC1)[C@@H](C(=O)OCC)1)1)c1ccccc1,5.920818754
COc1cc(ncc1C#N)C(O)CN1CCN(CCc2ccc3C(=O)OCc3c2C)CC1,5.193820026
Fc1ccc(cc1)[C@@H](NC(=O)c1cc[n+](cc1)[O-])CCN1[C@@H]2CC[C@@H]1C[C@@H](C2)n1c(C)nc2c1cncc2,5.829738285
COc1cc(Nc2cccc3n(C)c(nc23)-c2ccc(F)cc2)ccc1-n1cnc(C)c1,5.698970004
Fc1cc2onc(c2cc1)C1CC[NH+](CC1)CC[C@@H]1C(=NC2=[N+](CCC[C@H]2O)C1=O)C,6.823908741
NCC1(COc2ccc3ncc(F)c(CCC45CCC(CC4)(CO5)NCc4ccc5OCC(=O)Nc5n4)c3n2)CC1,5.119186408
C(CN1CCCC1)Oc1ccc2Nc3nccc(n3)-c3ccc(COC\C=C\COCc1c2)s3,5.142667504
O=C(CCNC(=O)c1cccc([N+](=O)[O-])c1)Nc1nc(=O)[nH]cc1F,3.44833047
Cc1c(ccc(F)c1C#N)[C@H]1CN2CCN(C[C@H]2CO1)C(=O)Cc1ccc(nc1)-n1cnnn1,4.903089987
C[N@@H+]1CCCC[C@H]1CCN2c(cccc3)c3Sc(c24)ccc(c4)[S@](=O)C,6.489991487
Fc1ccc(CCN2CCN(CC2)C(=O)c2cccn3ccnc23)c(F)c1,5.721246399
CCOc1ccc2c(c1)oc(cc2=O)C(=O)NC1CCN(CC1)Cc1ccc2c(c1)OCO2,5.13076828
Fc1ccc2c(c1)CC(=CC2=O)C(=O)NC1CCN(CC1)Cc1cc2OCOc2cc1Cl,4.869666232
NC(Cc1cc(F)c(cc1F)F)CC(=O)N1CCNC(=O)C1COC(C)(C)C,4.099086932
Cc1nc(cc(n1)C(C)(C)C)C(=O)NCCCN1CCN(CC1)c1cccc(C)c1C,5.229147988
O=C1N(\C(S\C1=C1/SC(=NN1c1ccccc1)c1ccccc1)=N\c1nc(cc(-c2ccccc2)c1C#N)-c1ccccc1)c1ccccc1,5.602059991
C[C@@H]1CN(CCN1c1ncc(OCc2ccc(cc2F)-n2cnnn2)cn1)c1nnc(o1)C(F)(F)F,5.244125144
FC(F)(F)Oc1ccc(CNC(=O)C2N(CCC#N)C(=O)c3ccccc23)cc1,4.585026652
Cc1ccc(cn1)[C@]1(O)CC[C@@H](CC1)N1CC(C1)NC(=O)CNC(=O)c1cccc(c1)C(F)(F)F,4.455931956
O=C(N1CCC(C1)NC1CCC(CC1)(O)c1ccc(cn1)c1nccs1)CNC(=O)c1cccc(c1)C(F)(F)F,4.619788758
O=C(C(C)(C)C)N1CCC(CC1)(CCN1[C@@H]2CC[C@@H]1C[C@@H](C2)n1c(C)nc2c1cccc2)c1ccccc1,6
Cc1ccc(cn1)[C@@H]1CC[C@@H](CC1)N1CC(C1)NC(=O)CNc1n[nH]c2ccc(cc12)C(F)(F)F,4.568636236
COC1COCCC1N[C@@H]1C[C@H]2C[C@H](C[C@]2(C1)C(=O)N1CCc2ncc(cc2C1)C(F)(F)F)C(N)=O,4.301029996
CC(C)(C)Oc1ccc(cn1)[C@]1(O)CC[C@@H](CC1)N1CC(C1)NC(=O)CNC(=O)c1cccc(c1)C(F)(F)F,5.259637311
O=C1CN(C(=O)N1CC(F)(F)F)Cc1ccc(cc1)c1cccc(n1)CN1CCCCC1,5
C[C@H]1CN(C[C@@H](C)O1)c1nc(N2CCOCC2)c2ccc(nc2n1)-c1cccc(CNCCO)c1,4.886056648
CCN(C)c1cc(cc(COCC2(CCN(C)CC2)c2ccc(F)cc2)n1)C(F)(F)F,5.214670165
CCOC(=O)C1CCN(CCCCOc2ccc(cc2)S(=O)(=O)NC(=O)Nc2ccccc2)CC1,4
CN1CCCC[C@@H]1C(=O)Nc1c(C)cccc1C,3.809999893
Fc1ccc(c(c1)F)[C@@]12COC(C[C@H]2CSC(=N1)N)c1cnn(c1)C,5.30980392
CN(C\C=C\c1ccccc1)Cc2cccc3ccccc23,4.710001025
CCCN([C@H]1CCNC1)C(=O)c1ccccc1C(C)C,4.698970004
Fc1ccc2c(c1)oc(cc2=O)C(=O)NC1CCN(Cc2ccccc2)CC1,9
O=C(C(C(C(=O)N1CCC(C1)(F)F)N)c1ccc(cc1)c1ccn2c(n1)ccn2)N(C)C,4
COc1cc(F)ccc1-c1cccc(CNC2CCCC2)n1,5.207608311
Cc1nc2C(O)CCCn2c(=O)c1CCN1CCC(CC1)c1noc2cc(F)ccc12,5.906578315
CSc1ccc([C@@H]2N=C(OCc3ccc(NS(C)(=O)=O)cc3)N(C)Cc3ccccc32)cc1.Cl,4.251811973
O=C1CCc2c(N1)ccc(c2)[C@@H]([C@H](N1CC[C@](CC1)(O)c1ccc2c(c1)COCC2)C)O,4.795880017
O=C(NC1CC1)c1cn(-c2cccc(c2)C#Cc2cccnc2)c2ncccc2c1=O,4.777283529
Cc1ncoc1-c1nnc(SCCCN2CC3CC3(C2)c2ccc(OC(F)(F)F)cc2)n1C,6.573976984
NC1=NC2(CO1)c1cc(ccc1OC1(CCC1)C21COC1)-c1cncc(F)c1,5
O=C1OCc2cc(CCC3CCN(C(=O)Cc4ccc(-n5cnnn5)cn4)CC3)ccc21,5.698970004
COc1ccc(CCN2C[C@H](CNC(=O)c3cccc(Cl)c3)[C@H](C2)c2ccc(OC)cc2)cc1,9
C[C@@]1(c2cc(CNCC(F)F)c(F)cc2F)CCSC(N)=N1,4.832682665
CC(C)Oc1cc([C@@](Cc2ccccc2)(NC(=O)C(N)C(O)(C(F)(F)F)C(F)(F)F)c2cc(F)cc(OC(F)(F)C(F)F)c2)ccc1F,4.356547324
NC1=NC2(CO1)c1cc(ccc1OCC21CC1)-c1cncc(OCC(F)(F)F)c1,5.236572006
COc1nc2ccc(C(=O)O)cc2cc1C(c1ccccc1)C(O)(CCN(C)C)c1cccc2ccccc12,5
C(CCN1CCN(CC1)c1ccccn1)CCCN1CCN(CC1)c1ccccn1,5
Fc1ccc(cc1)C(NC(=O)CC1CCN(Cc2ccn(c2)-c2ccc(cc2)C(F)(F)F)CC1)c1ccc(=O)[nH]c1,4.500312917
O=C(O)CN1CCC2(CC1)CCN(c1ccc(-c3nc4cc(C(F)(F)F)ccc4[nH]3)cn1)CC2,5.318758763
O=C(N(c1ccccc1)C1CCNC1)c1ccccc1Oc1ccccc1,5.55129368
COC(C(N)=O)[C@@]12CC(F)(F)[C@@H](C)[C@H](\C=C\c3ccc(cn3)-c3ccccc3C#N)[C@@H]1[C@@H](C)OC2=O,4.321481621
OC(=O)[C@H](Cc1ccc(Cl)cc1)N1CCC(CN2CCC(CC2)Oc2ccc(Cl)c(Cl)c2)CC1,5.399996913
COc1ccc(N2CCC3CN(CCCSc4nnc(-c5cnccn5)n4C)CC32)cc1,6.102372909
O1CCC(CC1)C1NC(Cc2c1[nH]c1c2cccc1)c1[nH]cc(n1)c1ccccc1,6.420216403
O=C(NCC1(CCCCC1)N1CCOCC1)N1CCC(CC1)c1nc(no1)-c1ccc2ccccc2n1,5.366531544
COc1ccc2ncc(F)c(CC(F)C34CCC(NCc5ccc6c(n5)NC(=O)CO6)(CC3)CO4)c2n1,5.494850022
C[C@H]1SC(N)=N[C@]2(CO[C@H](C[C@@H]12)c1nc(C)co1)c1ccc(F)cc1F,5.318758763
CN1CCCC1COc1ccc(cc1)-n1ccc(OCc2ccccc2)cc1=O,9
COc1ccc(CCCN2[C@@H](CN(NS(C)(=O)=O)C2=O)c2ccc(OC)cc2)cc1,4.844663963
CN1C(C)(C)CC(Nc2nc3c(-c4ccc(C(=O)N5CCN(S(C)(=O)=O)CC5)cc4)cnn3c(N)c2-c2ccccc2)CC1(C)C,4.853871964
CCN(CC)c1ccc(NC(=O)C2(CCc3cccc(OC)c3C2)N(C)C(=O)OCC(C)C)cc1,5.214670165
O[C@H](CNC(=O)c1c[nH]c(=O)c2cc(ccc12)S(=O)(=O)NC1CC1)CN1CCC(CC1)Oc1ccc(Cl)c(Cl)c1,6.100015437
O=c1cc(o[nH]1)[C@H]1CCN[C@@H](CCc2ccccc2)C1,0
O=C(c1ncc2c(c1)cccc2)NCCCCN1CCN(CC1)c1cccc(c1Cl)Cl,6.698970004
CC(C)c1cn(-c2ccc(F)cc2)c2ccc(Cl)cc12,5
C[C@H]1N(CCn2c1nnc2-c1nc(C)ns1)C(=O)c1ccc(F)c(F)c1F,4.15490196
[O-]C(=O)c1cccc(Cc2cc(Cl)ccc2OCc2ccc(Cl)cc2F)n1,4.500312917
CCCCCCC[N+](CC)(CC)CC#Cc1ccc(Cl)cc1.Cc1ccc(S(=O)(=O)[O-])cc1,7.397940009
COc1ccc2ncc(F)c(CC(N)C34CCC(NCc5ccc6c(n5)NC(=O)CO6)(CC3)CO4)c2n1,4.835647144
O=c1cc(OCc2ccccc2)ccn1-c1ccc2n(C[C@@H]3CCCN3)ncc2c1,5.698970004
O=C1CN(c2cc3nccnc3c(NC[C@H]3CCCNC3)n2)CCN1,4.300000202
Cc1c(ccc(F)c1C#N)[C@@H]1CN2CCN(C[C@H]2CO1)C(=O)Cc1ccc(cn1)-n1cnnn1,4.692503962
FC1CCC(C1)NCc1nc(n(c1C(C)C)c1cc(F)cc(c1)F)C,4.468521083
O1[C@@H]2[C@]34[C@@]5([C@H]([NH+](CC3)CC3CC3)Cc3c4c1c(O)cc3)C[C@H]([C@@](O)(C(C)(C)C)C)[C@]2(OC)CC5,5.120330794
CCCC[C@@H](CCO)Nc1nc(N)nc2c1CN(C(=O)c1cccs1)CC2,5.161150909
CCN1CCC(CC1)Nc1ccc2NC(=O)C(=C(c3ncc[nH]3)c3ccc(Cl)cc3)c2c1,5.472756884
Clc1ccc(s1)C(=O)NC[C@@H]1OC(=O)N2[C@H]1COc1cc(ccc21)N1CCOCC1=O,4.098269308
Clc1cc2c(n(cc2C2CC[NH+](CC2)CCN2CCNC2=O)-c2ccc(cc2)CCOC)cc1,3.882728704
OC(CN1CCN(CC1)Cc1ccc(cc1)Cl)COc1ccc(cc1)F,5.869666232
ONC(=O)C=Cc1ccc(cc1)CNCCc1c([nH]c2c1cccc2)c1cccs1,6.318758763
CNc1nc2ccccc2n1-c1nc(N2CCOC[C@H]2C)cc(C2(S(C)(=O)=O)CC2)n1,5.337242168
N#Cc1ccc(C(=O)N2CCN(c3ccc(OCCCN4CCCCCC4)cc3)C(=O)C2)cc1.O=CO,4.900001867
CC(C)c1nc(Nc2cc(N[C@@H]3CCOC[C@@H]3N)nnc2C(N)=O)ccc1F,5.102372909
NCc1c(C)nc2c(c1c1ccc(cc1Cl)Cl)CN(C2=O)CC(=O)N1CCN(CC1)C,4.096910013
CC(C)N([C@H]1CCNC1)C(=O)c1ccccc1C(F)(F)F,4.698970004
CCc1cc(ccc1C)C(c1ccccc1)(c1ccccc1)SCC(C(=O)O)N,4.602059991
Clc1ccc(C2CC=CCNC2)cc1Cl,4.958607315
COc1ccc(cc1O)C(C(C)C)(CCCN(CCc1ccc(c(c1)OC)OC)C)C#N,5.657577319
OC(=O)C1CCN(CC1)C1CCC2(C1)Cc1ccccc1Cc1c2cccc1,4.200659451
Cc1cc(F)ccc1[C@@H]1CCN(C[C@@H]2CCc3cccnc3[C@@H](O)C2)C[C@H]1O,4.886056648
CC(C)c1cc(Nc2nc(N3CCC[C@H](N)C3)ncc2C(N)=O)cc(C(C)C)n1,5.431798276
CC(C(O)c1ccc2NC(=O)CCc2c1)N1CCC(O)(CC1)c1ccc(C)cc1,5.48148606
Cc1ncoc1-c1nnc(SCCCN2CCc3ccc4nc(oc4c3CC2)C(F)(F)F)n1C,5.301029996
CCOC1Cc2c(C1N1CCN(CC1C)C1(C)CCN(CC1)C(=O)c1c(C)ncnc1C)ccc(c2)C(F)(F)F,5.346787486
CCc1cccc(NC(=O)N2CCc3nc(nc(c3C2)-c2ccccc2C)-c2ccc3OCOc3c2)c1,5.301029996
C(N1CCN(Cc2nc3ccccc3s2)CC1)c1nc(no1)-c1ccccc1,4.886056648
CS(=O)(=O)c1ccc2c(c[nH]c(=O)c2c1)C(=O)NC[C@@H](O)CN1CCC(CC1)Oc1ccc(Cl)c(Cl)c1,5.200659451
CC1CCCN1CCc1ccc(cc1)-c1ccc(cc1)S(=O)(=O)NCc1ccccc1,6.22184875
C=CC(=O)Nc1cc(Nc2nccc(-c3cn4c5c(cccc35)CCC4)n2)c(OC)cc1N(C)CCN(C)C,5.072629637
CC(=O)Nc1ccc(CCN2CCC(COc3nc4ccccc4c4cn(C)cc34)CC2)cc1,9
Nc1n[nH]c(N2CCC(N3CCCC[C@@H]3Cc3ccc(Cl)cc3)CC2)n1,5.080921908
ONC(=O)C=Cc1ccc2c(c1)CN(C2)C(=O)c1cccnc1,4.522878745
Clc1ccc2c(c1)c1nc([nH]c(=O)c1o2)C1CCCN1,4.522878745
CC(C)c1nc2ccccc2c(=O)n1-c1ccc(OCCCN2CCCC2)cc1,5.408935393
N[C@@H]1COC[C@H]1Oc1ccc2ncc(F)c(CCC34CCC(CC3)(CO4)NCc3ccc4OCC(=O)Nc4n3)c2n1,4.946921557
COc1nc2ccc(Br)cc2cc1[C@@H](c1cc(C)c(C)s1)[C@@](O)(CCN(C)C)c1cccc(F)c1,6.055517328
Cc1ncccc1-c1nc2cn(-c3cccc(OC(F)F)c3)nc2c(=O)n1C[C@H]1CCCN(C[C@H]2CCCO2)C1,5.075720714
CCc1oc(CCc2cc(cc(NCC(F)(F)F)n2)N2CCOCC2)nc1C,5.795880017
CCN(CC)C(=O)c1ccc(C2=CC3(CCNCC3)Oc3ccccc23)c(F)c1,6.397940009
Fc1cccc(c1)N(C1CCN(CCC2(CCN(CC2)C(=O)c2ccc(cc2)C#N)c2cccc(F)c2)CC1)C(=O)NCc1ccc(cc1)C#N,6.397940009
CCCCN(CCCC)CCCOC(=O)c1ccc(N)cc1,5.329995489
Cc1cccnc1CN1CCC2(CC1)N(C(=O)N(C2=O)c1ccc(nc1)-c1ccc(cc1C)C(O)=O)c1cc(=O)[nH]cn1,4.698970004
Cc1[nH]c2ccccc2c1CC(=O)N1Cc2ccc(\C=C\C(=O)NO)cc2C1,4.522878745
FC(F)(F)c1cc(ccc1Cl)S(=O)(=O)Nc1cc(Cl)cnc1Oc1ccc(cc1)C(=O)NCCN1CCCCC1,5.301029996
COc1cc2nccc(Nc3n[nH]c(C)c3C)c2cc1S(=O)(=O)C(C)(C)C,4.838631998
COc1cc(-c2cn(C3CCc4ccccc4N(CC(F)(F)F)C3=O)nn2)ccc1-n1cnc(C)c1,5.448550002
COc1cnc2ccc(=O)n(CCN3CCC(CC3)c3c[nH]c4cc(ccc34)C(F)(F)F)c2c1,5.744727495
O=C(NC1CCc2ccccc2C1)N1CCC(CC1)c1nc(no1)-c1ccccn1,5.22184875
Cc1ccccc1C[C@H](N1CCC(CN2CCC(CC2)Oc2ccc(Cl)c(Cl)c2)CC1)C(O)=O,4.600326279
N#Cc1cccnc1c1ccc(cc1)C(=O)Nc1ccccc1N,4.508638306
CC(C)c1ccc(cc1)S(=O)(=O)Nc1ccc(cc1)[C@@]12C[C@@H]1CN(CC=C)C2,7
Cc1c(CCN2CCN(C(=O)Cc3ccc(-n4cnnn4)cn3)CC2)ccc2c1COC2=O,4.48148606
COc1cc(OC)cc(c1)-c1nnc(o1)[C@@]1(Cc2ccccc2)OC(=O)N([C@H](C)c2ccccc2)C1=O,4.886056648
N#Cc1ccc(cc1)C(=O)N1CCN(C(=O)C1)c1ccc(cc1)OCCCN1CCCC1,4.795880017
N[C@@H]1CCCC[C@H]1Nc1nc(Nc2cccc3c2[nH]cc3C)c2c(c1)nc[nH]c2=O,4.522878745
CN1CCC(COCc2cc(cc(n2)C2CC2)C#N)(CC1)c1ccc(F)cc1,4.769551079
Clc1ccc(c(c1)Cl)c1noc(n1)C(C(C(=O)N1CCCC1)N)C,4.431798276
Cl.N[C@H](CO)c1cc(C(=O)N[C@@H]2CCc3ccc(Oc4ccnc5c4CCC(=O)N5)cc3C2)cc(C(F)(F)F)c1,4.860120914
CCCNCc1ccc(CCn2ccc(OCc3ccc(F)cc3)cc2=O)nc1,5.292429824
Fc1ccc(cc1)[C@@H](NC(=O)c1ccc[n+](c1)[O-])CCN1[C@@H]2CC[C@@H]1C[C@@H](C2)n1c(C)nc2c1cc(F)cc2,5
COc1ccccc1Oc1ccccc1CN1CCC2(CC1)CCN(CC2)C(=O)c1ccccc1C(O)=O,1.36
CC(=O)c1cccc(c1)-c1cccc(c1)-n1cc(C(=O)Nc2nccc(Cl)c2Cl)c(=O)c2cccnc12,6.15490196
FC(F)(F)c1cccc(c1)C(=O)NCC(=O)N[C@@H]1CCN(CCC2CCN(CC2)C(=O)c2ccccc2)C1,5
N#C[C@H]1CN(C[C@H]1F)C(=O)C[C@@H](Cc1cc(F)c(cc1F)F)N,4.397940009
C(COc1ccc(cc1)[C@H]1Oc2ccccc2S[C@H]1c1ccccc1)CN1CCCC1,9
COc1ccc2nccc(CC[C@H]3OC[C@H](NCc4cc5c(cn4)OCCC5)CO3)c2c1,4.920818754
Cn1c(SCCCN2CC[C@]3(C[C@@H]3c3ccc(C(F)(F)F)cc3)C2)nnc1C1=CCC(=O)N=C1,5.020001176
COc1cc2c(cc1Nc1ncc(Cl)c(Nc3ccccc3S(=O)(=O)C(C)C)n1)CC/C(=N\N1CCN(C)CC1)C2(C)C,4.619788758
COc1cc([C@](O)(CCN(C)C)[C@@H](c2cc3cc(Br)ccc3nc2OC)c2ccnc(OC)c2OC)cc(OC(C)C)n1,4.769551079
CC(C)Cc1cc(CNS(=O)(=O)c2cccc3cccnc23)nn1-c1ccc(F)cc1,5.795880017
COc1cccnc1Nc1ccc2OC3(CCC3)C3(COC3)C3(COC(N)=N3)c2c1,5
N#Cc1c(N2CCCC(C2)N)n(c2c1n(C)c(=O)n(c2=O)Cc1ncccc1C#N)CC=C(C)C,4.772113295
CNCc1cc(F)ccc1Oc1ccc(Cl)cc1,5.131355562
Cc1nc2c(CCC34CCC(CC3)(CO4)NCc3ccc4OCC(=O)Nc4n3)ccnc2cc1C#N,9
Fc1ccccc1C2=NCC(=O)Nc3ccc(Cl)cc23,4.779999191
Cc1cc(=O)n2C[C@](O)(CC34CCC(CC3)(CO4)NCc3ccc4OCC(=O)Nc4n3)c3c(F)cnc1c23,4.22184875
OCCC(c1ccc(cc1)Cl)NC(=O)C1(N)CCCN(C1)c1ncnc2c1cc[nH]2,4
CCC1(C)CC(=O)N(CCCCN2CCN(c3cccc4sccc34)CC2)C(=O)C1,5.2069084
COc1ccc2ncc(=O)n(CCN3CCC(CC3)NCc3ccc4OCC(=O)Nc4n3)c2c1,4.455931956
CN(CCN1CCN(C1=O)c1cccc(C)c1)C[C@@]12CC[C@@H](CC1)C2(C)C,5.801342913
COc1c(C)cc(cc1C)C1(N=C(C(=N1)C)N)c1cccc(c1)c1cncnc1,4.48148606
COc1ccc2ncc(F)c(C(O)CC34CCC(NCc5ccc6c(n5)NC(=O)CO6)(CC3)CO4)c2n1,5.397940009
CO\N=C(\c1ccc(CN2CCC3(CC2)OCc2cc(F)ncc32)cc1)c1ccc(F)c(F)c1,6.698970004
Brc1cncc(c1)C(=O)N1CC[C@H](NCc2cncn2Cc2ccc(cc2)C#N)C1=O,5.22184875
CN(C)CCC1CCN(CC1)c1cc(C(=O)NC[C@H]2CC[C@H](CNC(=O)OCC(C)(C)C)CC2)c2ccccc2n1,4.853871964
CC(C)N(CCOc1ccc(cc1)-n1ccc(OCc2ccccc2)cc1=O)C(C)C,9
CC1(c2ccc(OC(F)F)cc2)NC(=O)N(CC(=O)c2ccc(F)cc2F)C1=O,5.299997603
CC[C@H](C)[C@@H]1NC(=O)[C@H](Cc2ccccc2)N(C)C(=O)[C@@H](NC(=O)[C@H](Cc2ccccc2)N(C)C1=O)[C@@H](C)CC,4.643974143
CCN(CC)C(=O)c1ccc(C2=CC3(CCNCC3)Oc3ccccc23)c(C)c1,5.37675071
N#Cc1ccc(cc1)Cn1cncc1CNC1CCN(C1)C(=O)c1cncc(c1)Br,5.22184875
Clc1ccc2c(c1)sc(c2)S(=O)(=O)NCCCN1CCN(CC1)c1nsc2c1cccc2,4.698970004
Clc1cc2[nH]nc(NC(=O)Nc3ccccc3)c2cc1-c1ccccc1,5
CCN1C2=NC3(CCc4ccccc34)CN2c2c(nc(Cc3ccccc3)n2Cc2ccccc2)C1=O,5.638272164
CNC(=O)c1c(NCC2CCC3(CCC3)CC2)nc(nc1OCCO)C#N,4.522878745
CCCCCCCN(CC)CC#CCc1ccc(Cl)cc1,8.30980392
CC(C)OC[C@H](Oc1ncnc2c1cnn2-c1ncccc1Cl)C(=O)Nc1ccc(F)cn1,4.100000128
COc1cc2ccc(Br)cc2cc1[C@@H](c1ccnc(OC)c1OC)[C@@](O)(CCN(C)C)c1ccc2occc2c1,6.22184875
CC(C)(C(=O)O)c1ccc(CN2CCC(COC(=O)c3c4n(c5ccccc35)CCCO4)CC2)cc1,4.161150909
Fc1ccc(-c2nc(C3CCNCC3)sc2-c2ccnc(Nc3nncs3)n2)cc1,5.602059991
Cc1cc2nc(CC3CC4CCC(C3)N4)n(Cc3ccc(Cl)cc3)c2cc1C,5.366531544
O[C@@]1(CC[C@@H](CC1)N1CC(C1)NC(=O)CNC(=O)c1cccc(c1)C(F)(F)F)c1ccc(F)cc1,5.552841969
Cc1cc(NCc2c(F)cccc2C(F)(F)F)c2cccc(C(N)=O)c2n1,6.400007822
Nc1ccc(cc1)S(=O)(=O)Nc1noc(c1)C,2.660000005
O=C(C1=CC(=O)c2c(C1)cc(c(c2)Cl)Cl)NC1CCN(CC1)Cc1ccc2c(c1)OCO2,5.853871964
N[C@H]1C[C@@H](N2Cc3cnc(C(F)(F)F)nc3C2)CO[C@@H]1c1cc(F)c(F)cc1F,4.638272164
O=C(O)C[C@H]1COC2(CCN(c3ccc(-c4nc5cc(C(F)(F)F)ccc5[nH]4)cn3)CC2)C1,5.30980392
NC(=NC(=O)c1nc(Cl)c(nc1N)N2CCCCCC2)N,5.589999287
FC(F)(F)Oc1ccc2nc([nH]c2c1)[C@H]1CC[C@@]2(CN(C(=O)O2)c2ccccc2)CC1,5.602059991
O=C(NC1CN(C1)C1CC[C@](CC1)(O)c1cccnc1)CNC(=O)c1cccc(c1)C(F)(F)F,4.455931956
Fc1ccc(cc1)-c1[nH]c2c(ccc(F)c2)c1[C@H]1CCC[NH2+]C1,5.886056648
Cc1ccc2[nH]c(C(=O)N[C@@H]3Cc4ccccc4[C@@H]3NC(=O)CCN(C)C)cc2c1,5.199998172
CCOC(=O)Nc1cccc(c1)[C@H](N1CCN(Cc2cccnc2)CC1)c1ccc(cc1)C(=O)N1CCC1,4.958607315
ONC(=O)/C=C/c1ccc(cc1)CNCCc1cnc2n1cccc2,4.301029996
CCn1cc(cn1)[C@]1(N[C@H](Cc2c1[nH]c1ccccc21)c1nc(c[nH]1)-c1ccc(F)cn1)c1noc(C)n1,5.13667714
NC(=O)c1ccc2cc1NCC1COCCN1CCCc1n2c2CC(C)(C)CC(=O)c2c1C,4.903089987
CC(C)(C)NC(=O)NCCN1CC(C1)NC(=O)c1cc(Cl)cc(Cl)c1,4.886056648
Cn1c(SCCCN2CC[C@]3(C[C@@H]3c3ccc(C(F)(F)F)cc3F)C2)nnc1-c1cccnc1,6.029978734
CC#C[C@@H](c1ccc(Oc2ccc(C(F)(F)F)cc2OC(F)F)cc1)[C@H]1OC(=O)NC1=O,5.468521083
CCc1cc2OCC(=O)Nc2nc1CNC12CCC(C[C@]3(O)Cn4c5c3c(F)cnc5ccc4=O)(CC1)OC2,4.22184875
Cc1c([C@@H](O)CN2CCC3(CC2)CCN(c2sncc2Cl)C3=O)ccc2c1COC2=O,5.823908741
OCC1(COc2ccc3ncc(F)c(CCC45CCC(CC4)(CO5)NCc4ccc5OCC(=O)Nc5n4)c3n2)CC1,5.568636236
CCOC[C@@H](CC(C)C)NC(=O)[C@@H]1CNC[C@H](C(=O)N(c2ccc(C(C)C)cn2)C2CC2)C1.Cl,5.15490196
CCc1nsc(n1)-c1nnc2[C@@H](C)N(CCn12)C(=O)c1ccc(F)cc1,4.494850022
O=C(Nc1cc(Cl)c(O)cc1OC[C@@H](O)CN1CCC2(CC1)Cc1cc(Cl)ccc1O2)NC1CC1,6
CCC1Oc2ccc(cc2C2(COC(N)=N2)C11COC1)-c1cncnc1,5
O=C(NC(c1ccc(cn1)OCC(F)(F)F)C)Cc1ccc(cc1)C1CC1,5
CCN(CC)CC#CCOC(=O)[C@@](O)(C1CCCCC1)c1ccccc1,4.920818754
O=C1NCCc2nc(-c3ccc(CN4CCC(CC4)c4nnc([nH]4)-c4ccccn4)cc3)c(cc12)-c1ccccc1,5.602059991
C[C@H]1N2C(COc3cc(c(NC4CNC4)cc23)C(F)(F)F)=NNC1=O,4.522878745
COc1cc(ccc1-n1cnc(C)c1)-c1cn(nn1)C1CC[C@H]2CCCC[C@@H]2NC1=O,4.681936665
COc1cnc2ccc(=O)n(CCN3CCC(CC3)NCc3cnc(OC)c(c3)C#N)c2c1,4.920818754
Cc1ncoc1-c1nnc(SCCCN2C[C@@H]3C[C@@]3(C2)c2ccc(cc2)C(C)(C)C)n1C,6.096910013
N#Cc1ccc(cc1)C(=O)N1CCN(C(=O)C1)c1ccc(cc1)OC1CCN(CC1)C(C)C,4.200659451
Cc1ccc(NC(=O)N2CCN(c3nc(N)nc4sc(-c5cccnc5)nc34)CC2)cc1,5.698970004
CC(C1CCC(CC1)N1CC(C1)NC(=O)CNc1n[nH]c2c1cc(cc2)C(F)(F)F)C,5.207608311
CC1CCN(CC1)C(=O)c1ccc2n(C)c3CCN(Cc3c2c1)C1CCOCC1,5.585026652
Cc1cc(nc(n1)N1C[C@@H]2C[C@@H](C[C@@H]2C1)c1ccccc1C(F)(F)F)C(O)=O,4.522878745
CC(C)c1nc(Nc2cc(NCCN)nnc2C(N)=O)ccc1C,5.200659451
N#Cc1ccc2c(c1)n(CCN1CCC(C(C1)F)NCc1ncc3c(c1)OCCO3)c(=O)cc2,3.913640169
Cc1[nH]c(-c2ccccn2)cc1C(=O)NCCCN1CCN(c2cccc(Cl)c2Cl)CC1.Cl.Cl.Cl.Cl,6.045757491
O=C(c1ccc(Cl)c(C(F)(F)F)c1)N1CCN(c2cc(=O)[nH]c(=O)n2Cc2ccc(OS(=O)(=O)c3cccc4cnccc34)cc2)CC1,4.320572103
O[C@H]1CNC(Cn2ncc3cc(ccc23)-n2ccc(OCc3ccccc3)cc2=O)C1,4.522878745
OC1CN(C1)c1ccc(cn1)-n1cnn2cc(cc2c1=O)-c1ccc(Cl)cc1,5.48148606
OCC[C@]1(CCCCNC1)c1ccc(Cl)c(Cl)c1,4.48148606
CCCOC(c1ccccc1)(c2ccccc2)C(=O)OC3CCN(CC3)C.Cl,4.692503962
CC(=O)Nc1ccc2c(c1)CCC2N1CCC(CC1)NC(=O)c1cc(=O)c2c(o1)cc(cc2)F,4.458420756
CC1COCCN1c1cc(nc(n1)c1ccc2c(c1)cc[nH]2)CS(=O)(=O)C,4.494850022
C1C[NH+](C)CCN1C2=Nc(cc(Cl)cc3)c3Nc(c24)cccc4,6.591760035
COc1ccc2C[C@@H]3N(C)CCc4cc(OC)c(OC)c(Oc5cc6[C@H](Cc7ccc(Oc1c2)cc7)N(C)CCc6cc5OC)c34,5.109998387
COc1cc(C=Cc2nc3cc(Br)ccc3c(=O)[nH]2)ccc1-n1cnc(C)c1,5
COc1ccc(cc1)C1CN(CC1CCc1[nH]c2c(c1)ccc(c2)Cl)CCc1ccc(c(c1)OC)OC,7.346787486
CCc1oc2ccccc2c1C(=O)c3cc(Br)c(O)c(Br)c3,4.889999849
CC1Cc2cccc(CN3CCC4(CC3)CCN(CC4)C(=O)c3ccncc3)c2O1,4.838631998
CC(C)C(=O)N1CCO[C@@H](c2nc(-c3ccc(C(=O)Nc4cc(C(F)(F)F)ccn4)cc3F)c3c(N)nccn23)C1,4.823908741
CC[C@H]([C@H]1O[C@@](CC)(C[C@@H]1C)[C@H]2CC[C@](O)(CC)[C@H](C)O2)C(=O)[C@@H](C)[C@@H](O)[C@H](C)CCc3ccc(C)c(O)c3C(=O)[O-],4.689999563
CC(=O)N1CCN(c2cccc(-c3cc(-c4ccnn4CC(F)(F)F)c4c(N)ncnn34)c2)C(=O)C1(C)C,4.769551079
CS(=O)(=O)c1ccc(OCC2CC2)c(C(=O)N2Cc3cn(-c4ccccc4F)nc3C2)c1,5.004364805
Nc1ncnc2n(cc(-c3cccc(OCC45CCC(CC4)O5)c3)c12)[C@@H]1C[C@H](CN2CCC2)C1,5.958607315
O=C(N1CC2C(C1)C2CNc1scc(n1)c1ccccn1)C1COCC1,5.698970004
O=C1/C(=N\NC=2C(=O)N(NC=2C)c2cc(C)c(cc2)C)/C=CC=C1c1cc(ccc1)C(O)=O,6.161150909
COc1ccc2c3c1O[C@@H]1[C@@]43CCN([C@H](C2)[C@]4(O)CCC1=O)C,3.76700389
FC(F)(F)c1ccc2[nH]nc(NCC(=O)NC3CN(C3)[C@H]3CC[C@H](CC3)c3cncs3)c2c1,4.301029996
Cc1c([C@@H](O)CN2CCC3(CC2)CC(=O)N(c2ccc(S(C)(=O)=O)cn2)C3)ccc2c1COC2=O,4.619788758
C[C@H](NC(=O)[C@H]1CNC[C@@H]1c1ccc(C(F)(F)F)cc1)c1ccc(N(C)C)cc1,4.494850022
Cc1ncoc1-c1nnc(SCCCN2CC[C@@]3(C[C@H]3c3ccc(C(F)(F)F)cc3F)C2)n1C,6.280006174
COC(=O)C1=CO[C@@H](C)[C@H]2CN3CCc4c([nH]c5ccccc45)[C@@H]3C[C@H]12,4.839999931
Cc1nc(c(o1)c1nnc(n1C)CCCCN1CC2[C@@](C1)(C2)c1ccc(cc1)C(F)(F)F)C,5.500312917
O[C@]1(CC[C@@H](CC1)N1CC(C1)NC(=O)CNC(=O)c1cccc(c1)C(F)(F)F)c1ncco1,4.301029996
Cc1nn(cc1CN1CC(O)C1)-c1ccnc(Nc2ccc3n(C)c(C)c(Cl)c3c2)n1,4.616184634
N#Cc1ccc2c(c1)[nH]c(n2)C1CCC2(CC1)OC(=O)N(C2)c1ccc(cc1)F,5.795880017
F[C@H]1CN(CCn2c3cc(ccc3ccc2=O)C#N)CC[C@H]1NCc1cc2OCCOc2cn1,3.701146924
S(=O)(CCC[NH+](CC)C[C@@H](O)COc1ccc(cc1)C#N)CCC,6.356547324
O=C(N([C@H]1CCNC1)c1ccccc1)c1ccccc1Oc1ccccc1,5.552841969
C[C@H]1C[C@H]2CSC(N)=N[C@@]2(c2ncc(NC(=O)c3ccc(OC(F)F)cn3)s2)CO1,4.92190585
Clc1ccc(c(c1)Cc1cccc(n1)C(=O)O)OCc1ccc(cc1F)Cl,4.494850022
Fc1ccc(CN2CCN(c3ccc4nnc(C(F)(F)F)n4n3)CC2)cc1,4.970616222
CCN(CCO)C(=O)c1cc2ccccn2c1-c1cccc(OC)c1,4.480172006
CCC(CC)NCCCc1cc(nc(n1)C#N)-c1cccc(c1)C(F)(F)F,6.522878745
Cc1ccc(cn1)-c1ncn(n1)-c1ccc(Nc2nccc(n2)-c2cccc(c2)N2CCOCC2)cc1,4.522878745
COc1ccc(-c2ccc3ncnc(-c4cccc(C(=O)N5CCN(C)CC5)c4)c3c2)cc1OC,5.721246399
NCc1c(C)nc2c(c1c1ccc(cc1Cl)Cl)CN(C2=O)CC(=O)N1CCN(CC1)S(=O)(=O)C,4.096910013
CCOC(=O)c1cncc(c1)[C@@]1(N[C@H](Cc2c1[nH]c1ccccc21)c1nc(c[nH]1)-c1ccc(F)cc1)c1cnn(C)c1,5.646468441
Nc1n[nH]c(N2CCC(N(CCc3ccc(Cl)cc3)CC3CCCCO3)CC2)n1,4.958607315
Cn1ccc(COc2cnc3ccc(=O)n(CCN4CCC(CC4)NCc4ccc5OCC(=O)Nc5n4)c3c2)n1,4
S(=O)(=O)(N(C)[C@@H]1c2cc(OCCCC(F)(F)F)ccc2OC(C)(C)[C@H]1O)C,5
N#C[C@H]1CCOC[C@@H]1n1cc(C(N)=O)c(Nc2ccc(F)cc2)n1,4.397940009
COc1cccc(c1)N1CCN(C[C@H](O)COc2ccc(cc2)C(F)(F)F)CC1,5.389339837
COC1CN(CCC1NCc1ncc2c(c1)OCCO2)CCn1c(=O)cnc2c1cc(OC)cc2,4.124938737
N#Cc1cnc(s1)Nc1ncnc(c1)N1CCN(CC1)CCCN1CCOCC1,5.397940009
CC(=O)N1CCC(C(=O)N(CCCN2CCN(Cc3ccc(F)cc3)CC2)c2ccc(C)c(Cl)c2)CC1.Cl,5.739928612
CNCCC(c1ccccc1)Oc1cc(Cl)ccc1C#N,5
CCOc1cc2nnc(c(c2cc1N1CCN(CC1)C)Nc1ccc(cc1F)F)C(=O)N,4.795880017
CC(C1CC1)n1cc(Nc2nc(N)nc(-c3cccc(-n4ccc5cc(C6CC6)cc(F)c5c4=O)c3CO)n2)cn1,4.869666232
CC(=O)NC(c1cccc(c1)F)CCN1C2CCC1CC(C2)n1c(C)nc2c1CCN(C2)c1cnccn1,6
N#C[C@H]1C[C@@H](N2CCC2)CC[C@@H]1n1cc(C(N)=O)c(Nc2ccc([C@H](O)C(F)(F)F)cc2)n1,4.494850022
COc1ccc(cn1)[C@@H]1CC[C@@H](CC1)N1CC(C1)NC(=O)CNc1n[nH]c2ccc(cc12)C(F)(F)F,5.602059991
Clc1ccc(-c2c[nH]c([C@H]3Cc4c([nH]c5ccccc45)[C@@H](C4CCOCC4)N3)n2)s1,6.282329497
Cl.Cl.FCCOc1ccc(CCN2CCN(CCc3ccccc3)CC2)cc1,5.515700161
Cc1ccc(Cn2cnc(=O)c3cc(Oc4ncccc4C(F)(F)F)ccc32)cc1,4.769551079
O=C(CCNC(=O)c1cccc([N+](=O)[O-])c1)NC1CCOC1=O,3.043663457
[O-][S@@+]1CC[C@H](CC1)C(=O)N[C@H](c1ccc(cc1)F)CCN1[C@@H]2CC[C@@H]1C[C@@H](C2)n1c(C)nc2c1ccc(c2)F,5
CC(=O)O[C@]1(C(=O)C)C(=C)C[C@H]2[C@@H]3C=C(C)C4=CC(=O)CC[C@]4(C)[C@H]3CC[C@]12C,4.779999191
CCCCCc1ccc(cc1)-c1ccoc1C(=O)NNC(=O)c1ccc(O)c(c1)[N+]([O-])=O,6
COc1cc(ccc1OCCN1CCCC1)N1Cc2ccc(Sc3ccc(F)cc3)nc2C1=O,4.602059991
COc1cc(ccc1n1cnc(c1)C)c1nnn(c1)C1CCC(CN(C1=O)Cc1ccccc1)c1ccccc1,6.698970004
Cn1c(SCCCN2CC3CCN(c4cccc(C#N)c4)C3C2)nnc1-c1cnccn1,7
N\C1=N/C(=O)[C@@H]2CCCN2c2ccc(OC\C=C\CCCNCC(=O)Nc3c(Cl)cc(CN1)cc3Cl)cc2,4.886056648
O=C1COc2ccc(CNC3CCN(CCn4c5cc(O[C@H]6CCOC6)cnc5ccc4=O)CC3)nc2N1,4
COc1ccc2ncc(F)c(CCC34CCC(CC3)(CO4)NCc3nc4NC(=O)COc4cc3Cl)c2n1,5.236572006
O=[N+]([O-])c1ccc(S(=O)(=O)N2CCC(CN3CCC(c4noc5cc(F)ccc45)CC3)CC2)cc1,5.419052227
O=C(Nc1ccc(Cl)cn1)[C@H](CN1CC(O)C1)Oc1ncnc2c1cnn2-c1ccccc1Cl,5
COc1cc(ccn1)-c1cnc2nc(sc2c1)N1CCC(CC1)N1CCCCC1,6.698970004
Cc1c([C@@H](O)CN2CCC3(CC2)CCN(c2cc(-c4ccccc4)ns2)C3=O)ccc2c1COC2=O,8.022276395
CCCOC(c1ccc2ccccc2c1)C1CNC1.Cl,6.008773924
Cc1ccc(C(=O)N2CCN(c3ccc(OCCCN4CCCCC4)cc3)C(=O)C2)cc1.Cl,4.499999679
Cc1cc(N2C[C@@H]3CC[C@H](C2)[C@H]3Nc2nc3n(n2)CCCN3c2cc(F)cc(F)c2)ncn1,6.15490196
O=c1nc(c2ccccc2Cl)c2c([nH]1)N(C(=O)NC2)c1c(Cl)cccc1Cl,5.337242168
CN1CC(C(C1)NS(=O)(=O)C(C)C)c1ccc(cc1)c1cccc(c1)NS(=O)(=O)C,4.500312917
O=C(Cc1ccc(OCC[C@@H]2C[C@@H]2C2CCN(c3ncc(Cl)cn3)CC2)cc1)N1CCC1,5.13076828
O=C(NC1CCN(C1)C1CCC(CC1)(O)c1ccc(nc1)C)CNC(=O)c1cccc(c1)C(F)(F)F,4.522878745
COc1cc2CCN(C)[C@H](Cc3ccc(O)c(Oc4ccc(C[C@H]5N(C)CCc6cc(OC)c(OC)cc56)cc4)c3)c2cc1O,5.029188389
Cc1nn(C2CCN(CCO)CC2)c(C)c1Nc1ncc(Cl)c(-c2cnn3ccccc23)n1,5.031517051
Fc1cccc(CN2CCC(CC2)NC(=O)c2cc(=O)c3ccc(F)cc3o2)c1,9
CC(NC(=O)C1(N)CCN(c2ncnc3[nH]ccc23)CC1)c1ccc(Cl)cc1,5.142667504
COc1ccc(C(=O)Nc2csc([C@]34CO[C@@H](C)C[C@H]3CSC(N)=N4)n2)cc1,4.735182177
Cn1c(SCCCN2CC[C@]3(C[C@@H]3c3ccc(C(F)(F)F)cc3)C2)nnc1-c1ccn(C)c(=O)c1,5.099999035
O=C1COc2c(N1)ccc(c2)[C@@H]([C@H](N1CC[C@](CC1)(O)c1ccc(cc1)F)C)O,5.795880017
Cc1ncoc1-c1nnc(SCCCN2CCC3(CCc4c3cccc4Br)C2)n1C,6.22184875
COc1ccc(Cn2c(nc3ccccc23)[C@H]2CNCCS2)cc1,5.823908741
O=C(NC1CN(C1)C1CCC(CC1)(O)c1cncs1)CNc1nc(nc2c1cc(cc2)C(F)(F)F)C(F)(F)F,4.485452247
Cc1nc2cccc(F)c2c(=O)n1-c1ccc(OCCCN2CCCC2)cc1,5
CCCn1c(nc2ccccc2c1=O)-c1ccc(OCCCN2CCCCC2)cc1,5.744727495
COc1ccc2ncc(c(CCC34CCC(CC3)(CO4)NCc3ccc4OCC(=O)Nc4n3)c2n1)C(F)(F)F,6.397940009
O=C1CN(c2ccncc2)CCN1CCCCCOc1ccc(-c2ccc(Cl)cc2)cc1,6.431798276
CCc1c(C)[nH]c2c1/C(=N/NC(=O)Nc1ccccc1)CCC2,4.677780705
Cc1cc(F)ccc1-c1c(Oc2ccc(\C=C\C(O)=O)cc2)c2ccc(O)cc2oc1=O,4
C[C@@H]1[C@H](Oc2ccccc2S1(=O)=O)c1ccc(OCCCN2CCCC2)cc1,5.886056648
FC1CCN(C1)C(=O)C(C(C1CCC(CC1)NC(=O)C)C)N,4
COCCC(c1ccc(cc1)Cl)NC(=O)C1(N)CCCN(C1)c1ncnc2c1cc[nH]2,5.026872146
CC(=O)O[C@H]1C[C@@]2(C)CN3C4C5(C1)[C@@H]2C3CC12C5[C@H](OC(=O)C)[C@H](C([C@]41O)OC(=O)C)C(=C)C2,4.747146969
C[C@H](Nc1nc(Nc2ncc(C)s2)cc(n1)N1CCN(C)CC1)c1ccc(F)cn1,4.886056648
O=C(NC1C[C@@H]2[NH+]([C@H](C1)CCC2)C)c1nn(c2c1cccc2)C,5.43062609
CC(C)(O)COCc1cccc(Nc2sc(cc2C(N)=O)-c2c(F)cc(cc2F)C(C)(C)O)n1,4.920818754
CCC(CO)NS(=O)(=O)c1ccc(cc1)-c1ccc(CCN2CCC[C@H]2C)cc1,5.292429824
CO[C@H]1CCC2(Cc3ccc(cc3C22N=C(N)N(CC3CCCO3)C2=O)C#N)CC1,5
COc1ccc2ncc(F)c(C[C@H](OC)C34CCC(NCc5ccc6c(n5)NC(=O)CO6)(CC3)CO4)c2n1,5.22184875
C[C@@H]1C[C@H](N)C[C@H](c2ccncc2NC(=O)c2ccc(F)c(-c3c(F)cccc3F)n2)C1,4.920818754
Cn1c(SCCCN2CC3CCN(c4ccc(F)cc4)C3C2)nnc1-c1cnccn1,6.500038134
FC(F)(F)c1ccc(cc1)-c1nc2CCSCc2c(=O)[nH]1,4.522878745
O[C@]1(CC[C@@H](CC1)N1CC(C1)NC(=O)CNC(=O)c1cccc(c1)C(F)(F)F)c1nccs1,4.494850022
Clc1ncnc(c1)C1CCN(CC1)C1CCC(C1)(C(=O)NCc1cc(cc(c1)C(F)(F)F)C(F)(F)F)C(O)(C)C,6.730487056
Cc1ncoc1-c1nnc(SCCCN2CC[C@]3(C[C@@H]3c3ccc(C(F)(F)F)cc3)C2)n1C,6.389978975
Cn1c(=O)n(C2CCOCC2)c2c3cc(-c4cccnc4)ccc3ncc21,4.958607315
Oc1ccc(cc1)[C@@]1(O)CC[C@@H](CC1)NC(=O)CCc1ccccc1,4.522878745
CO[C@H]1CC[C@@H](CC1)Nc1ccc2ncc(-c3cccc(OC(F)(F)F)c3)n2n1,4.522878745
N#Cc1cnc(cn1)Nc1ncc(c(c1)NC[C@H]1CNCCO1)C(F)(F)F,5.207608311
NS(=O)(=O)c1ccc2c(c[nH]c(=O)c2c1)C(=O)NC[C@@H](O)CN1CCC(CC1)Oc1ccc(Cl)c(Cl)c1,5.200659451
CCCCOC(=O)N1CCN(CC1)C(=O)C(NC(=O)c1cc(cc(n1)c1ccccc1)N1CCC(CC1)C(=O)N1CCCC1)CCC(=O)O,4.045757491
COc1cccc2nc(-c3ccc(OC4CCN(CC4)C4CCC4)cc3)n(C)c(=O)c12,5
Cc1ccc(S(=O)(=O)N/N=C/c2cn(CC(=O)Nc3ccc(F)cc3F)c3ccccc23)cc1,4.366834646
Cc1ccc2c(n1)cccc2c1nnc(n1C)SCCCN1C[C@@H]2[C@](C1)(C2)c1ccc(cc1)C(C)(C)C,6.602059991
CC(C)C(=O)N(Cc1ccc(Cl)c(Cl)c1Cl)[C@H]1CCNC1,5.161150909
CC(=O)NC1CC(C)(C)Oc2c1cc(c1ccc(cc1)Cl)c(n2)c1ccc(cc1Cl)Cl,6.26760624
CCCCCCCCCCCC[N+](CCOc1ccccc1)(C)C,8.045757491
COc1cc([C@](O)(CCN(C)C)[C@@H](c2cc3cc(C#N)ccc3nc2OC)c2cccc3c2CCC3)cc(OC)n1,5.346787486
NC(=O)Cc1ccc(cc1)[C@@H]1CC[C@@H](CC1)N1CC(C1)NC(=O)CNc1n[nH]c2ccc(cc12)C(F)(F)F,5.022276395
Clc1cnc2oc(nc2c1)N1CCN2CCC1CC2,5.657577319
O=C(c1cc(Cl)cc2c1nc(o2)N)NC1CN2CCC1CC2,5.318758763
Fc1cc(ccc1Cl)C(Oc1ccccc1)C1CNC1,5.795880017
COc1cc2c(Nc3ncc(CC(=O)Nc4cccc(F)c4)s3)ncnc2cc1OCCCN1CCC(CO)CC1,5
Cc1nn(C)c(C)c1NS(=O)(=O)c1c(Cl)cc(cc1Cl)-c1ccnc(c1)N1CCNCC1,4.552841969
COC1COCCC1N[C@@H]1C[C@H]2CCC[C@]2(C1)C(=O)N1CCc2ccc(cc2C1)C(F)(F)F,4.559090918
Nc1ncc(cn1)-c1cnc(N)c(c1)-c1ccc(Cl)cc1,5
Clc1ccc(cc1)c1cc2C(NC(=O)c3ccccc3N)CC(Oc2nc1c1ccc(cc1Cl)Cl)(C)C,4.522878745
Cc1c([C@@H](O)CN2CCC3(CC2)CCN(c2ccc(C#N)cn2)CC3)ccc2c1COC2=O,6.714442691
Cc1cccc(c1)C(=O)Nc1cccc(NC(=O)c2cccc(c2)C(F)(F)F)c1,4.522878745
COc1cc(ccc1Nc1ncc2n(n1)c(cc2)c1ccccc1N(S(=O)(=O)C)C)N1CCN(CC1)CC(O)C,5.040958608
O=C(C(NS(=O)(=O)C)(C)C)N1CCC(CC1)(CCN1[C@@H]2CC[C@@H]1C[C@@H](C2)n1c(C)nc2c1cccc2)c1ccccc1,4.600326279
CN(C1CCN(Cc2ccc(cc2)C(F)(F)F)CC1)C(=O)Cc1ccccc1,5.795880017
O=C(NCC(F)(F)F)c1ccc(-c2cccc3nc(-c4cncnc4)nc(NCc4ccccn4)c23)cc1,5.30980392
CC(C)(C)NC(=O)NCCN1CCN(CC(=O)NC23CC4CC(CC(C4)C2)C3)CC1,4.48148606
COC(=O)C1C(C(C(=O)OCC(C)C)=C(C)N=C1C)c1ccccc1[N+]([O-])=O,4.638272164
CNC1CCCN(C1)c1c(F)cc2c(c1OC)n(cc(c2=O)C(=O)O)C1CC1,3.670000018
Cc1ccc2oc(C(=O)CC#N)c(C)c2c1,7.522878745
CCCCc1oc2c(c1C(=O)c1cc(I)c(c(c1)I)OCC(=O)OCC)cccc2,4.180456064
CC#CC(C1OC(=O)NC1=O)c1ccc(cc1)Oc1ccc(cc1OC(F)F)C(F)(F)F,5.468521083
ClC=1C=CC2=[N+](C(=O)N=C2C=1)C1CC[N+](CC1)CCC[N+]1=C2C=CC=CC2=NC1=O,6.790216985
CC(C)(O)c1ccc(c[n+]1[O-])C#Cc1cccc(c1)-[n+]1cc(C(=O)NC2CC2)c([O-])c2cccnc12,4.048662481
CN[C@H]1C[C@H](c2ccc(Cl)c(Cl)c2)c2ccccc2C1,5.638272164
CN(CCc1ccc(cc1)NS(=O)(=O)C)CCOc1ccc(cc1)C(F)(F)F,7.356547324
COc1cc(OC)cc(c1)C(=O)NCC1(CCN(Cc2ccccc2OC)CC1)C#N,6.045757491
CCCCc1cc(OC2CCN(CCCCNS(=O)(=O)CC(C)C)CC2)c2ncccc2c1.Cl.Cl,7.359518563
CO[C@@H]1COCC[C@@H]1N(C)[C@@H]1CC[C@](C1)(C(C)C)C(=O)N1CCN(CC1)c1cc(ccn1)C(F)(F)F,4.769551079
Cc1cc(Oc2cncnc2)cc(C(=O)Nc2ccc(F)cn2)n1,4.133122186
CC1(C)Cc2cccc(CN3CCC4(CC3)CCN(CC4)C(=O)c3ccc(N)cn3)c2O1,4.393081474
COc1c(Nc2ncc(Cl)c(Nc3ccccc3S(=O)(=O)N(C)C)n2)ccc2c1CCCC(N1CCN(CCO)CC1)C2,6.619788758
CSc1nc(-c2cc(OCCN3CCCC3)c(Cl)cc2Cl)c2c(c[nH]c2n1)C#N,5.443697499
O=C1CCc2c(N1)ccc(c2)[C@@H]([C@H](N1CC[C@](CC1)(O)c1ccc(cc1)Cl)C)O,6
NC[C@@H]1C[C@@]1(C(=O)N(CC=C)Cc1nccs1)c1cccs1,5
CC1CN(CCc2c(C)c3c(n2c2cc(NC1C)c(cc2)C(=O)N)CC(CC3=O)(C)C)C(=O)C(N)C,4.48148606
NC(=O)c1cnc(N[C@H](C2CC2)C(F)(F)F)c2c3ccc(cc3[nH]c12)-c1cnc(N)nc1,4.657577319
Clc1ccc(cc1)CC1CC[N+](CC1)(CCc1ccccc1)CCc1ccccc1,6.080921908
NS(=O)(=O)c1ccc(OCCCCN2CCCCC2)cc1,4.866461092
NC(=O)c1cnc(N[C@H](C2CC2)C(F)(F)F)c2c3ccc(cc3[nH]c12)-c1ccc(N)nc1,6.124938737
Cc1noc(n1)C(=C\c1cccc(c1)-c1cc(cc2cccnc12)C(C)(C)S(C)(=O)=O)\c1ccc(cc1)S(C)(=O)=O,4.301899454
C[C@H]1C[C@H]2CSC(N)=N[C@@]2(c2nc(NC(=O)c3ccn(C(F)F)n3)cs2)CO1,5.031517051
Cc1c([C@H](O)CN2CCN(C[C@H](O)c3ccc4c(c3C)COC4=O)CC2)ccc2c1COC2=O,4
Cc1oc(nc1COc1cccc(CN(CC(O)=O)C(=O)Oc2ccc(C)cc2)c1)-c1ccc(cc1)C(F)(F)F,4.585026652
C1CCCn(c12)c(=O)c(c(n2)C)CC[N@H+](CC3)CC[C@@H]3c4noc(c45)cc(F)cc5,6.819874125
ClC=1C=C([C@H]2N(C=C(N2)C)C=1N)C(=O)NC[C@@H]1CCCN(C1)CC(C)C,5.585026652
CCN(CC)CCC[C@H](C)Nc1ccnc2cc(Cl)ccc12,5.599997654
CC(C)c1cc(cc2nc(oc12)-c1ccc(cc1)C(=O)NC[C@H]1CC[C@@H](CC1)c1ccc(Cl)cc1)C#N,4.522878745
Cc1ncoc1-c1nnc(SCCCN2CCC3(CCc4ccc(Br)cc34)C2)n1C,6.102372909
Cc1c(Cl)ccc(OC2CCN(CC3CCN(CC3)[C@@H](Cc3ccc(F)cc3)C(O)=O)CC2)c1Cl,4.500312917
CC1(C)C[C@@H](NC(=O)c2n[nH]c3ccccc23)c2cc(-c3ccc(Cl)cc3)c(nc2O1)-c1ccc(Cl)cc1Cl,5.337242168
CCCn1c(C)c(cc1-c1ccccc1)C(=O)N(C)CCCN1CCN(CC1)c1cccc(C)c1C,6.15490196
COc1cc(ncn1)N1C(=O)N(C(=O)C11CCN(Cc2ncccc2C)CC1)c1ccc(cc1)-c1ccc(cc1)C#N,6.431798276
CNc1nc(NCCCN(C)C)c2sc(-c3ccc(OC(F)(F)F)cc3)cc2n1,5.552841969
O[C@@]1(CC23CCC(CC2)(CO3)NCc2ccc3OCC(=O)Nc3n2)Cn2c3c1c(F)c(Cl)nc3ccc2=O,4.22184875
CC(N1CCOCC1)C(O)(c1cccnc1)c1cccnc1,4.22184875
N1CCC(CC1)N(c1cccc2c1cn[nH]2)Cc1ccccc1,5
CC1(C)[C@H](Nc2c(C(N)=O)cnn3cc(-c4cncnc4)cc23)CC[C@]1(C)N,5.070581074
O[C@]1(CN2CCC1CC2)C#Cc1ccc(Oc2ccc(cc2)C(=O)NC2CCCS(=O)(=O)C2)cc1,4
O=C1COc2c(N1)nc(cc2)CNC1CCN(CC1F)CCn1c(=O)ccc2c1cc(cn2)Oc1nocc1,4
C[C@H]1OC(=O)[C@@]2(CC(F)(F)[C@@H](C)[C@H](\C=C\c3ccc(cn3)-c3cccc(C)c3F)[C@H]12)C(N)=O,4.886056648
COc1cccc(c1)C(=O)Cn1c(=O)n(C)c2c(C#N)c(N3CCC[C@H](N)C3)n(CC=C(C)C)c2c1=O,5.795880017
Cc1ncc(s1)[C@]1(O)CC[C@@H](CC1)N1CC(C1)NC(=O)CNc1ncnc2ccc(cc12)C(F)(F)F,4.301029996
Fc1ccc(cc1)N1CCN(CC1)C(=O)[C@@H]1CCCC[C@H]1C(=O)NC1(CC1)C#N,4.508638306
Cl.Cl.FCCOc1ccccc1CCN1CCN(CCc2ccccc2)CC1,5.260427656
Cc1ccc(CNC(=O)[C@@H]2CNC[C@H]2c2ccc(C(F)(F)F)cc2)cc1,5.048176965
N#Cc1ccccc1Cn1c(nc2c(c1=O)cc([nH]2)C)N1CCCC(C1)N,3.522878745
Cc1ccccc1[C@@H]1CCN(C[C@@H]2CCc3cccnc3[C@@H](O)C2)C[C@H]1CO,4.698970004
CN1C2CCC1CC(C2)OC(c3ccccc3)c4ccccc4N,6.070019409
Cc1c([C@@H](O)CN2CCC3(CC2)CC(=O)N(c2ccc(C#N)cn2)C3)ccc2c1COC2=O,5.744727495
O=C(Nc1c(cccc1C)C)CC12[NH+](CCC1)CCC2,4.690369833
COc1cc(ccc1-n1cnc(C)c1)-c1cn(nn1)[C@H]1C[C@H](CCN(CC(C)(C)C)C1=O)C(C)(C)C,5.677780705
COc1cnc(OC)c([C@H](c2cc3cc(C#N)ccc3nc2OC)[C@@](O)(CCN(C)C)c2cc(OC)nc(OC)c2)c1,5.508638306
CC(COc1cccc(c1N1CCCC(C1)N)/C=C\1/SC(=O)NC1=O)C,4.638272164
Clc1ccc(Cn2cc(NCCN3CCOCC3)nn2)cc1Cl,5
COc1cc(ccc1NS(=O)(=O)c1ccc(cc1)C(C)C)C12CNCC2C1,5.886056648
Nc1nc(N2CCC(N(CCc3ccc(Cl)cc3)Cc3cc(F)ccc3F)CC2)n[nH]1,5.468521083
CC(C)CC1(CCCN1)C(=O)c1ccc2[nH]ncc2c1,5
C[C@H]1OC(=O)[C@@]2(CC(F)(F)[C@@H](C)[C@H](\C=C\c3ccc(cn3)-c3ccccc3C#N)[C@H]12)C(C)(C)C(N)=O,4.630784143
O=C1CCC(C2CCN(Cc3ccccc3)CC2)(C(=O)N1)c4ccccc4,5.090000276
CC(C)Cc1cc(CNS(=O)(=O)c2cccc3cccnc23)nn1-c1ccccc1,5.330683119
CC1OC2(CCN(CCc3ccccc3)CC2)CN(c2ncccc2F)C1=O,5.920818754
CC(C)[C@@]1(CC[C@H](C1)N[C@H]1CCOC[C@H]1O)C(=O)N1CCN(CC1)c1cc(ccn1)C(F)(F)F,6.522878745
CCn1cc(cn1)[C@]1(N[C@H](Cc2c1[nH]c1ccccc21)c1nc(c[nH]1)-c1ccc(F)cn1)c1nn(CCN(C)C)c(=O)o1,5.468521083
CC(C)S(=O)(=O)N[C@H]1CN(C[C@@H]1c1ccc(cc1)-c1cccc(NS(C)(=O)=O)c1)c1ccccc1,5.886056648
O=C(c1ccccc1)C1CCN(CC1)CCCc1ccccc1,6.701146924
O(C(=O)c1ccccc1)[C@H]1C[C@H]2[NH+]([C@H](CC2)[C@@H]1C(OCC)=O)C,5.920818754
CC(S(=O)(=O)NC1COCC1c1ccc(cc1)c1cscc1)C,4.200659451
C[C@H]1Sc2ccccc2O[C@@H]1c1ccc(OCCCN2CCCC2)cc1,9
Fc1ccc(cc1)C(NC(=O)CC1CCN(Cc2ccn(c2)-c2ccc(cn2)C(F)(F)F)CC1)c1ccc(F)cc1,6.096910013
CN1CCN(CC1)c1cccc2OC[C@H](Cc12)NC(=O)c1ccc(OCC(F)(F)F)nc1,5.102372909
CC1(C)C[C@@H](NC(=O)c2ccc3[nH]ncc3c2)c2cc(-c3ccc(Cl)cc3)c(nc2O1)-c1ccc(Cl)cc1Cl,6.22184875
CC[C@H]1OC(=O)[C@H](C)C(=O)[C@H](C)[C@@H](O[C@@H]2O[C@H](C)C[C@@H]([C@H]2O)N(C)C)[C@](C)(O)C[C@@H](C)C(=O)[C@H](C)[C@H]2N(C3CN(Cc4ccnc5ncccc45)C3)C(=O)O[C@]12C,4.096910013
NC(=O)C1CCN(Cc2ccc(Oc3nc4ncccc4s3)cc2)CC1,5.050609993
C(CN1CCOCC1)Oc1ccn(n1)-c1ccc2ccccc2c1,5
COC(=O)NCCc1ccccc1-c1ccc([C@H]2CNCC[C@@H]2c2ccn(C)c(=O)c2)c(Cl)c1,4.987162775
O[C@H]1C[C@@H]2[NH+]([C@@H](CC2)[C@H]1C(OC)=O)C,2.220043201
CCOc1nc(cc(c1C#N)N)C(=O)NCc1cccnc1,4
NCC[C@H](Oc1ccc(cc1)C(F)(F)F)c1ccccc1,5.638272164
NCc1c(C)nc2c(c1c1ccc(cc1Cl)Cl)CN(C2=O)CC(=O)N(C)C,4.096910013
COc1ccccc1N1CCC2CN(CCCSc3nnc(-c4cnccn4)n3C)CC21,5.699991797
CN(Cc1ccc(OC2CN(C2)C(=O)c2nnc(o2)-c2ccccc2)cc1)CC1(C)COC1,4.853871964
Cn1c(SCCCN2C3CCC2CC(C3)c2ccc(cc2)C(F)(F)F)nnc1c1ocnc1C,6.823908741
C[C@H](Nc1c(C(N)=O)nnc2ccc(-c3ccc(OCCCN(C)C)nc3)cc12)C1CCOCC1,4.619788758
CC/N=C(\c1ccc(OC)c(OC)c1)N1CCCc2cc(C3=NNC(=O)SC3C)ccc21,5.180002266
Cc1cc(C)nc(Nc2cc(NC[C@@H](N)CC(F)F)cnc2C(N)=O)c1,5.283996656
N#Cc1ccc2c(c1)CCC(C2)N1CCC2(CC1)CC(=O)c1c(O2)ccc(c1)NS(=O)(=O)C,8
COc1ccc(CCNC(C)COc2c(C)cccc2C)cc1OC,5.214670165
CN1CCC[C@@H]1Cn1nc(Cc2ccc(Cl)cc2)c2nccnc2c1=O,5.900008766
Fc1cccnc1N1C[C@@H](N(CC1)/C(=N/C#N)/Nc1ccc(cc1)C(C)(C)C)C,6
Cc1c([C@@H](O)CN2CCC3(CC2)CCN(c2ncns2)C3=O)ccc2c1COC2=O,4.910094889
CN1CCN(Cc2ccc-3c(Cc4c-3n[nH]c4-c3csc(c3)C#CCCO)c2)CC1,5
O[C@]1(CC[C@@H](CC1)N[C@H]1CCN(C1)C(=O)C1CCN(CC1)c1cccc(c1)C(F)(F)F)c1ccc(cn1)-c1ncccn1,5.045757491
CC1(C)Oc2ccc(NC(=O)c3ccc(Cl)cn3)cc2[C@@]2(COC(N)=N2)C11COC1,4.684029655
CN1CCN(CC1)c1cccc(c1)-c1nc2ncc(Cl)c(N3CCN(Cc4cc(C)on4)CC3)c2[nH]1,5.022276395
Cc1ccccc1-c1nc2cc(-c3ccc(Cl)cc3)sc2c(=O)n1CC1CCCN(C(C)C)C1,5.677780705
COc1ccc2c(c1)c(ccn2)NC(=O)C1CCC(CC1)NCc1ccc2c(c1)OCCO2,4.602059991
Fc1ncc2c(c1)CO[C@@]12CCN(CC1)Cc1ccc(cc1)[C@H](c1ccc(c(c1)F)F)O,6.283996656
COc1cc(ccc1-n1cnc(C)c1)-c1cn(Cc2cc(cc(c2)C(F)(F)F)C(F)(F)F)nn1,6.408935393
CCOc1cc(CN2CCC(CC2)Nc2nc3cc(ccc3o2)C(O)=O)cc(OCC)c1Cl,5
CNC(=O)c1cccc(OCCCCN2CCC(c3noc4cc(F)ccc34)CC2)c1,5.987162775
FC(F)(F)c1cccc(NC(=O)N2CCN(C[C@@H]3CCCN(C3)C3CC3)CC2)c1,4.886056648
CC(C)OC[C@H](Oc1ncnc2c1cnn2-c1ccccc1Cl)C(=O)Nc1ccc(C#N)cn1,4.900001867
O=CN(C(CS(=O)(=O)N1CCC(CC1)OCc1ccc(cc1Cl)Cl)(CC(c1ncc(cn1)F)C)C)O,5.096910013
CCN(CC)C(=O)c1ccc(cc1)C1=CC2(CCNC2)Oc2ccccc12,5.193820026
Cc1c(CN2CCOCC2)cc(-c2ccc(C(C)C)cc2)n1C(C)C,4.795880017
Clc1ccc(cc1)[C@H]([NH+]1CC[NH+](CC1)CCOCC(=O)[O-])c1ccccc1,4.522878745
Cl.N[C@@H]1CCC=C(c2ccc(F)cc2)[C@H]1CNc1cc(F)c(S(=O)(=O)Nc2cscn2)cc1Cl,5.337242168
[S-]c1ncccc1C(=O)N1CC[C@@H]([NH2+]Cc2n(cnc2)Cc2ccc(cc2)C#N)C1=O,4.958607315
CNC(=O)CC[C@@H](CO)N(C)C(=O)c1ccc2n(C)c3CC[C@H](Cc3c2c1)C1CCOCC1,4.48148606
CCN(CC(=O)NC1CC1)C(=O)c1ccc2n(C)c3CCC(Cc3c2c1)C1CCOCC1,4.48148606
COc1ccccc1Oc1cccc(CN2CCC3(CC2)CCN(CC3)C(=O)c2ccncn2)c1,5.721246399
CC(Oc1ccc(cc1C(=O)N1CCN(CC1)c1ccc(cc1F)C#N)S(C)(=O)=O)C(F)(F)F,5.522878745
Cc1nc2ncccc2c(=O)n1-c1ccc(OC2CCN(CC2)C2CCC2)cc1,5
COc1c(OC)ccc2c1c[n+](C)c1c2ccc2c1cc1OCOc1c2,6.958607315
NCCCN(Cc1cncn1Cc1ccc(cc1)C#N)[C@H]1CCN(Cc2ccccc2)C1=O,6.318758763
Fc1cccc(c1)N(C1CCN(CCC2(CCN(CC2)C(=O)c2c(F)cccc2F)c2cccc(F)c2)CC1)C(=O)NCc1ccc(cc1)C#N,5.920818754
CC(C)n1c(C)ncc1-c1ccnc(Nc2ccc(C(N)=O)c(F)c2)n1,5
Cc1c(C(C)CN2CCN(C(=O)Cc3ccc(-n4cnnn4)cc3)CC2)ccc2c1COC2=O,4.22184875
NC(=O)[C@@H]1CC[C@H](c2ccc(Oc3ccc(F)cc3)cc2)N1,5.299997603
CCN(CC)CCSc1nc(-c2cc(OC)c(Cl)cc2Cl)c2c(c[nH]c2n1)C#N,5.853871964
COc1cc(/C=C/c2nc3sc4c(c3c(=O)[nH]2)CCC4)ccc1-n1cnc(C)c1,5.325138859
Clc1ccc(cc1)C(CCNC1CCN(C1)C(=O)N1CCC(C1)N(C(=O)c1ccc(cc1)c1ccc(cc1)C(F)(F)F)C)(C)C,5.585026652
CC(=O)N1CCN(CC1)[C@H]1C[C@H](C1)n1cc(-c2cccc(OCC34CCC(CC3)O4)c2)c2c(N)ncnc12,4.823908741
Cc1nc2cc(F)ccc2c(=O)n1-c1ccc(OCCCN2CCCC2)cc1,5.22184875
Cn1c(SCCCN2C[C@@H]3[C@](C2)(C3)c2ccccc2)nnc1c1ocnc1C,5.801342913
c1ccc(Cc2cc3c(s2)CCN2Cc4ccccc4CC32)cc1,4.671620397
CC(C)N1CCN(CCN2CCN(C2=O)c2cccc(Cl)c2F)CC1,4.700000504
Cc1ccc(cc1)OCCCc1cccc([n+]1C)C#CCOc1ccccc1,5.537602002
CC(C)(C)NCC(O)COc1ccccc1C2CCCC2,5.050000457
N[C@@H]1CO[C@H]1COc1ccc2ncc(F)c(CCC34CCC(CC3)(CO4)NCc3ccc4OCC(=O)Nc4n3)c2n1,4.752026734
Cc1nnc2CCc3cc(ccc3-n12)-c1cncc(c1)[C@@](C)(O)C(F)(F)F,4.522878745
O=C(C(n1c(nc2c1cc(F)c(c2)F)c1ccc(cc1)Cl)C1CCCCC1)Nc1ccc(cc1F)OC1(CC1)C(=O)O,4.698970004
Cc1cn(CC(O)c2ccc(Cl)cc2Cl)c(N)n1,4.477555766
N=C(c1cccs1)Nc1ccc2c(c1)N(CC2)C1CNCC1,4
O=C(NC1CCC(CC1)(O)c1ccc(c(c1)C)O)CCc1ccccc1,4.522878745
COCCN1CC=CC[C@@H](C1)c1ccc(Cl)c(Cl)c1,5.27572413
Cc1nc2ccccc2n1[C@@H]1C[C@@H]2CC[C@H](C1)N2CCC1(CCN(CC1)C(=O)C(C)(C)C)c1ccccc1,6
CS(=O)(=O)Cc1cc(nc(n1)-c1ccc2[nH]ccc2c1)N1CCOCC1,4.494850022
Cn1c(SCCCN2CC3C(C2)N(CC3)c2ccc(cc2)C(F)(F)F)nnc1c1nccs1,7
O=C(O)C(=O)O.c1ccc(-c2ccc(OCCCCCN3CCCCCC3)cc2)cc1,5.692503962
Fc1ccc(cc1)C(=O)N1CCN(C(=O)C1)c1ccc(cc1)OC1CCN(CC1)C1CCC1,4.494850022
Brc1ccc(cc1)N(C1CCN(CC1)C1CCCC1)C(=O)Nc1ccccc1,6.725842151
NC1CN(CCC1c1cc(F)c(cc1F)F)c1ccc2n(n1)c(=O)cc(n2)C,4.478861916
Fc1ccc(cc1)/C=C/NC12CCC(CC1)(OC2)CC1(O)Cn2c3c1c(F)cnc3ccc2=O,7.193820026
OCCOc1ccc2ncc(F)c(CCC34CCC(CC3)(CO4)NCc3ccc4OCC(=O)Nc4n3)c2n1,5.537602002
Cc1c([C@@H](O)CN2CCC3(CC2)CC(=O)N(c2ccns2)C3)ccc2c1COC2=O,5.096910013
Cc1ccc(-c2c[nH]c([C@H]3Cc4c([nH]c5ccccc45)[C@@H](C4CCOCC4)N3)n2)cc1,6.995678626
OC(=O)C12CN(CC2C1)C1CCC2(C1)Cc1ccccc1Cc1c2cccc1,4.397940009
C[C@@H]1CCCN1CCc1ccc2nc(ccc2c1)-c1ccc(C)nc1,4.578396073
O=C(NC1CN(C1)C1CCC(CC1)(O)c1cncs1)CNc1cc(nc2c1cc(cc2)C(F)(F)F)C(F)(F)F,4.442492798
Cn1c(SCCCN2CC3CCN(c4ccccc4C(F)(F)F)C3C2)nnc1-c1cnccn1,5.899629455
Cc1cc2ncc3c(n2n1)CN([C@H]1CC[C@H](c2cc(F)c(F)cc2F)[C@@H](N)C1)C3,6.22184875
N#Cc1ccccc1Cn1c(nc2c(c1=O)cc([nH]2)c1cccnc1)N1CCCC(C1)N,3.522878745
C(Oc1ccccc1CC(N1CCNCC1)c1ccccc1)C1CC1,5.528708289
O[C@H](CNC(=O)c1cnnc2ccccc12)CN1CCC(CC1)Oc1ccc(Cl)c(Cl)c1,5.200659451
O=C(NC1CCC(CC1)c1ccc(c(c1)F)O)CCc1ccccc1,5
FC(F)(F)c1cc(Nc2ccccc2)nc(NCc2ccccn2)n1,4.396855627
Cc1c(Cl)ccc(OC2CCN(C[C@H](O)CNC(=O)c3c[nH]c(=O)c4ccc(cc34)S(C)(=O)=O)CC2)c1Cl,4.500312917
CC1(C(=O)N2CCO[C@@H](c3nc(-c4ccc(C(=O)Nc5cc(C(F)(F)F)ccn5)cc4F)c4c(N)nccn34)C2)CCC1,4.853871964
COc1ccc2c(CCCC22CCN(CCCSc3nnc(-c4ocnc4C)n3C)C2)c1,5.699991797
OC1(CNCC(=O)N2CCc3ccccc3C2C2CCCCC2)CCCCC1,4.336299075
C[C@H](NC(=O)C1(N)CCN(CC1)c1ncnc2[nH]ccc12)c1ccc(Cl)cc1,5.17088929
Cc1c(C(=O)CC#N)oc2ccc(Cl)cc12,7.522878745
CN(C)c1ccc(CNC(=O)[C@@H]2CNC[C@H]2c2ccc(C(F)(F)F)c(Cl)c2)cc1,5.121478204
Cc1c2C(=O)N(Cc3ccccc3-c3ccccc3)C(C(=O)NC(C)(C)C)c2ccc1O,4.460087498
OC(C(N1CCCOCC1)c1ccccc1)(c1cccnc1)c1cccnc1,5.455931956
CCOC(=O)N1CCN(Cc2nnc(o2)-c2cc(Cl)ccc2F)CC1,4.48148606
Cc1ccc(cn1)N1CCN(CCN2Cc3ccccc3C2)C1=O,4.500312917
Cn1c(CCCCN2CC3[C@@](C2)(C3)c2ccc(cc2)C(F)(F)F)nnc1c1cscc1,7
COC(=O)c1coc(CN2CCN(CC2)C(=O)CC(c2ccc(F)cc2)c2ccc(Br)cc2)n1,5.657577319
OC[C@H](NC(=O)NC1CCN(Cc2ccn(c2)-c2ccc(cc2)C(F)(F)F)CC1)c1ccccc1,4.588380294
CCS(=O)(=O)Nc1cc(-c2cn(C)c3c(=O)[nH]ccc23)cc2c1ccn2C(C)(c1ccccn1)c1ccccn1.Cl,4.533755364
COc1ccnc(CS(=O)c2nc3cc(OC(F)F)ccc3[n-]2)c1OC,5.350003493
COc1cnc(OC)c2[nH]cc(C(=O)C(=O)N3CCN(CC3)C(=O)c3ccccc3)c12,4.096910013
CC#CC(=O)N[C@H]1CCCN(c2c(F)cc(C(N)=O)c3[nH]c(C)c(C)c23)C1,4.958607315
NC(=O)c1cccc(N[C@@H]2C[C@@H]3CC[C@H](C2)N3Cc2ccccc2)c1,5.958607315
Cl.FCCOc1ccc(CCN2CCC(CCc3ccccc3)CC2)cc1,6.455931956
COc1ccc(CCN2[C@H](CN(NS(=O)(=O)CF)C2=O)c2ccc(OC)cc2)cc1,4.548213564
CN(CCCN1CCN(CC1)c1cccc(Cl)c1Cl)C(=O)c1cc(-c2ccccc2)n(C)c1C,6.301029996
CC(=O)Nc1cccc(C2CCN(Cc3ccc(C(=O)c4nc5ccccc5n4-c4ccc(F)cc4)cc3F)CC2)c1,5.721246399
N#C[C@@H]1C[C@H](F)CN1C(=O)[C@@H](N)Cc1cc2c(cc1Br)OCO2,4.318758763
COc1cccc2c3nc(CN4CCN(C[C@H]4C)c4ccccn4)nn3c(N)nc12,4.602059991
CCOc1cc([C@](O)(CCN(C)C)[C@@H](c2cc3cc(Br)ccc3nc2OC)c2cccc(OC)c2OC)cc(OCC)n1,5.259637311
CC#CCn1c(nc2c1c(=O)n(Cc1nc(C)c3c(n1)cccc3)c(=O)n2C)N1CCCC(C1)N,4.522878745
O=C(c1ccc(c(c1)Cl)Cl)C1CCN(CC1)CCCc1ccccc1,6.477555766
O[C@@]1(CC23CCC(CC2)(CO3)NCc2ccc3OCCOc3c2)Cn2c3c1c(F)cnc3ccc2=O,4.782516056
NC(=O)[C@@H]1CC[C@H](c2ccc(Oc3ccccc3)cc2)N1,4.900001867
CN1CCC(COCc2cc(cc(Cl)n2)C(F)(F)F)(CC1)c1ccccc1,4.602059991
CC(Cc1ccccc1)NCCC(c1ccccc1)c1ccccc1,7.187086643
O[C@H](CNC(=O)c1cn[nH]c1C1CC1)CN1CCC(CC1)Oc1ccc(Cl)c(Cl)c1,5.602059991
CCOc1cc(ncc1C#N)C(O)CN1CCN(C[C@H](O)c2ccc3C(=O)OCc3c2C)CC1,4.989984294
COc1cc2c(cc1OC)ncnc2N1CCC(CC1)CCNS(=O)(=O)N,6.221125528
CCNS(=O)(=O)c1cc(C(=O)N2CCC(CCN3C4CCC3CC(C4)n3c(C)nc4ccccc34)(CC2)c2cccc(F)c2)c(Cl)cc1F,4.520000247
Cn1nc(cc1-c1ccccc1)C(=O)N1CCC(CC1)Oc1ccc(CN2CCCC2)cc1,5.13076828
Ic1cc(cc(I)c1OCC[NH+](CC)CC)C(=O)c1c2c(oc1CCCC)cccc2,6
NC1(CCN(CC1)c1ncnc2[nH]ccc12)C(=O)N[C@@H](CCN1CCCC1)c1ccc(Cl)cc1,4.677780705
NC(=O)c1cccc(O[C@H]2C[C@@H]3CC[C@H](C2)N3C2CCCc3ccccc23)c1,9
Fc1ccc(cc1)C(NC(=O)CC1CCN(Cc2ccn(c2)-c2ccc(cc2)C(F)(F)F)CC1)c1c[nH]c(=O)c(Cl)c1,4.500312917
COc1ccc(cc1)[C@@H](C)N[C@@H]1CC[C@@H](C(=O)N2CCC(CC2)(N2CCCCC2=O)c2ccccc2)C(C)(C)C1,5
FC(F)(F)Oc1cccc(c1)N1CCN(CCN2CCC(CC2)C(F)(F)F)C1=O,5.400116928
COC[C@@](C)(N)c1nc(-c2ccc(OC(F)(F)F)cc2)c[nH]1,5.431798276
CN(C1CCN(Cc2ccc(cc2)C(F)(F)F)CC1)C(=O)Cc1ccc(c(F)c1)S(C)(=O)=O,5.537602002
CC(=O)Nc1cc(-c2cccc(N3CCN(C)CC3)n2)nc(-n2nc(C)cc2C)n1,6.26760624
CC(N1CCC(C1)N(C(=O)c1ccc(cc1)Cn1c(C)nc2c1cccc2)C)C,4.522878745
O=C(NC1CC1)c1ccc(cc1)-c1ccc2C(=O)N(CCN3CCCC3)CCc2c1,4.958607315
CN(C)[C@H]1CC[C@H](n2cc(C(N)=O)c(Nc3ccc(Cl)cc3)n2)[C@@H](C#N)C1,4.913640169
Cn1c(SCCCN2CC3CCN(c4ccc(C(F)(F)F)cc4)C3C2)nnc1-c1cc[nH]c(=O)c1,5.899629455
C1CCN(C1)[C@@H]([C@H](N1CCCC1)c1ccccc1)c1ccccc1,4.500312917
CN(C)C(=O)[C@@H](c1ccc(-c2ccc(F)cc2)cc1)[C@H](N)C(=O)N1CC[C@H](F)C1.O=C(O)C(F)(F)F,5.337242168
[O-][S@@+]1CC[C@H](CC1)C(=O)N[C@H](c1ccc(cc1)F)CCN1[C@@H]2CC[C@@H]1C[C@@H](C2)n1c(C)nc2c1cncc2,5
S1C=2N(c3c(cc(F)c(N4CCN(CC4)CC=4OC(OC=4C)=O)c3)C(=O)C=2C(O)=O)[C@H]1C,3.500038134
Cc1cc(nc2c(CCC34CCC(CC3)(CO4)NCc3ccc4OCC(=O)Nc4n3)c(F)cnc12)S(C)(=O)=O,9
O=C(Nc1ccccc1)NS(=O)(=O)c1ccc(OCCN2CCCCC2)cc1,4.559090918
CC(=O)N1CCC(n2ncc(Nc3ncc(Cl)c(-c4cnc5ccccn45)n3)c2C)CC1,4.677780705
COc1ccc2CC3N(C)CCc4cccc(c34)c2c1O,6.169989064
CCCCN(CCCC)CC(O)c1cc(Cl)cc2\C(=C\c3ccc(Cl)cc3)c3cc(Cl)ccc3-c12,5.091514981
CCOCCn1c(nc2ccccc12)N1CC[C@@H](C1)N(C)C,6.698970004
Cn1c(SCCCN2C[C@@H]3[C@](C2)(C3)c2ccc(cc2)C(F)(F)F)nnc1c1cncnc1,5.500312917
N#CC1CCCN1C(=O)CNC(CNC(=O)c1cnc2n(c1)nc(c2)C)(C)C,3.301029996
O[C@H]1CNCCC[C@@H]1n1c2ccc(C(F)(F)F)cc2c2cc(C(F)(F)F)ccc21,5.928117993
Cc1ccc2c(cccc2n1)-c1nnc(SCCCN2CCc3nc4cc(ccn4c3CC2)C(F)(F)F)n1C,6.602059991
C(N1CCN(Cc2nc3ccccc3s2)CC1)c1nnc(o1)-c1ccccc1,4.522878745
CON=C1CN(CC1(C)CN)c3cc2n(cc(C(O)=O)c(=O)c2cc3F)C4CC4,4.04999997
Fc1ccc2c(noc2c1)C1CCN(CCCCNS(=O)(=O)c2cc3ccccc3s2)CC1,5.397940009
CCOC(=O)Nc1ccc(cc1)[C@H](N1CCN(Cc2cscn2)CC1)c1ccc(cc1)C(=O)N(CC)CC,5.13667714
CO[C@@H]1COCC[C@@H]1N[C@@H]1CC[C@](C1)(C(C)C)C(=O)N1CCN(CC1)c1cc(ncn1)C(F)(F)F,4.370590401
C/C=C/1\N(C)C(CC1(c1ccccc1)c1ccccc1)C,4.301029996
C/C=C1/N(C)C(C)CC1(c1ccccc1)c1ccccc1,4.300000202
C[C@@H]1CCCN1CCc1ccc2nc(ccc2c1)-c1oc(C)nc1C,4.397940009
Nc1nc2cc3CCN(Cc4ccc(F)cc4)CCc3cc2s1,5.443697499
CO[C@H]1CN(CCn2c3cc(OC)ccc3ncc2=O)CC[C@@H]1NCc1cc2OCCOc2cn1,4.031517051
Clc1cc(Cl)ccc1[C@@]1(OC(CO1)COc1ccc(N2CCN(CC2)C(=O)C)cc1)Cn1ccnc1,5.721246399
COc1cccc2OC[C@H]3CN(CCCCN4C(=O)Nc5c(sc6ncc(nc56)c7ccccc7)C4=O)C[C@H]3c12,5.459996055
Clc1ccc(cc1)C(=O)n1c2c(cc(OC)cc2)c(CC(=O)[O-])c1C,3.522878601
COC1COCCC1NC1CCC(C1)(C(C)C)C(=O)N1CCN(CC1)c1ncnc(c1)C(F)(F)F,4.370590401
CN1CCC(COCc2cc(Cl)cc(n2)C(F)(F)F)(CC1)c1ccccc1,4.920818754
CCNC(=O)c1ccc(cc1)c1ccc2c(c1)CCN(C2=O)CCN1CCCC1C,5.13076828
Fc1cccc(CN([C@H]2CCNC2)C2CCOCC2)c1C(F)(F)F,5.795880017
Cn1cccc1CNC(=O)CC1CCN(Cc2ccn(c2)-c2ccc(cc2)C(F)(F)F)CC1,5.619788758
CCC(CC)Nc1cc(cc(COCC2(CCN(C)CC2)c2ccc(F)cc2)n1)C(F)(F)F,5.148741651
NCCCCN(Cc1nccc2c3ccccc3n(CCCN3CCNCC3)c12)[C@H]1CCCc2cccnc12,5.387216143
COc1cc([C@](O)(CCN(C)C)[C@@H](c2cc3cc(C#N)ccc3nc2OC)c2cccc3c2OCO3)cc(OC(F)F)n1,5.318758763
CCc1cccc(Nc2cc(N[C@@H]3CCCC[C@@H]3N)nnc2C(N)=O)n1,5.200659451
Cc1cccc(c1)N1CCN(CC1)CCCCCCN1CCN(CC1)c1cccc(c1)C,5.657577319
COc1cc(ccc1-n1cnc(C)c1)-c1cn(Cc2ccc(cc2)-c2noc(n2)-c2ccncc2)nn1,5
CCCCCCCN(CC)CCCCCc1ccc(Cl)cc1,6.910094889
Nc1c(Br)cc(Br)cc1CNC2CCC(O)CC2,4.820000358
CCN(CC)Cc1ccc(Nc2ccnc3cc(Cl)ccc23)cc1O,5.408935393
Cc1ncccc1-c1nc2cn(-c3cccc(OC(C)C)c3)nc2c(=O)n1C[C@H]1CCCN(C[C@H]2CCCO2)C1,5.167491087
COc1ccc(cc1C(N)=O)-c1ccc2c(nc(nc2n1)N1CCOC[C@@H]1C)N1CCOC[C@@H]1C,4.494850022
COc1ccc(C2(c3cccc(-c4cccnc4)c3)CC(OC)C(N)=N2)cc1,5.602059991
C[C@H](N)CNc1nc(cc2cnccc12)-c1ccncc1,4.522878745
CN1CCN(CC1)c1cc(Cl)c2nc(Nc3ccc(Br)cn3)[nH]c2c1,5.13667714
CCN1CCN(CC1)Cc1cnc(c(c1)F)c1ccc(cc1)C(=O)Nc1ccccc1N,4.508638306
Cn1cc(cn1)-c1ccc2c(c1)[nH]c1c(ccc(NC3CCCCC3)c21)C(N)=O,6.22184875
CC(Cn1ccnc1)NC(=O)NC1CCN(Cc2ccn(c2)-c2ccc(cc2)C(F)(F)F)CC1,4.500312917
CN1[C@@H](C[C@H](CN2CCCCC2)C1=O)C#Cc1ccccc1,5.167491087
CC1=C(CCN2CCC(=C(c3ccccc3)c4ccc(F)cc4)CC2)C(=O)N5C=CSC5=N1,7.030118356
O(C(=O)C=1CN=C2C=1C=CC=C2)C1C[C@@H]2[NH+]3[C@@H](C1)CC(C2)C(=O)C3,5.225483034
Fc1cccnc1-c1ccc2[nH]nc(-c3cncc(O[C@H]4CNCCC44CC4)n3)c2c1,5.522878745
COc1ccc(cc1)[C@@H](O)C[C@@H]1N(C)CCc2cc(OC)c(OC)cc12,6.102372909
CC(C)N1CCN(c2ccc(/C(=C(/CCCO)c3ccccc3)c3ccc(Br)cc3)cc2)CC1.Cl.Cl,4.815308569
CN(C)C(=O)COc1ccc-2c(Cc3c-2n[nH]c3-c2csc(c2)C#CCOc2ccccc2)c1,5
Fc1cnc(CCN2C(C(=O)NCc3ccc(F)c(c3)C(F)(F)F)c3ccccc3C2=O)nc1,4.48148606
Nc1nc2cc3CCN(Cc4cccnc4)CCc3cc2s1,4.677780705
C[C@@H]1OCC2(CCN(c3nc4[nH]nc(-c5ccnc(NC6CC6)c5Cl)c4c(=O)n3C)CC2)[C@@H]1N,4.769551079
COc1ccc(cc1)[C@H]1Sc2ccccc2N(CCN(C)C)C(=O)[C@H]1OC(C)=O,4.760000207
Oc1ccc(cc1)c2sc3cc(O)ccc3c2C(=O)c4ccc(OCC[NH+]5CCCCC5)cc4,4.589999287
Clc1ccc(cc1)[C@@H](O)CN1CCC(CC1)Cc1ccc(F)cc1,7.698970004
CC[C@H]1OC(=O)[C@H](C)[C@@H](O[C@H]2C[C@@](C)(OC)[C@@H](O)[C@H](C)O2)[C@H](C)[C@@H](O[C@@H]2O[C@H](C)C[C@@H]([C@H]2O)N(C)C(C)C)[C@](C)(O)C[C@@H](C)[C@H](OCC(=O)NC)[C@H](C)[C@@H](O)[C@]1(C)O,3.686765708
Clc1ccc(cc1)C(NC(=O)C1(N)CCCN(C1)c1ncnc2c1cc[nH]2)CCS(=O)(=O)N,4.477555766
CC(=O)C1=NN2[C@@H](COc3ccc(Cl)cc23)C1(CCCN1CCOCC1)c1ccccc1,5.48148606
Cc1c(CN2CCOCC2)cc(-c2ccc(C(C)C)cc2)n1C1CCCCC1,4.301029996
S(C[C@@H]1C[C@@H]2[C@H]([NH+](C1)CCC)C[C@@H]1c3c2cccc3N=C1)C,6.920818754
Nc1nc2ccc(OC3CCOC3)nc2n1CC(O)c1ccc(cc1Cl)C(F)(F)F,4.779891912
O=C(NC1CC1c1ccccc1)N1CCC(CC1)c1nc(no1)-c1ncccn1,4.522878745
COc1ncc(cn1)-c1c(C)ccc(F)c1CCNC(=O)c1ccc(OCC(F)(F)F)nc1,4.900001867
Cc1cc(Cl)cnc1C(=O)Nc1ccc2OC(C)(C)C3(COC3)C3(COC(N)=N3)c2c1,5
O=C(Oc1cccc(c1)c1occc1C(=O)N)NCCCCCCc1ccccc1,5
CC(=O)N1CCC[C@@H](c2nc(-c3ccc(C(=O)Nc4cc(C(F)(F)F)ccn4)cc3F)c3c(N)nccn23)C1,5.619788758
Cc1nn(C2CCN(C(=O)[C@H](C)O)CC2)c(C)c1Nc1ncc(Cl)c(-c2cnn3ccccc23)n1,4.638272164
COc1ccccc1Oc1ccccc1CN1CCC2(CC1)CCN(CC2)C(=O)c1ccc[nH]c1=O,5.09420412
CCc1ccccc1OC[C@@H](O)CN[C@H]2CCCc3ccccc23,4.969999718
COc1ccc(cc1)[C@H]1CN(CCc2cccc(OC)c2)C[C@@H]1CNC(=O)c1cccc(Cl)c1,9
COc1ccc2c(c1)CNCCS2,5.153106457
OC(COc1ccc(cc1)NS(=O)(=O)C)CNCCc1ccc(c(c1)C)C,5.619788758
Cc1cc(ccc1-c1ccnc(NCc2[nH]nc(c2Cl)-c2ccccn2)c1)C#N,4.522878745
CCC(c1ccccc1)NC(=O)c1c(S(=O)C)c(nc2c1cccc2)c1ccccc1,4.48148606
CC(C)c1c(CN[C@H]2CC[C@@H](F)C2)nc(-c2ncccc2Cl)n1-c1ccc(C)nc1,4.823908741
FC(F)(F)C1CCN(CCN2CCN(C2=O)c2cccc(Cl)c2)CC1,5.900008766
ONC(=O)\C=C\c1ccc2CN(Cc2c1)S(=O)(=O)c1ccc(cc1)C(F)(F)F,4.522878745
CCN(CC)C(=O)c1ncc(cn1)C1=CC2(CCNCC2)Oc2ccccc12,4
Clc1ccc(Cn2c(\C=C\C3CCN(CC4CCCCC4)C3)nc3cc(Br)ccc23)cc1,5.958607315
COc1cc(ccc1Nc1ncc(c(n1)Nc1ccc(cc1OC)N1CCN(CC1)C(=O)C)Cl)N1CCN(CC1)C(=O)C,4.522878745
COc1cccc(c1)C1(O)CCN(CC1)C(C)C(O)c1ccc2NC(=O)CCc2c1,4.958607315
Cc1noc(C)c1-c1nc(NCc2ccccn2)c2c(-c3ccccc3)cccc2n1,5.508638306
C[C@@H]1Oc2ccc(cc2[C@@]2(COC(N)=N2)C11COC1)-c1cccnc1F,5
Cc1ccc(NC(=O)[C@H](COC(C)C)Oc2ncnc3c2cnn3-c2ccccc2Cl)nc1,4.499999679
CC(C(O)c1ccc2NC(=O)CCc2c1)N1CCC(O)(CC1)c1ccc(F)cc1,5.065501549
Cc1nc(ccc1C#N)C(O)CN1CCN(C[C@H](O)c2ccc3C(=O)OCc3c2C)CC1,4.809668302
COC1COCCC1N[C@@H]1C[C@H]2C[C@@H](Cl)C[C@]2(C1)C(=O)N1CCc2ncc(cc2C1)C(F)(F)F,4.301029996
N=C(Nc1ccc2c(c1)CCN2C1CCNCC1)c1cccs1,3.795880017
C[C@@H]1OCC2(CCN(c3cnc4c(-c5cccc(Cl)c5Cl)n[nH]c4n3)CC2)[C@@H]1N,8.397940009
CCN(CC)CCCCNc1nnc(o1)-c1ccc(NC(=O)c2ccccc2F)cc1,4.700000504
CC(=O)C1=NN(\C(S1)=C1\S\C(=N/c2nc(cc(-c3ccccc3)c2C#N)-c2ccccc2)N(C1=O)c1ccccc1)c1ccccc1,5.244125144
COc1cc(N2CC[C@H](C2)N(C)C)c(NC(=O)C=C)cc1Nc1ncc(Cl)c(n1)-c1cnn2ccccc12,5.251811973
Clc1ccc2c(c1)sc(c2)S(=O)(=O)NCCCCN1CCN(CC1)c1nsc2c1cccc2,4.698970004
C1NCC(CC=C1)c1ccc2ccccc2c1,4.812479279
COC(=O)C1(CNC(=O)c2cc(OC)cc(OC)c2)CCN(CC2=Cc3ccccc3OC2(C)C)CC1,5.88941029
CCOc1cc(CN2CCC3(CC2)CC(Cc2ccc(F)cc2)C(=O)O3)cc(OCC)c1-c1ccc(F)cc1,6.022276395
Cl.NC(=O)[C@@H]1CC[C@H](c2ccc(OCc3ccccc3F)cc2)N1,4.900001867
CN(C)[C@@H]1CCN(c2ccc(Cl)c(Cl)c2)c2ccccc12,5.065501549
CC1CN(CCN1c1ncc(cc1F)C(F)(F)F)S(=O)(=O)CC12CCC(C2(C)C)CC1=O,4.200659451
Oc1ccc(-c2nc(NCc3ccccn3)c3c(-c4ccccc4)cccc3n2)cn1,6.301029996
COc1cnc(cn1)C(=O)Nc1ccc2OC(C)(C)C3(COC3)C3(COC(N)=N3)c2c1,5
O=C(N1CCN(CC1)C[C@H](c1ccc2c(c1C)COC2=O)O)Cc1ccc(nc1)n1cnnn1,4.48148606
C(N(Cc1ccccc1)c2ccccc2)C3=NCCN3,5
COc1cc(ccc1-n1cnc(C)c1)-c1cn(nn1)C1CC(CCNC1=O)[Si](C)(C)C,5.202732459
O=C(O)CC1CCC2(CCN(c3ccc(-c4nc5cc(C(F)(F)F)ccc5[nH]4)cn3)CC2)O1,4.759450752
CCOc1cc([C@H](c2cc3cc(Br)ccc3cc2OC)[C@@](O)(CCN(C)C)c2cccc3ccoc23)cc(OC)n1,5.124938737
O=C(N1CCCCC1)c1ccc(cc1)C1=CC2(CCNCC2)Oc2ccccc12,5.522878745
NS(=O)(=O)c1ccc(OCCN2CCCCC2)cc1,4.619788758
CC(=O)c1nn(-c2ccc(Cl)cc2)\c(=N\c2nc(cc(-c3ccccc3)c2C#N)-c2ccccc2)s1,4.93930216
CNC(=O)c1nccc(c1)Oc1ccc2c(c1)sc(n2)NC(=O)Nc1cc(cc(c1)C(F)(F)F)C(F)(F)F,4
NC(c1ccccc1)C(O)(c1cccnc1)c1cccnc1,4.22184875
C1NCC(CC=C1)c1cc2ccccc2o1,4.721246399
CCC(CC)N([C@H]1CCNC1)C(=O)c1cccc(Cl)c1Cl,5.113509275
COC(=O)C1(CNC(=O)c2cc(Cl)cc(Cl)c2)CCN(Cc2ccccc2OC)CC1,6.795880017
Fc1ccc(c(c1)F)C(=O)N1CCN(C(=O)C1)c1ccc(cc1)OC1CCN(CC1)C(C)C,4.200659451
Cc1nc2ccccc2c(=O)n1-c1ccc(OCCCN2CCCC2)cc1,5
CCc1c(C)c2OCC(=O)Nc2nc1CNC12CCC(CCc3c(F)cnc4ccc(OC)nc34)(CC1)OC2,6.15490196
CCN1CCN(CC1)c1cc2[nH]c(nc2cc1Cl)S[C@]1(C)CCC(CC1)N1CCCC1=O,5
Nc1nc2c(s1)CC[C@H]2C(=O)Nc1ccc(C[C@@H]2CC[C@H]([C@H](O)c3cccnc3)N2)cc1,4.632644079
CC(C)N(CCc1c(C)nn2ccccc12)Cc1ccc(\C=C\C(=O)NO)cc1,5
C(N1CCCCC1)c1ccc(Oc2nc3ccccc3s2)cc1,4.522878745
Fc1ccc(Cn2c(nc3ccccc23)[C@H]2CNCCS2)cc1,6.045757491
O=C(NC1CCN(C1)C1CCC(CC1)(O)c1cccnn1)CNC(=O)c1cccc(c1)C(F)(F)F,4.522878745
Fc1ccc(cc1)C(CCC[NH+]1CCC([N+]2=C3C(=NC2=O)C=CC=C3)CC1)c1ccc(F)cc1,7.744727495
CC(c1ccccn1)NC(=O)C1(N)CCCN(C1)c1ncnc2c1cc[nH]2,4.477555766
CNC(=O)c1c(-c2ccc(F)cc2)oc2ccc(-c3cc(C(=O)NC4(c5ncccn5)CC4)ccc3C)c(F)c12,4.619788758
CCCCNc1ncc2c(n1)n(CC1CCC(CC1)N)nc2c1ccc(cc1)S(=O)(=O)NC,5.494850022
C[C@]1(c2cc(NC(=O)c3ccc(C#N)cn3)ccc2F)N=C(N)CO[C@@H]1F,5.096910013
Cc1ncoc1-c1nnc(SCCCN2CC[C@]3(C[C@H]3c3ccccc3)C2)n1C,5.399996913
CCN1CCN(CC1)c1cc2[nH]c(nc2cc1C)C(=O)C1(C)CCC(CC1)NC(=O)OC,5.522878745
CCCCN(CC)CC#CCCc1ccc(Cl)cc1,5.22184875
O=C(NC(c1ccc(Cl)cc1)c1ncccn1)[C@@H]1CC[C@@H](N2CCOCC2)C[C@H]1c1ccc(Br)cc1,5.920818754
NC(=N)NC(=O)c1ccc(C2CCN(CC2)C(=O)c2ccc(cc2)C#N)c(c1)C(F)(F)F,5.397940009
Cc1nn(C2CCNCC2)c(C)c1Nc1ncc(Cl)c(-c2cnn3ccccc23)n1,4.619788758
O=C1COc2c(N1)nc(c(c2)Cl)CNC12CCC(CC1)(OC2)CC1(O)Cn2c3c1c(F)cnc3ccc2=O,3.899629455
CNc1noc2c1ccc(c2c1ccc2c(c1)cnnc2N1CCOCC1C)C,4.886056648
Fc1ccc(NC(=O)N(CCCN2CCN(CC2)C)[C@H]2[C@H]3[C@@H](C3)[C@@H](C2)c2cc3c(ON[C@H]3N)cc2)cc1C(F)(F)F,6.161150909
Oc1cc(ccc1)[C@@H]([C@H](CN(C)C)C)CC,4.89279003
COc1cc(C=Cc2nc(N)c3c(n2)oc2c3cccc2)ccc1n1cnc(c1)C,6.292429824
COc1ccc2c(nc(C#N)c(-c3ccccc3)c2c1)C(=O)NCCO,4.522878745
Cc1ncoc1-c1nnc(SCCCN2CCC3(C2)CCOc2ccccc32)n1C,5.200659451
FC([C@@H](CC[C@]1(C=C(NN1C(=O)N(C)C)c1cc(F)ccc1F)c1ccccc1)N)F,4.798602876
COC1COCCC1N[C@@H]1C[C@H]2CCC[C@]2(C1)C(=O)N1CCc2ncc(cc2C1)[N+]([O-])=O,4.301029996
C[C@H]1Oc2ccc(cc2[C@@]2(COC(N)=N2)C11COC1)-c1cncnc1,5
Cc1cccnc1CN1CCC2(CC1)N(C(=O)N(C2=O)c1ccc(cc1)-c1ccc(cc1)N1CCOCC1)c1cc(=O)[nH]cn1,4.886056648
O=C1NCCC21CCN(CC2)c1ccc(cn1)C(=O)Nc1cc(ccc1N)c1cccs1,4.744727495
CCCOC(C1CNC1)c1ccc2ccccc2c1,6
O=C(CSc1nc2cc([N+](=O)[O-])ccc2[nH]1)Nc1ccc(Oc2ccccc2)cc1,5.084072788
COc1cc2c(CC3N(C)CCc4cc(O)c(OC)c2c34)cc1O,6.150028088
Cc1cc(ccc1NC(=O)c1ccccc1F)-c1nnc(NCCCN2CCCCC2)o1,4.801342913
NC(=O)c1cnc2ccc(-c3cccnc3)cc2c1NCC1CCCCC1,6.080921908
CC(C)(C)c1c[nH]c(C2Cc3c([nH]c4ccccc34)C(C3CCOCC3)N2)n1,5.531062194
CC(C)[C@H]1N(CCn2c(Nc3ccc(F)c(Cl)c3)c(nc12)-c1ccc(F)cc1)C(=O)CN,4.872895202
O=C(Nc1ccc(cc1C1=CCCCC1)C1CCNCC1)c1ncc([nH]1)C#N,5
c1ccc2c3c([nH]c2c1)[C@@H](C1CCOCC1)N[C@@H](c1nc(-c2ccsc2)c[nH]1)C3,6.835647144
Nc1ccccc1NC(=O)c1ccc(CNC(=O)OCc2cccnc2)cc1,4.522878745
CC(C)c1nnc(C)n1[C@H]1C[C@@H]2CC[C@H](C1)N2CC[C@H](NC(=O)C1CCC(F)(F)CC1)c1ccccc1,4.087777943
O=S1(=O)CCCN1CCNc1nonc1/C(=N/O)Nc1ccc(F)c(Br)c1,4.762707662
CCNC(=O)Nc1ccc(cc1)-c1nc2CN(CCc2c(n1)N1CCOC[C@@H]1C)C1COC1,4
Fc1ccc(NC(=O)N(CCCN2CCN(CC2)C)[C@H]2[C@H]3[C@@H](C3)[C@@H](C2)c2ccc(cc2)C#N)cc1C(F)(F)F,7.283996656
COc1ccc(cc1)CC(=O)Nc1cc2c(cc1[N+](=O)[O-])OC(C(C2NC1CC1)O)(C)C,4.356547324
Cc1ncoc1-c1nnc(SCCCN2CCc3ccc4oc(nc4c3CC2)C(F)(F)C(F)(F)F)n1C,6.522878745
N[C@H]1COCC[C@H]1Nc1cc2cc[nH]c(=O)c2c(Nc2cccc3cc[nH]c23)n1,4.603800653
CC(=O)N1CCC(n2cc(Nc3ncc(Cl)c(-c4cnc5ccccn45)n3)c(C)n2)CC1,5.283996656
Fc1c2[nH]c(-c3ccccc3)c(c2ccc1)[C@@H]1C[NH2+]CC[C@@H]1F,5.522878745
ONC(=O)C=Cc1ccc(cc1)CNCCc1c[nH]c2c1cccc2,4.561299467
CCN1C[C@@H]2CCCC[C@@]2(C1)c1ccc(Cl)c(Cl)c1,5.366531544
Nc1ccc(cc1NC(=O)c1ccc(nc1)N1CCC2(CNC(=O)O2)CC1)-c1cccs1,4.522878745
COC(=O)c1cc(on1)-c1ccc2cc(CCN3CCC[C@H]3C)ccc2n1,4.774690718
Nc1cccnc1[C@H]1CC[C@@H](CC1)N1CC(C1)NC(=O)CNC(=O)c1cccc(c1)C(F)(F)F,4.356547324
CCN[C@H]1CC[C@H](CC1)c1c[nH]c2ccc(cc12)N=C(N)c1cccs1,4.638272164
FC(F)(F)c1ccc(cc1)-n1ccc(CN2CCC(CC(=O)N3CCCCC3C(=O)N3CCCC3)CC2)c1,5
COc1cc(ncn1)N1C(=O)N(C(=O)C11CCN(Cc2ncccc2C)CC1)c1ccc(nc1)-c1ccc(cc1C)C(O)=O,5.148741651
OCc1ccc(cn1)c1cccc2c1CC(CO2)NC(=O)c1ccc(nc1)OCC(F)(F)F,5
CC(C[C@H](NC(=O)C1CCC1)c1ccccc1)N1CCC(CC1)n1cc([nH]c1=O)-c1ccccc1,9
Clc1ccc(c(c1)Cl)CNc1nc(nc2c1cccn2)N1CCN(CC1)C(=O)C1CCCCN1,4.522878745
CSc1ccc(Cc2cc3c(=O)n([C@H]4CCCC[C@@H]4O)cnc3c3ccccc23)cn1,5.124938737
Oc1ccc(cc1)C(=O)NCc1cccc(c1)C(=O)NCc1ccccc1,4.522878745
O=C(Nc1ccccc1)CN1C2CCC1CC(C2)Oc1cccc(c1)C(=O)N,6.142667504
N[C@@H](CC(=O)N1[C@@H](C[C@@H]2CCC[C@H]12)C#N)Cc1cc(F)c(F)cc1F,4.321937095
CC(C(O)=O)c1ccc(CN2CCC(COC(=O)c3c4OCCCn4c4ccccc34)CC2)cc1,4.602059991
C[C@H]([C@H](N)C(=O)N1CC[C@H](F)C1)[C@H]1CC[C@@H](CC1)NC(C)=O,4
FC(F)(F)c1ccccc1NCC(=O)N1CCCN(Cc2nc3ccccc3[nH]2)CC1,5.886056648
Cc1ncoc1-c1nnc(SCCCN2CC3CC3(C2)c2ccc(cc2C)C(F)(F)F)n1C,6.400007822
Fc1cccc(c1)C1(CCN2[C@@H]3CC[C@@H]2C[C@@H](C3)n2c(C)nc3c2cccc3)CCN(CC1)C(=O)C(C)(C)C,5.801342913
Clc1ccc2c(c1NC1=NCCN1)nsn2,4
COCc1ccc(CCN2CCC(COc3nc4ccccc4c4cn(C)cc34)CC2)cc1,9
Nc1n[nH]c(N2CCC(N(CCc3ccc(Cl)cc3)CC3CCCO3)CC2)n1,4.823908741
CCn1cc(cn1)[C@]1(N[C@H](Cc2c1[nH]c1ccccc21)c1nc(c[nH]1)-c1ccc(F)cn1)c1nn(CC2CC2)c(=O)o1,5.259637311
O=C(c1ccc(F)cc1)N1CCN(c2ccc(OCCCN3CCCCC3)cc2)C(=O)C1.O=CO,4.300000202
CCCCOc1ccc(S(=O)(=O)NCCc2c[nH]c3ccccc23)cc1,5.49757288
Cl.C(Oc1cccnc1)[C@H]1CNCCN1c1nc2ncccc2o1,4.142667504
Cn1cc(cn1)[C@]1(N[C@H](Cc2c1[nH]c1ccccc21)c1nc(c[nH]1)-c1ccc(F)cc1)c1cc(ccn1)C(O)=O,4.70863115
N#CN=C(NN1CCC(CC1)CNc1ncccn1)NCc1ccccc1,5
Cc1nn(CCOCC(F)(F)F)c2c(Nc3cccc(C)n3)nc(nc12)N1CCNCC1,6.251811973
Cc1c(nc(-c2ccccc2)n1-c1ccccc1)C(=O)NCCCN1CCN(CC1)c1cccc(Cl)c1C,5.886056648
O=S(=O)(c1ccccc1)Nc1ccc2c(c1)[nH]c(n2)Cc1ccc(cc1)Oc1ccccc1,6.167491087
N#Cc1ccc(cc1)Cn1cncc1CN(C1CCN(C1=O)Cc1cccc(c1)Cl)CCN1CCNCC1,5.958607315
Clc1c(cccc1Cl)CN(c1ccccc1)CC1CNC1,5.725842151
C[C@@H]1NC(=N[C@@]1(c1ccc(F)cc1)c1ccc(F)nc1)c1cccc(c1)S(C)(=O)=O,5
COc1ccc(cc1)[C@H]1CN(CCc2ccc(OC)c(OC)c2)C[C@@H]1CCNC(=O)c1cccc(Cl)c1,7.251811973
Clc1ccc(cc1Cl)N1CCN(CCN2Cc3ccccc3C2)C1=O,6
CCOc1nc(NC(=O)C2(CCC2)NC(=O)c2ccc3c(C4CCCC4)c(-c4ccc(F)cn4)n(C)c3c2)ccc1\C=C\C(O)=O,5.677780705
COc1ccc2ncc(F)c([C@@H](O)CC[C@@H]3CCN(C4CC(c5cc(F)ccc5F)C4)C[C@@H]3C(=O)O)c2n1,4.346787486
Clc1ccc2[nH0](cc(c2c1)C1CC[N+](CC1)CCN1CCNC1=O)c1ccc(F)cc1,7.899629455
CNC(=O)CCCN(C)C(=O)c1ccc2n(C)c3CC[C@H](Cc3c2c1)C1CCOCC1,3.978810701
Brc1cc(CCN2CCN(CCc3ccc4C(=O)OCc4c3)CC2)ccc1C#N,6.251811973
COC(=O)C1CC1COc1ccc2c(n1)c(CCC13CCC(CC1)(CO3)NCc1ccc3c(n1)NC(=O)CO3)c(cn2)F,6.22184875
O=C(NC1CCN(C1)C1CCC(CC1)(O)c1ccncn1)CNC(=O)c1cccc(c1)C(F)(F)F,4.522878745
O=C1CCc2cc(CCN3CCN(C(=O)Cc4ccc(-n5cnnn5)cc4)CC3)ccc21,5.187086643
CC(C)c1nc(C)nn1[C@@H]1C[C@@H]2CC[C@H](C1)N2CC[C@H](NC(=O)C1CCC(F)(F)CC1)c1ccccc1,5.37675071
N#Cc1cnccc1COc1cnc(N2CCN(c3nc(C(F)(F)F)no3)CC2)nc1,5.199998172
COc1ccc2c(c1)CN(C(=O)N1CCN(Cc3ccc4c(c3)OCO4)CC1)CCS2,5.602755419
COc1ccc(NC(=O)c2ccc(CS(C)=O)c3ccccc23)c(n1)C(=O)NCC1CCOCC1,4.494850022
NC1CCN(CC1)c1nc(N)nc2cc(sc12)-c1ccc(cc1)C(F)(F)F,5.214670165
NC1(CCOCC1)C(=O)N[C@@H](Cc1ccc(cc1)-c1ccc(cc1)C#N)C#N,4.585026652
CS(=O)(=O)c1ccc(cc1Cl)[C@@H](CC1CCCC1)C(=O)Nc1cnc(cn1)[C@H](O)CO,4.15490196
Fc1ccccc1C(=O)Nc1ccc(cc1)-c1nnc(NCCCN2CCN3CCC2CC3)o1,4.900001867
CC(C)S(=O)(=O)N[C@@H]1COC[C@@H]1c1ccc(cc1)-c1cccs1,4.200659451
O=C1CSc2c(N1)nc(cc2)CNC12CCC(CC1)(OC2)CC1(O)Cn2c3c1c(F)cnc3ccc2=O,4.590066877
CS(=O)(=O)Nc(cc1)ccc1C(=O)[C@H]2CC[N@@H+](CC2)CCc3cccc(n3)C,7.920818754
ONC(=O)C=Cc1ccc(cc1)CNCCc1c([nH]c2c1cccc2)c1cnccc1OC,5.071604148
COCCOc1cc2ncc(c(c2cc1N1CCN(CC1)C)Nc1cccc(c1Cl)Cl)C(=O)N,5.119186408
FC(F)Oc1ccc(cc1OC(C)C)[C@H](C=1C=C[C@@H](NC=1)C(O)(C)C)c1ccc[n+]([O-])c1,4.374687549
Cc1oc(nc1C(=O)N1CCC(CC1)Oc1ccc(CN2CCCC2)cc1)-c1ccccc1,5.522878745
COc1nn(C2CCN(C(C)=O)CC2)cc1Nc1ncc(Cl)c(-c2cnn3ccccc23)n1,5
CN1CCC(COCc2cc(cc(Cl)n2)C(F)(F)F)(CC1)c1ccccc1F,4.366531544
OC(=O)c1ccc(cc1)[C@H]1CC[C@@H](CC1)N1CC(C1)NC(=O)CNC(=O)c1cccc(c1)C(F)(F)F,4.638272164
OCCOCCN1CCN(CC1)C(c1ccc(cc1)Cl)c1ccccc1,6.795880017
Clc1ccc(cc1Cl)[C@H]1CNCC=CC1,4.908333042
Cl.Cl.FCCOc1ccccc1CCN1CCN(CCc2ccccc2Cl)CC1,6.070581074
CCc1cc(F)c2nc(N3CCC(NC4CCOCC4)CC3)c(-c3nc(C)no3)c(C)c2c1,9
O=C1OCc2cc(CCN3CCN(CCc4ccc5nonc5c4)CC3)ccc12,6.552841969
COCCOc1cc2nc(nc(c2cc1OC)N[C@@H]1CNCC1)c1cc(F)ccc1O,4.356547324
Cc1c(C(O)CN2CCN(C(=O)Cc3ccc(-n4cnnn4)cc3)CC2)ccc2c1COC2=O,4
C[C@@]1(c2cc(NC(=O)c3ccc(C#N)cn3)ccc2F)C=C(CF)OC(N)=N1,5.698970004
CC(C)(C)NC(=O)NCCN1CCN(CC(=O)Nc2cc(Cl)cc(Cl)c2)CC1,5.795880017
COc1ccc(Nc2cc(N[C@@H]3CCOC[C@@H]3N)nnc2C(N)=O)nc1C(C)C,4.801342913
Fc1cc(OCCC2CC2C2CCN(CC2)c2ncc(Cl)cn2)ccc1C(=O)NC1CC1,5.585026652
COC1COCCC1N[C@@H]1C[C@H]2CC(F)(F)C[C@]2(C1)C(=O)N1CCc2ncc(cc2C1)C(F)(F)F,4.301029996
CCC[C@H]1N(CCn2c1nnc2-c1nc(C)ns1)C(=O)c1ccc(F)cc1,4.214670165
O(C)c1cc(ccc1O)CNC(=O)CCCC\C=C\C(C)C,4.758204569
N#Cc1cnc(s1)Nc1nccc(c1)CN1CCC(CC1)S(=O)(=O)C,5
CCOc1cc(CN2CCC(CC2)Nc2nc3cc(ccc3o2)S(N)(=O)=O)ccc1OC,5.455931956
CC1(C)C[C@@H](NC(=O)c2cccc3[nH]ncc23)c2cc(-c3ccc(Cl)cc3)c(nc2O1)-c1ccc(Cl)cc1Cl,4.522878745
C[C@@]1(c2cc(CNCC(F)(F)F)c(F)cc2F)CCSC(N)=N1,5.214670165
CCn1n2c(nnc2cc(-c2cc(ccc2C)C(=O)NC2CC2)c1=O)-c1c(F)cccc1Cl,4.522878745
COc1cc(ccc1-n1cnc(C)c1)-c1cn(CC(=O)N(Cc2ccccc2)CC(F)(F)F)nn1,5.542118103
O1[C@@H](C[C@@H](O)CC1=O)CC[C@H]1[C@@H]2C(=C[C@@H](C[C@H]2OC(=O)[C@@H](CC)C)C)C=C[C@H]1C,4.903089987
COc1nccnc1CC1=C(CCN(C)C)Cc2ccccc12,5.119186408
CC(C)(C#N)c1cc(Nc2nc(N3CCC[C@H](N)C3)ncc2C(N)=O)cc(C(C)(C)C#N)c1,5.148741651
Fc1ccccc1C(Cc1ccccc1OC(F)(F)F)N1CCNCC1,5.46008374
O=C(NC1CN(C1)C1CCC(CC1)c1ncccc1N)CNC(=O)c1cccc(c1)C(F)(F)F,4.356547324
OC(=O)C1=CCCNC1,5.819988881
CCN(CC)C(=O)[C@H]1CN([C@@H]2Cc3c[nH]c4cccc(C2=C1)c34)C(=O)Nc1ccccc1,4.522878745
CN(C)S(=O)(=O)c1ccc2Sc3ccccc3\C(=C/CCN4CCN(C)CC4)\c2c1,5.359995853
CN1CCc2cc(Cl)c(O)cc2[C@H](C1)c3ccccc3,5.509999358
CN1CCc2cncn2Cc2ccc(C#N)c(Oc3ccc4cccc(N5CC[C@H]1C5=O)c4c3)c2,5.30980392
CC(C)CN([C@H]1CCNC1)C(=O)c1ccccc1Oc1ccccc1,5.966576245
CCCNS(=O)(=O)c1ccc(cc1)-c1ccc(CCN2CCC[C@H]2C)cc1,5.853871964
CNC(=O)c1ccc(Nc2ncc(F)c(n2)-c2cnc(C)n2C(C)C)cc1F,4.721246399
CCOC(=O)c1cncn1[C@@H](C)c2ccccc2,4.94000137
COCCCN1CCC(c2nnc(-c3cccc4cc(C(C)C)nn34)o2)CC1,5.638272164
COc1ccc(c(c1)C(=O)N1C[C@H]2CN(C[C@H]2C1)c1nc(C)cc(C)n1)-n1nccn1,5.091514981
O=C1Nc2ncccc2C2(O1)CCN(CC2)C(=O)N[C@@H]1CC[C@H](Cn2c1ncc2C(O)(C)C)c1cccc(c1F)F,4.698970004
COc1ccc2ncc(C#N)c(CCN3CCC(CC3)NCc3cc4SCOc4cn3)c2c1,5.903089987
O=C(NC1CC1c1ccccc1)N1CCC(CC1)c1nc(no1)-c1cnccn1,4.568636236
COc1ccc(Nc2cc(N[C@@H]3CCCC[C@@H]3N)nnc2C(N)=O)nc1OC,5.301029996
COc1ccc(cc1)C1CN(CC1CNC(=O)c1cccc(c1)Cl)CCCc1ccc(c(c1)OC)OC,6.698970004
N#Cc1ccc2c(c1)n(CCN1CC[C@@H]([C@H](C1)F)NCc1ccc3c(n1)NC(=O)CO3)c(=O)cc2,3.774690718
CCN(CC)CCOc1ccc(cc1)C(=C(/Cl)c1ccccc1)\c1ccccc1,6.739928612
Fc1ccc(c(c1)F)C(=O)N1CCN(C(=O)C1)c1ccc(cc1)OC1CCN(CC1)C1CCC1,4.200659451
CCN(CCOc1ccc(cc1)/C(=C(\c1ccccc1)/Cl)/c1ccccc1)CC,6.744727495
COc1ccc(cc1)[C@@H](C)N[C@@H]1CC[C@@H](C(=O)N2CCC(CC2)(C(=O)N2CCCCC2)c2ccccc2)C(C)(C)C1,5.045757491
c1ccc(cc1)OCC#Cc1scc(c1)c1n[nH]c2c1Cc1c2ccc(c1)n1cccn1,5
COc1cc(F)ccc1-c1cncc(CNCC2CC2)n1,5.723538196
OCC(O)CN1CCC(COC(=O)c2c3OCCCn3c3ccccc23)CC1,4.091514981
Nc1ncnc2c1c(-c1cccc(O)c1)cn2[C@H]1C[C@@H](CN2CCC2)C1,6.37675071
COc1ccc2c(n1)c(ccn2)NC(=O)[C@@H]1CC[C@H](CO1)NCc1ccc2c(n1)NC(=O)CS2,6.301029996
COc1cc(ccc1-n1cnc(C)c1)-c1cn(Cc2csc3ccccc23)nn1,5.677780705
C[C@H]1N(CCn2c1nnc2-c1csc(C)n1)C(=O)c1ccc(cc1)-c1ccccc1,4.522878745
Nc1ccnc(c1)N1CCC(CC1)n1c(=O)n(c2c1nccc2)c1ccccc1,7.26760624
COC(c1cnc2n1C[C@@H](CC[C@H]2NC(=O)N1CCC2(CC1)OC(=O)Nc1c2cccn1)c1cccc(c1F)F)(C)C,5.11463878
COc1ccc(cn1)-c1cc(on1)-c1ccc2C(=O)N(Cc2c1)C(C)C,4.920818754
Cc1ccnc(NC(=O)c2ccc(o2)-c2ccc(Cl)cc2)c1,4.522878745
CCN(CC)CCN1CCN(C1=O)c1cccc(Cl)c1,5.500312917
COC(=O)c1ccc2c(c1)NC(=O)/C2=C(\Nc1ccc(N2C(=O)CC[C@@H]2CN2CCN(C)CC2)cc1)c1ccccc1,8.853871964
CCOC(=O)N1CCC(CN2CCC3(CC2)OC(=O)Nc2ncccc23)CC1,6.036212173
O=C(C(n1c(nc2c1cc(F)c(c2)F)c1ccc(cc1)Cl)C1CCCCC1)NC1CCCCC1,5.853871964
Cc1ccc(-c2ncc(OC[C@@H]3CCNC3)cc2-c2ccc(C#N)cc2)cc1,5.494850022
NC1=NC2(CO1)c1cc(ccc1OC1(CCC1)C21COC1)-c1cccnc1C#N,5
CN1CCN(CCCN([C@@H]2CC[C@@]3(C[C@H]23)c2ccc3c(N)noc3c2)C(=O)Nc2ccc(F)c(c2)C(F)(F)F)CC1,6.161150909
Clc1ccc2c(c1)C(=Nc1c(O2)cccc1)N1CCNCC1,5.292429824
CS(=O)(=O)N1Cc2ccc(\C=C\C(=O)NO)cc2C1,4.522878745
Fc1ccc(cc1)Cn1c2c(nc1NC1CC[NH+](CC1)CCc1ccc(OC)cc1)cccc2,7.93930216
CC(=O)Nc1nc(C)c(-c2cc3c(c(S(C)(=O)=O)c2)C(=O)N([C@@H](C)C2CC2)C3)s1,4.499999679
O[C@@]1(CC23CCC(CC2)(CO3)NC\C(F)=C/c2cc(F)ccc2F)Cn2c3c1c(F)cnc3ccc2=O,9
Nc1nc(N2CCC(N(Cc3ccccc3)[C@H](CO)Cc3ccc(Cl)cc3)CC2)n[nH]1,5.537602002
CC(C)N1CCCC1CNC(=O)N1CCC(CC1)c1nc(no1)-c1ccc2ccccc2n1,4.769551079
Cc1cccc(c1)C(=O)Nc1cccc(NC(=O)c2cccc(C)c2)c1,4.906578315
FC(F)Oc1ccc(cc1OC(C)(C)C)[C@H](C1=CNC(C=C1)C(O)(C)C)c1cc[nH0+]([O-])cc1,4.602059991
O=C(c1ccc(nc1)OCC(F)(F)F)NC1COc2c(C1)c(ccc2)c1ccncc1,5.200659451
COCCN1CCN(c2cc3c(Nc4ccc(C)cc4F)c(C(N)=O)nnc3cc2OC)CC1,4.638272164
O[C@@]1(CC23CCC(CC2)(CO3)NCc2nc3NC(=O)COc3cc2OC(=O)c2ccccc2)Cn2c3c1c(F)cnc3ccc2=O,4.515700161
S(C)c1ncccc1C(=O)N1CC[C@@H]([NH2+]Cc2n(cnc2)Cc2ccc(cc2)C#N)C1=O,5.107905397
[NH3+]C(CC(=O)N1CCC[C@H]1C(=O)NCc1ccc(cc1)C(O)=O)Cc1ccc(F)c(F)c1,4.102372909
COc1ccc(Oc2nc(Nc3ccc(N4CCOCC4)nc3)ncc2NC(=O)c2cc(OC)cc(OC)c2)cc1,4.76700389
COc1ccc(cc1)-c1nc(COc2cccc(CN(CC(O)=O)C(=O)Oc3ccc(C)cc3)c2)c(C)o1,5.065501549
O=C(N1CCCC1)c1ccc(cc1)C1=CC2(CCNCC2)Oc2ccccc12,4.976089394
CC(=O)Nc1cc(Nc2cc(NC3CCC3)n3ncc(C#N)c3n2)c(F)cc1C,4.795880017
C[C@H](Oc1ccc(cc1C(=O)N1CCN(CC1)c1ncc(cc1F)C(F)(F)F)S(C)(=O)=O)C(C)(C)C,4.769551079
O=C1c2c3CCCC(c3ccc2c2c(C1=O)c(C)co2)(C)C,4
Cc1ccc(cc1)N1CCN(CC(O)COc2ccccc2C(=O)CCc2ccccc2)CC1,5.366531544
COC1COCCC1N[C@@H]1C[C@H]2CCCC[C@]2(C1)C(=O)N1CCc2ncc(cc2C1)C(F)(F)F,4.388276692
COc1cccc(CN2CCC(CNC(=O)c3cc(OC)cc(OC)c3)(CC2)C#N)c1,5.823908741
OC1CCN(Cc2ccc(Oc3nc4ccccc4s3)cc2)CC1,4.522878745
C1CCC(CC1)C1NC(Cc2c1[nH]c1c2cccc1)c1[nH]cc(n1)c1ccccc1,7.113509275
COCC[C@H](Oc1ncnc2c1cnn2-c1ncccc1Cl)C(=O)Nc1ccc(C)cn1,4.100000128
COc1ccc(cc1)[C@@H](C)N[C@@H]1CC[C@@H](C(=O)N2CCC(CC2)(N2CCCNC2=O)c2ccccc2)C(C)(C)C1,5
Cc1nnc(C(C)C)n1[C@H]1C[C@@H]2CC[C@H](C1)N2CC[C@H](NC(=O)C1CCCC1)c1cccs1,5.818156412
CN(CCN1CCN(C1=O)c1cccc(Cl)c1)Cc1cc(C)no1,4.300162274
Cn1c(SCCCN2CC[C@]3(C[C@@H]3c3ccc(C(F)(F)F)cc3)C2)nnc1-c1ccc(CC(N)=O)cc1,5.119998612
OC(=O)c1cccc(c1)C(=O)N1CCC(CC1)N1CCC(CC1)Oc1ccc(Cl)c(Cl)c1,5
CCC(c1ccc(cc1)S(=O)(=O)Nc1ccc(cc1)C12CNCC2C1)(C)C,5.886056648
CN1CCC[C@@H](CC1)n1nc(Cc2ccc(cc2)Cl)c2c(c1=O)cccc2,7
NC1Cn2c(CC1c1cc(F)c(cc1F)F)nc1c2cccn1,4.045757491
COc1ccc(cc1)[C@@]12CN(C[C@H]2C1)CCCSc1nnc(n1C)c1cccc2c1ccc(n2)C,6.200659451
NC(=O)c1ccn(c1)-c1cccc(OC(=O)NCCCCCCc2ccccc2)c1,5
Cc1cc(-c2nc3c4CCN(CCCSc5nnc(-c6ocnc6C)n5C)CCc4ccc3o2)n(C)n1,6.102372909
CN(C)CCCCc1ccc(cc1)C1(C)COC1,4.455931956
Fc1ccc(N2CCN(CCCc3c[nH]c4ccc(F)cc34)CC2)c(-c2ccccc2)c1,4.778325003
Fc1ccc(cc1)CCN1CC(=O)N(CC1)[C@H]1CCc2cc(ccc2C1)CN([C@@H](C(=O)N(C)C)CO)C,4.602059991
OCC(CO)COc1ccc2ncc(F)c(CCC34CCC(CC3)(CO4)NCc3ccc4OCC(=O)Nc4n3)c2n1,4.978810701
Nc1n[nH]c(N2CCC(N(CCc3ccc(Cl)cc3)C3COC3)CC2)n1,5.356547324
CN(C)CCC1=C(Cc2cnccn2)c2ccc(Cl)cc2C1,7
COc1ccc2ncc(F)c(CCC34CCC(CC3)(CO4)NCc3nc4NC(=O)COc4cc3C)c2n1,5.576754126
CN(C)c1cccc(c1)[C@@H]1CC[C@@H](CC1)N1CC(C1)NC(=O)CNc1nn(C)c2ccc(cc12)C(F)(F)F,4.920818754
COc1cc(ccc1-n1cnc(C)c1)-c1cn(CC(=O)N(CC(F)(F)F)c2ccc3OC(F)(F)Oc3c2)nn1,5.721246399
Clc1ccc(O[C@@H]2CN[C@H](C2)C(=O)N2CCCN(CC2)C2CCC2)cc1,5.698970004
N#Cc1ccnc(c1)C1=NC(C(N1)C)(c1ccc(cc1)F)c1ccc(cc1)F,5.761953897
C[C@@H]1C[C@@](C)(c2cc(CNC3(C(F)(F)F)CC3)c(F)cc2F)N=C(N)S1,5.585026652
Cc1cc(cn(C)c1=O)C1(N=C(N)c2c1cccc2F)c1cccc(c1)-c1cncnc1,4.48148606
CCC1COCC[C@@H]1N[C@@H]1CC[C@](C1)(C(C)C)C(=O)N1CCN(CC1)c1cc(ccn1)C(F)(F)F,5.920818754
FC(F)Oc1ccc(cc1)-c1nnc(o1)C(=O)N1CCC(CC1)Oc1ccc(CN2CCCC2)cc1,5.37675071
Clc1ccc2c(c1)N1N=C(C(C1CO2)(CCCN1CCN(CC1)C(=O)C)c1ccccc1)C(=O)C,5.251811973
O=C(C(C[C@H]([NH+](C)C)C)(c1ccccc1)c1ccccc1)CC,5.010105436
NC1=NC2(CO1)c1cc(ccc1OCC21CC1)-c1cncc(OC(F)F)c1,5.552841969
O=C([C@H]1C[C@@H](CN1)Oc1ccc(cc1)C#N)N1CCCN(CC1)C1CCCC1,5.537602002
CC(C)c1noc(n1)N1CCN([C@H](C)C1)c1ncc(OCc2ccc(cc2F)S(C)(=O)=O)cn1,5.13076828
CCOC(=O)C1=C(CN2CCOCC2)NC(c2nncs2)=NC1c1ccc(F)cc1Br,5.457174573
OC1(CCCCC1N1CCC2(CC1)C(CNC2=O)c1ccc(F)cc1)c1ccccc1,1.619788758
CN1CCN(c2cnc3cc(C(F)(F)F)cc(NCc4ccc5cccnc5c4)c3c2)CC1,4.120330794
O1[C@H](CC)[C@](O)(C)[C@H](O)[C@@H](C)C(=O)[C@@H](C[C@](O)(C)[C@H](O[C@@H]2O[C@@H](C[C@H](N(C)C)[C@H]2O)C)[C@@H](C)[C@H](O[C@@H]2O[C@@H](C)[C@H](O)[C@](O)(C2)C)[C@@H](C)C1=O)C,3.832387327
CCN(C1CCN(CC[C@H](C2CCN(CC2)S(C)(=O)=O)c2cc(C)cc(C)c2)CC1)C(=O)Cc1ccc(cc1)S(C)(=O)=O,5.397940009
C1CCC(CC1)C1N[C@H](Cc2c1[nH]c1ccccc21)c1nc(c[nH]1)-c1ccccn1,6.698970004
FC1CN2C(C1)CNc1cc(n3c(CCC2)c(C)c2c3CC(CC2=O)(C)C)ccc1C(=O)N,4.785156152
O=C1CCc2cccnc2N1CCCN1CCC(CC1)n1c2ccccc2[nH]c1=O,5.200659451
CN([C@@H]1CCN(Cc2ccc(cc2)C(F)(F)F)C[C@@H]1F)C(=O)Cc1ccc(cc1)-n1cnnn1,5.698970004
OCCN1CCN(CC(=O)Nc2ccc(-c3cccc4c3oc(cc4=O)N3CCOCC3)c3sc4ccccc4c23)CC1,4.522878745
COc1ccccc1Oc1ccccc1CN1CCC2(CC1)CCN(CC2)C(=O)c1ccccc1-c1nnn[nH]1,0.29
CN1C2CCC1CC(C2)Oc1cccc(c1)C(=O)N,4.522878745
FC(F)(F)Oc1ccc2OCC(=O)N(CCN3CCC(CC3)NCc3ccc4OCC(=O)Nc4n3)c2c1,5.853871964
Cn1c(SCCCN2CC3CCN(c4ccc(C(F)(F)F)cc4)C3C2)nnc1-c1cncnc1,6.799970733
Cn1c([S+](C)[O-])nc(-c2ccc(F)cc2)c1-c1ccnc(N)c1,4.080921908
CCCCNCC(c1cc(Cl)cc2c1c1ccc(cc1/C/2=C/c1ccc(cc1)Cl)Cl)O,5.259637311
CC(N1CCN(CC1)Cc1cnc(c(c1)C)c1ccc(cc1)C(=O)Nc1ccccc1N)C,4.602059991
CCOC(=O)C1=C(CN2CCOCC2)NC(c2nccs2)=NC1c1ccc(F)cc1Br,6.065501549
CCCCc1cc(OC2CCN(CCCS(=O)(=O)CC)CC2)c2ncccc2c1.Cl.Cl,7.119758224
CCc1nc(N2CCC(CC2)CCNS(=O)(=O)N)c2c(n1)cc(c(c2)OC)OC,7.759450752
CC(C)N(C)[C@@H]1CC[C@@H]([C@H](CS(C)(=O)=O)C1)N1CC[C@H](NC(=O)c2cccc(OC(F)(F)F)c2)C1=O,4.096910013
O[C@@]1(CC23CCC(CC2)(CO3)NC\C(F)=C\c2cc(F)ccc2F)Cn2c3c1c(F)cnc3ccc2=O,9
CC(=O)N[C@@H]1CC(C)(C)Oc2nc(-c3ccc(Cl)cc3Cl)c(cc12)-c1ccc(Cl)cc1,6.301029996
CC(C)(C)NC(=O)c1c[nH]c2ncc(nc12)-c1nn(CCCN2CC(C2)C#N)c2ccc(OC(F)F)cc12,6.397940009
FC(F)(F)c1cccc(CN2CCN(CCN3Cc4ccccc4C3)C2=O)c1,5.200659451
CCOC(=O)[C@@H]1C2CCC(C[C@@H]1OC(c1ccc(F)cc1)c1ccc(F)cc1)N2CCc1c[nH]c2ccccc12,4.853871964
COc1ncccc1-c1nnc(SCCCN2CC[C@]3(C[C@@H]3c3ccc(C(F)(F)F)cc3)C2)n1C,6.219970873
Clc1cccc(c1)[C@@]12CN(C[C@H]2C1)CCCSc1nnc(n1C)c1ocnc1C,5.801342913
NC(=O)c1ccc(-c2cccc3nc(-c4cncnc4)nc(NCc4ccccn4)c23)cc1,5.886056648
N[C@@H]1CCCC[C@H]1Nc1nc(Nc2cccc3c2[nH]cc3Cl)c2c(c1)nc[nH]c2=O,4.698970004
O=C(NC1CCN(C1)CCC1CCN(CC1)C(=O)c1ccccc1)CNC(=O)c1cccc(c1)C(F)(F)F,5
Cn1nccc1CCOc1ccc(C2CCN(c3ccc4nnc(C(F)(F)F)n4n3)CC2)cc1,4.749999856
O1[C@H](C)[C@H](C)[C@@H](O)[C@@H](C)C(=O)[C@@]2(OC2)C[C@@H](C)[C@@H](O[C@H]2O[C@@H](C[C@@H]([NH+](C)C)[C@@H]2O)C)[C@@H](C)[C@@H](O[C@@H]2O[C@H](C)[C@@H](O)[C@H](OC)C2)[C@H](C)C1=O,3.510041661
COC(=O)C1(CNC(=O)c2cc(OC)cc(OC)c2)CCN(Cc2ccc(OC)cc2)CC1,6.318758763
CNC(=O)c1cccc(NC(=O)N2CCC(CC2)Oc2ccccc2Cl)c1,4
COCC1=Nc2cc(nn2[C@@H](C1C(=O)N1CCC[C@H]1c1cc(C)no1)c1cc2ccccc2n1C)C(F)(F)F,5
CNC(=O)c1nc(cnc1N)-c1ccc(Cl)c(c1)S(=O)(=O)Nc1cccc(F)c1F,4.761953897
CCOC(=O)[C@@H]1CC[C@@H](CC1)N1CC(C1)NC(=O)CNc1nn(C)c2ccc(cc12)C(F)(F)F,5.096910013
O=C(C1CC1c1ccc(cc1)C(F)(F)F)N1CCN(CC1)S(=O)(=O)c1cc(cc(c1)C(F)(F)F)c1cn[nH]c1,6.301029996
COc1cc(ccc1C#N)C(O)CN1CCN(C[C@H](O)c2ccc3C(=O)OCc3c2C)CC1,5.468521083
O=C(NC1CN(C1)C1CCC(CC1)(O)c1cnc(s1)C(C)C)CNc1ncnc2c1cc(cc2)C(F)(F)F,4.425968732
CNC[C@H](CC1CCCCC1)NC(=O)N1CCC[C@H](C1)[C@@](O)(CCCCOC)c1cccc(Cl)c1,4.522878745
CCCCc1cc(OC2CCN(CCCS(=O)(=O)C(C)C)CC2)c2ncccc2c1.Cl.Cl,7.040005162
Cc1c([C@@H](O)CN2CCC3(CC2)CCN(c2cnc(S(C)(=O)=O)cn2)C3)ccc2c1COC2=O,4.643974143
C[C@H](N1CC[C@@](CCO)(OC1=O)c1ccc(F)cc1)c1ccc(cc1)-c1ccc(F)cc1F,5
O=C(c1cc(F)cc(F)c1)N1CCN(c2ccc(OC3CCN(C4CCCC4)CC3)cc2)C(=O)C1.O=CO,5.099999035
COc1ccc(cc1CNCCO)-c1ccc2c(nc(nc2n1)N1C[C@H](C)O[C@H](C)C1)N1CCOCC1,4.560667306
FC(F)(F)c1ccc(cc1)-n1ccc(CN2CCC(CC2)NC(=O)N2CCCC2Cc2cccnc2)c1,5.769551079
CN1CCN(Cc2ccc(OC3CN(C3)C(=O)c3nnc(o3)-c3ccccc3)cc2F)CC1,4.48148606
Clc1ccc(cc1)c1cc2C(NC(=O)c3n[nH]c4c3CCC4)CC(Oc2nc1c1ccc(cc1Cl)Cl)(C)C,4.522878745
CC(Cc1cccc(c1)C(F)(F)F)NCCOC(=O)c2ccccc2,5.069998999
Cc1cncc(c1)-c1ccc2OC3(CCC3)C3(COC3)C3(COC(N)=N3)c2c1,5
Fc1ccc(cc1)Oc1cnc2c(c1)c(=O)n(c(n2)C)CC1CCCN(C1)C(C)C,5.508638306
Cc1c2CCCN3CCOC[C@@H]3CNc3cc(ccc3C(N)=O)-n2c2CC(C)(C)CC(=O)c12,4.903089987
CCN(C1CCN(CC[C@H](C2CCN(CC2)S(=O)(=O)C(F)(F)F)c2ccccc2)CC1)C(=O)Cc1ccc(cc1)S(C)(=O)=O,5.920818754
C(Oc1ccccc1)C#Cc1cc(cs1)-c1[nH]nc-2c1Cc1cc(Cn3ccnn3)ccc-21,5
Fc1ccc(cc1)[C@]1(N=C(N[C@H]1C)c1cncc(=O)[nH]1)c1ccc(nc1)F,5
C[C@H]1CCCN1C(=O)c1ccc(cc1)-c1ccc2C(=O)N(CCN3CCCC3)CCc2c1,4.920818754
CCCOC(C1CNC1)c1ccc(Cl)c(Cl)c1,5.657577319
Cc1nc2cc3CCN(CCCSc4nnc(C5CCOCC5)n4C)CCc3cc2o1,4.200659451
CN(C1CCC2(C1)Cc1ccccc1Cc1c2cccc1)C,5.100179498
NC1(CCN(CC1)c1ncnc2[nH]ccc12)C(=O)NC(CCCN1CCOCC1)c1ccc(Cl)cc1,4.126098402
O[C@@]1(CC23CCC(CC2)(CO3)NCc2cc3OCCSc3cn2)Cn2c3c1c(F)cnc3ccc2=O,4.22184875
C[C@@H](CO)OC[C@H](Oc1ncnc2c1cnn2-c1ncccc1Cl)C(=O)Nc1ccc(C#N)cn1,4.200000237
C[C@@H](Oc1nnc(-c2ccncc2)n1C)c1nnc(o1)-c1cccc(Cl)c1,4.66756154
Cc1cc(n[nH]1)C(O)=O,5
CCn1cc(C(=O)O)c(=O)c2c1cc(N1CCNCC1)c(c2)F,2.522878745
COc1cccc2c3nc(CN4CCN(C[C@H]4C)c4cnn(C)c4)nn3c(N)nc12,4.22184875
CCN(CC)Cc1cc(Nc2ccnc3cc(Cl)ccc23)ccc1O.Cl,5.619788758
Cc1[nH]c2ccccc2c1CCN1CCc2cc(\C=C\C(=O)NO)ccc2C1,4.829738285
CN(Cc1ccc(c(c1)C)C(=O)Cn1ncc(cc1=O)OCc1ccccc1)C,5.15490196
CC(CN(C(=O)c1cccc(c1C(F)(F)F)F)C1CNCC1)C,5
COC(=O)c1cccc(c1)C(=O)N1CCC(CCN2C3CCC2CC(C3)n2c(C)nc3ccccc23)(CC1)c1ccccc1,6.100015437
Fc1cccc(c1)N(C1CCN(CCC2(CCN(CC2)C(=O)c2c(Cl)cccc2Cl)c2cccc(F)c2)CC1)C(=O)NCc1ccc(cc1)C#N,6
CCN([C@@H]1C[C@@H]2CC[C@H](C1)N2CC[C@H](NC(=O)C1CCC1)c1ccccc1)C(=O)Cc1ccc(OC)cc1,6.698970004
COC(=O)C1C(C(C(=O)OC(C)C)=C(C)N=C1C)c1cccc2NONc12,4.300162274
Fc1ccc2c(c1)CC(=CC2=O)C(=O)NC1CCN(CC1)Cc1ccc(cc1)C(=O)C,4.692503962
O=C(NC1CCCCC1)NS(=O)(=O)c1ccc(OCCCCN2CCCCC2)cc1,4
CO[C@H]1CN(Cc2ccc(cc2)C(F)(F)F)CC[C@H]1N(C)C(=O)Cc1ccc(cc1)-n1cnnn1,5.920818754
O=C1[C@H]2CCN1Cc1cccc(Oc3cc(Cn4cncc4CN2)ccc3C#N)c1,5.327902142
COc1ccc2c(n1)N(CCN1CCC(CC1)NCc1ccc3c(n1)NC(=O)CO3)C(=O)CO2,4.886056648
C[C@H](CCC(=O)O)[C@H]1CC[C@H]2[C@@H]3[C@@H](O)C[C@@H]4C[C@H](O)CC[C@]4(C)[C@H]3CC[C@]12C,4.809999052
O[C@@H]1CN(CCn2c3cc(ccc3ccc2=O)C#N)CC[C@@H]1NCc1ccc2OCC(=O)Nc2n1,3.515700161
Cc1ncoc1-c1nnc(SCCCN2CC3CC3(C2)c2ccc(C)cc2F)n1C,4.804100348
CC(C)[C@H](Oc1ccc(CNC(=O)[C@@H]2CCCN2C(=O)C[C@H](N)Cc2cc(F)ccc2F)cc1)C(O)=O,4.119186408
CCOC(=O)N1CCC(CN2CCC3(CC2)OC(=O)N(C)c2ncccc23)CC1,5.829738285
OC(COc1ccc(cc1)NS(=O)(=O)C)CNCCc1ccc(c(c1)Cl)Cl,6.13667714
O=C1S/C(=C\c2ccc(Oc3ccc(Br)cc3)cc2)C(=O)N1c1ccc(OCCCCN2CCN(CC3CC3)CC2)cc1,4.560667306
Clc1ccc(c(c1)F)Oc1ccc2c(n1)c(=O)n(c(n2)C)CC1CCCN(C1)C(C)C,5.886056648
CCn1cc(cn1)[C@]1(N[C@H](Cc2c1[nH]c1ccccc21)c1nc(c[nH]1)-c1ccc(F)cn1)c1nn(C(C)C)c(=O)o1,5.113509275
O=C(OC1C[C@@H]2CC3C[C@@H](C1)N2CC3=O)c1c[nH]c2ccccc12,4.920818754
CC1(C)CC2(CCN(C(=O)c3ccc(C[C@@H]4CC[C@H]([C@H](O)c5ccccc5)N4)cc3)CC2)C(=O)O1,4.508638306
Cn1c(SCCCN2CC3CCN(c4cccc(OC(F)(F)F)c4)C3C2)nnc1-c1cnccn1,6.89997427
CCC(CC)CNc1c(C(N)=O)cnc2ccc(-c3ccc(COC)nc3)cc12,5.602059991
C(C1CCCCN1)N1CCN(C1)c1ccccc1,4.801342913
CN(C)c1ccc(-c2cc3nccnc3c(NC[C@H]3CNCCN3C)n2)cn1,4.800000875
CC(C)(C)c1ccc2n(ccc2c1)-c1ccc(F)cc1,5
Nc1nc2cc3CCN(Cc4cnco4)CCc3cc2s1,4.48148606
COc1ccc(/C=C/C(=O)N2CCN(c3ccc(C(=O)Nc4ccccc4N)cc3)CC2)cc1,4.600326279
O=c1c2CN(C(c2[nH]c2c1cccc2)c1ccc2c(c1)CCO2)c1ncc(cn1)c1ccccn1,5.126098402
OC[C@H]1OC(O)[C@H](O)[C@@H]1O,5.190002845
COc1cccc(COC(=O)c2c(-c3ccc(OC)c(OC)c3)csc2N)c1,6
FC(F)(F)Oc1ccc(CNC(=O)C2N(C[C@@H]3CCCO3)C(=O)c3ccccc23)cc1,4.769551079
N#Cc1ccc(cc1)N1N=C(CC1c1ccc(cc1)c1ccc(cc1)C(=O)O)F,4.522878745
COc1ccc2nc(-c3ccc(OC4CCN(CC4)C4CCC4)cc3)n(C)c(=O)c2c1,5.420216403
CN(C)c1cncc(-c2ccc(C(=O)N(c3ncccc3Cl)[C@@H]3CCCNC3)cc2)n1,4.364516253
CN(C)CC[C@H](NC(=O)C1(N)CCN(CC1)c1ncnc2[nH]ccc12)c1ccc(Cl)cc1,4.477555766
Clc1ccc2[nH]c3[C@@H](CCCc3c2c1)NC(=O)c1ccccn1,4.698970004
C[C@H]1C[C@H]2CSC(N)=N[C@@]2(c2ccccc2)CO1,4.067019178
COc1nc(C2=NOC[C@H](c3cc4ccccc4o3)N2)ccc1-n1cnc(C)c1,4.823908741
COc1nsc(N2CCC3(CCN(C[C@H](O)c4ccc5c(c4C)COC5=O)CC3)C2=O)n1,4.987162775
NC1(COc2ccc3ncc(F)c(CCC45CCC(CC4)(CO5)NCc4ccc5OCC(=O)Nc5n4)c3n2)CC1,5.431798276
COc1cc(cc(OC)c1OC)C(=O)NCC1CCN(CCCCCC(c2ccc(F)cc2)c2ccc(F)cc2)C1,7
CNC(=O)c1ccc(COc2ccc(cc2)S(=O)(=O)C2(CCC3(C2)CCNCC3)C(=O)NO)cc1,4
CCN(CC)c1cc(cc(COCC2(CCN(C)CC2)c2ccc(F)cc2)n1)C(F)(F)F,4.853871964
Clc1ccc(cc1Cl)-n1cc(NCCN2CCCCC2)nn1,5.769551079
O=c1c(F)cc2ncc(F)c3c2n1C[C@@]3(O)CN1CCC(NCc2cc3c(cn2)OCCO3)CC1,3.539102157
C[C@@H]1C[C@H](N)CN(c2ccncc2Nc2ncc3ccc(-c4ncccc4F)nn23)C1,5.920818754
CCc1c(CNC2CCC(C2)F)nc(n1c1ccc(nc1)C)c1ncccc1Cl,4.823908741
O=C1CN(CCN1c1ccc(cc1)OC1CCN(CC1)C1CCC1)C(=O)c1ccc(cc1)S(=O)(=O)C,4.200659451
CN(C)CCN1c2ccccc2C(=NC(NC(=O)CCc2ccc(Cl)cc2Cl)C1=O)c1ccccc1,7
CC(C)Cc1cc(CNC(=O)C2C3CN(C(=O)c4ccccc4)CC32)nn1-c1ccccc1,4.823908741
C[C@@H]1C[C@H]2[C@@H]3CCC4=CC(=O)C=C[C@]4(C)C3=CC[C@]2(C)[C@@]1(O)C(=O)CO,4.698970004
CCCS(=O)(=O)n1c2CCN(Cc2c2cc(ccc12)C(=O)N1CCC(C)CC1)C1CCOC1,4.886056648
Nc1ncnc(Nc2ccc(Oc3ccc(Cl)cc3)cc2)n1,5.823908741
CC(=O)NCCNC(=O)c1ccc(O)cc1OC[C@@H](O)CN1CCC2(CC1)Cc1cc(Cl)ccc1O2,5.920818754
CC(=O)N1CCN(c2cnc3cc(C(F)(F)F)cc(NCc4cccc([N+](=O)[O-])c4)c3c2)CC1,6.337242168
CCc1c(C2CCN(CC2)CCCSc2ccc(cc2)F)c2c(n1Cc1ccc(cn1)C(=O)O)cc(cc2)F,5
C[C@H]1C[C@H]2CSC(N)=N[C@]2(CO1)c1nc(NC(=O)c2ccc(OC(F)F)cn2)ccc1F,6.397940009
OCc1ccc(OC2CCN(CC3CCN(CC3)[C@@H](Cc3ccccc3)C(O)=O)CC2)cc1Cl,0.12
NC(=O)c1cnc(O[C@H]2CCCNC2)c2cc(-c3ccccc3)sc12,5.420216403
CC(c1noc(c1)CNCCN1CCC(CC1)c1ccc(c(c1)Cl)Cl)C,5.928117993
CN1[C@@H]2CCC[C@H]1CC(C2)NC(=O)c3nn(C)c4ccccc34,4.800000875
CCOC[C@@H](CC(C)C)NC(=O)[C@@H]1CNC[C@@H](C1)C(=O)N(C1CC1)c1cc(OCC)c(CC)cn1,4.522878745
CC(C)N1Cc2cc(ccc2C1=O)-c1cc(no1)-c1ccc(Cl)nc1,4.397940009
CCCC1NC(C)C2N1N=C(NC2=O)c1cc(ccc1OCC)S(=O)(=O)N1CCN(CC)CC1,4.889999849
CC(C)(C)NC(=O)NCCN1CCCC(CNC(=O)c2cc(Cl)cc(Cl)c2)C1,5.27572413
OC(=O)c1ccc(cc1)-c1noc(n1)C1CCN(CC1)C(=O)NC1CC1c1ccccc1,4.522878745
COc1ccc2ncc(F)c(CCC34CCC(CC3)(CO4)NCc3nc4NC(=O)COc4c(C)c3C(C)C)c2n1,5.920818754
Clc1ccc(cc1)Cc1nn(C[C@@H]2CCCN2CCCCc2ccc(cc2)OCCCN2CCCCCC2)c(=O)c2c1cncc2,6.795880017
Cn1cc(cn1)-c1cnc2ccc3ccc(NS(=O)(=O)N4CC(F)C4)cc3c(=O)c2c1,4.522878745
Cc1nsc(N2CCC3(CCN(C[C@H](O)c4ccc5c(c4C)COC5=O)CC3)C2=O)n1,4.838631998
COc1ccc2cccc(Oc3ccc4nc(C)n(C[C@H]5CCCN(C5)C(C)C)c(=O)c4n3)c2n1,4.869666232
ONC(=O)\C=C\c1ccc2CN(Cc2c1)S(=O)(=O)Cc1ccccc1,4.522878745
Cc1cc(CN2CCN(CC2)c2c(Cl)cnc3nc([nH]c23)-c2cn(C)nc2C2CC2)no1,5.602059991
Nc1nc2ccc(Cl)cc2n1CC(O)c1cccc(Cl)c1Cl,4.477555766
O=C1NN=C(c2ccc(OC3CCN(C4CCC4)CC3)cc2)[C@H]2C[C@@H]12,4.853871964
CCOc1cc2ncc(c(c2cc1N1CCN(CC1)C)Nc1ccc(c(c1)Cl)F)C(=O)N,5.214670165
CCN(CCNC(=O)c1cc(Cl)c(cc1OC)N)CC,5.26760624
CC(=O)NCCc1ccccc1c1ccc(c(c1)C)[C@H]1CNCC[C@@]21OC(=O)c1c2cc(F)c(c1)F,4.88941029
COc1cnc2ccc(=O)n(CCN3CC[C@@H](NCc4ccc5OCC(=O)Nc5n4)[C@@H](F)C3)c2c1,4
CC1(C)Oc2ccc(NC(=O)c3ncc(Cl)cc3F)cc2C2(COC(N)=N2)C11COC1,5
Cc1[nH]n(-c2ccc(C)c(C)c2)c(=O)c1N=Nc1cccc(-c2cccc(c2)C(O)=O)c1O,3.100863749
O=C(c1cnc2c(n1)cccc2)N1C[C@H]([C@H](C1)N)C(=O)N1CCCC1,3.522878745
Cc1nc2ccccc2n1C1CC2CCC(C1)N2CCC1(CCN(CC1)C(=O)c1ccc(cc1)S(N)(=O)=O)c1ccccc1,4.600326279
OCCN(CCN1CCCc2c1ccc(c2)NC(=N)c1cccs1)C,5.236572006
Cc1cnc(Nc2ccnn2C)nc1-c1cn2c(n1)C(=O)N(Cc1ccc(F)c(F)c1)[C@@H](C)C2,4.638272164
Cc1nc(nc(OCCCN2CCCCC2)c1Cl)-c1ccc(F)c(F)c1,9
CCN(CC)C(=O)c1ccc(cc1)[C@@H](N1CCN(Cc2ccc(F)cc2)CC1)c1cccc(NC(=O)C2CC2)c1,4.958607315
NC(=O)C1CCN(CCc2ccc(Oc3nc4ncccc4s3)cc2)CC1,5
NC1=NC2(CO1)c1cc(Br)ccc1OCC21CC(F)(F)C1,5
COc1ccc(CN2CCc3cc4nc(N)sc4cc3CC2)cc1,5.48148606
CN(C)CCO[C@@H](c1ccccc1)c1ccccc1C,6.070019409
Cc1cc(F)cnc1C(=O)Nc1csc([C@]23CO[C@@H](C)C[C@H]2CSC(N)=N3)n1,4.747146969
Clc1cc(COCC2(CCNCC2)c2ccccc2)cc(Cl)n1,4.48148606
COc1cc(ncn1)N1C(=O)N(C(=O)C11CCN(Cc2ncccc2C)CC1)c1ccc(cc1)-c1ccc(cc1)C(O)=O,5.193820026
Cc1ccc(/C(=C(\CCCO)c2ccccc2)c2ccc(N3CCN(C)CC3)cc2)cc1.Cl.Cl,4.723538196
Cl.O=S(=O)(/C=C/c1ncccc1F)c1ccc(OCCCN2CCOCC2)cc1,3.950394387
COc1cccc(-n2cc3nc(CC(C)C)n(C[C@H]4CCCN(C[C@H]5CCCO5)C4)c(=O)c3n2)c1,5.494850022
COc1nccnc1[C@H](C)C1=C(CCN(C)C)Cc2cc(C)ccc12,5.420216403
O=C(Nc1ccc(C[C@@H]2CC[C@H]([C@H](O)c3cccnc3)N2)cc1)[C@@H]1CCc2scnc21,5.214670165
c1ccc(cn1)c1noc(n1)C1=CC2(c3c1cccc3)CCN(CC2)CC1CCCO1,5.173925197
Clc1cccc(c1)N1CCN(CC1)CCCCNC(=O)c1ncc2c(c1)cccc2,6.522878745
CNC(=O)c1nnc2ccc(-c3ccc(OCCCN(C)C)nc3)cc2c1N[C@@H](C)C1CCOCC1,4.823908741
N#Cc1cccc(c1)N1CCN(CC1)CCCCNC(=O)c1cc2c(o1)cccc2,6.408935393
CC(C)(C)c1[nH]c2ccccc2c1C1CCCN(Cc2ccc(\C=C\C(=O)NO)cc2Cl)C1,5.004364805
CCOc1cc2ncc(c(c2cc1N1CCN(CC1)C(C)C)Nc1cccc(c1Cl)Cl)C(=O)N,5.119186408
COc1ccc2nccc([C@@H](O)CC[C@@H]3CCN(C4CC(c5ccccc5F)C4)C[C@@H]3C(=O)O)c2c1,4.913640169
CC(C)N1CCN(CC1)C(=O)N1CCC(CC1)C(C)(C)C,4.174573882
Cc1ccc(C[C@H](N2CCC(CN3CCC(CC3)Oc3ccc(Cl)c(Cl)c3)CC2)C(O)=O)cc1,5.200659451
CC(=O)O[C@]1(CCC2C3CCC4=CC(=O)CC[C@@H]4C3CC[C@]12C)C#C,4.760000207
CN(c1ccc(-c2ccc(-n3ccc(N)n3)cc2O)nn1)C1CC(C)(C)NC(C)(C)C1,4.795880017
COc1ncccc1-c1ccc(\C=C\[C@@H]2[C@@H]3[C@@H](C)OC(=O)[C@]3(CC(N)=O)CC(F)(F)[C@H]2C)nc1,4.586700236
Nc1ccc(-c2ccsc2)cc1NC(=O)c1ccc(CN2CCC3(CCCN3)CC2)cc1,5.826231177
CC[C@@]1(c2cccc(NS(C)(=O)=O)c2)[C@H]2CN(CC3Cc4ccccc4C3)C[C@H]21,6.4867824
Cc1ccc(CN2CC[C@@H](N3CC[C@H](c4ccc(O)cc4)[C@H](F)C3)C2=O)cc1,5.107905397
CCO[C@@H]1COCC[C@@H]1N[C@@H]1CC[C@](C1)(C(C)C)C(=O)N1CCN(CC1)c1cc(ccn1)C(F)(F)F,5.065501549
COC1COCCC1N[C@@H]1C[C@H]2CCC[C@]2(C1)C(=O)N1CCc2ccc(Br)cc2C1,4.692503962
NC1=NC(N=C1C)(Cc1ccccc1)c1cccc(c1)c1cncnc1,4.48148606
Cc1cccnc1CN1CCC2(CC1)N(C(=O)N(C2=O)c1ccc(cc1)-c1ccc(cc1C)C(O)=O)c1cc(ncn1)C(F)(F)F,4.677780705
COC(=O)C1CCC(CC1)N1CC(C1)NC(=O)CNc1nn(c2c1cc(cc2)C(F)(F)F)C,5.096910013
Cc1cccc(Nc2nc(N[C@H]3CCCNC3)ncc2C(N)=O)c1,5.799998135
CC(C)(C)NC(=O)NCCN1CCC(CNC(=O)c2cc(Cl)cc(Cl)c2)CC1,4.886056648
Clc1ccc(cc1)c1nnc(n1C)CCCCN1CC2[C@@](C1)(C2)c1ccc(cc1)C(F)(F)F,7.397940009
CCCCc1oc2c(c1C(=O)c1cc(I)c(c(c1)I)OCCNCC)cccc2,6.420216403
COc1ccc(cc1)N1CCN(Cc2nc3c4cccc(OC)c4nc(N)n3n2)[C@H](C)C1,4.682981899
C(C(N1CCNCC1)c1ccccc1)c1ccccc1OC1CC1,5.193820026
CCc1csc(n1)N1CCN(CC1)C(=O)[C@@H]1CCCC[C@H]1C(=O)NC1(CC1)C#N,4
Clc1ccc(Cl)c(CN2CCN(CCN3Cc4ccccc4C3)C2=O)c1,6.400007822
O=C(c1cccc(c1Cl)Cl)N(C1CNCC1)CC(C)(C)C,4.774690718
Fc1ccc(CN2CCN(C3=Nn4c(nnc4C(F)(F)F)CC3)CC2)cc1,4.530177984
CCc1nn2c(C)cc(C)nc2c1Cc1ccc(CCCC2(O)CCNCC2)cc1,4.619788758
C[C@H]1Oc2ccc(cc2[C@@]2(COC(N)=N2)C11COC1)-c1cccnc1F,5
OCC(=O)NC1CC(C)(C)N(c2c1cc(c1ccc(cc1)Cl)c(n2)c1ccc(cc1Cl)Cl)C,7.397940009
Clc1ccc(c(c1)F)Oc1cnc2c(n1)c(=O)n(c(n2)C)CC1CCCN(C1)C(C)C,4.48148606
C[S+]([O-])c1ccc(-c2cnc3ccc(NC4CCS(=O)(=O)CC4)nn23)cc1,4.540607512
CC(C)OC[C@H](Oc1ncnc2c1cnn2-c1ccccc1Cl)C(=O)Nc1ccc(Cl)cn1,4.800000875
ONC(=O)/C=C/c1ccc(cc1)CN(CCC(F)(F)F)CCc1c[nH]c2c1cccc2,4.301029996
O=C(Oc1cccc(c1)c1sccc1C(=O)N)NCCCCCCc1ccccc1,5
COc1ccc(cc1)[C@H]1CN(CCc2ccc(OC)c(OC)c2)C[C@@H]1Cc1nc2ccc(Cl)cc2[nH]1,9
CSc1ccccc1C(=O)N([C@H]1CCNC1)c1ccccc1,4.698970004
O([C@]([C@@H](C[NH2+]C)C)(Cc1ccccc1)c1ccccc1)C(=O)CC,5.440093375
CCN1CCN(CC1)c1cc2[nH]c(S[C@@]3(C)CC[C@@H](CC3)NC(=O)OC)nc2cc1Cl,5.455931956
CCN1CCN(CC1)c1cc2[nH]c(S[C@]3(C)CC[C@@H](CC3)NC(=O)OC)nc2cc1Cl,5.823908741
C[C@H]1N(CCn2c1nnc2-c1nc(C)ns1)C(=O)c1cccc(F)c1,4.15490196
COc1ccc(cc1)C1(N=C(N)C(=N1)C(C)C)c1cccc(c1)-c1cncnc1,4.571865206
O=C(CN1[C@@H](OC2(C1=O)CCCC2)c1cc(F)cc(c1)F)Nc1ccc2c(c1)C[C@]1(C2)C(=O)NC(=O)N1C,4.22184875
CO[C@@H](C)CN(CCc1ccc(Cl)cc1)C1CCN(c2nc(N)n[nH]2)CC1,4.754487332
COCCN1CCC[C@H]1Cn1nc(Cc2ccc(cc2)Cl)c2c(c1=O)ccnc2,5.899629455
COc1ccc2ncc(=O)n(CCN3CCC(CC3)NCc3cnc(C)c(c3)C#N)c2n1,4.886056648
COCc1nnc(N2C[C@@H]3C[C@]3(c3ccc(F)cc3Cl)C2)n1-c1ccc(OC)nc1,4.795880017
O=C(Nc1ccc(SC(F)(F)F)cc1)c1cnc(N2CC[C@@H](O)C2)c(-c2cncnc2)c1,4.978810701
O=C([C@@H]1Cc2ccccc2CN1S(=O)(=O)c1ccc2c(c1)cccc2)NCCc1ccccn1,4.522878745
Fc1ccc(cc1)C1(NC(=NC1C)c1ccc(=O)n(c1)C(F)F)c1ccc(nc1)F,5
CCN(CC)CCOC(=O)C1(CCCC1)c2ccc(cc2)[N+](=O)[O-],5.450004148
NS(=O)(=O)Nc1cncc(-c2nc(NCc3ccccn3)c3c(-c4ccccc4)cccc3n2)c1,6.096910013
CCOC(=O)C1=C(C)N=C(C)C(C1c1cccc(c1)[N+]([O-])=O)C(=O)OC,5
O[C@H]1CN(CCn2c3cc(ccc3ccc2=O)C#N)CC[C@H]1NCc1cc2OCCOc2cn1,3.931814138
CC(C)CCOc1ccc2ncc(F)c(CCC34CCC(CC3)(CO4)NCc3ccc4OCC(=O)Nc4n3)c2n1,5.455931956
COc1ccc(cc1)-n1c(C)nnc1SCc1nc(no1)-c1ccc(OC)c(OC)c1,4.522878745
Nc1nc2c(s1)CC[C@H]2C(=O)Nc1ccc(C[C@@H]2CC[C@H]([C@H](O)c3ccccc3)N2)cc1,4.896196279
Fc1cccc(c1)C1CCN(CC1)C1CCC(C1)(C(C)C)C(=O)NCc1cc(cc(c1)C(F)(F)F)C(F)(F)F,7.346787486
OCC(F)(F)c1cc(cc(c1)S(=O)(=O)N1CCN(CC1)C(=O)[C@@H]1C[C@H]1c1ccc(cc1)C(F)(F)F)C(F)(F)F,5.602059991
NC1=NC2(CO1)c1cc(ccc1OC(Cc1ccccc1)C21COC1)-c1cncnc1,5.053056729
O=C(N1CCn2c([C@H]1c1ccccc1)ccc2)NC1CCN(CC1)Cc1ccn(c1)c1ccc(cc1)C(F)(F)F,5.886056648
CC1COc2cc(CNC34CCC(C[C@]5(O)Cn6c7c5c(F)cnc7ccc6=O)(CC3)OC4)ncc2O1,4.22184875
O=c1[nH]cc(cc1N)c1ccncc1,4
Fc1ccc(cc1)[C@@H](NC(=O)c1cc[n+](cc1)[O-])CCN1[C@@H]2CC[C@@H]1C[C@@H](C2)n1c(C)nc2c1ccc(c2)F,6.485452247
CCCOCCn1c2cc(ncc2nc(N2CCN(CCO)CC2)c1=O)-c1ccc(OC)nc1,5.747146969
COc1cc2ncnc(Oc3ccc(CC(=O)Nc4cnn(c4)C(C)C)cc3)c2cc1OC,3.863279433
CCC(NCCCC[C@@H](Cc1cc(C)c(F)c(C)c1)C(=O)NO)c1ccc(F)cc1,4.876148359
NC(=O)c1ccc(cc1)C1(CC1)CN1CCN(C(C1)C)S(=O)(=O)c1ccc(cc1)C(C(F)(F)F)(O)C,5.193820026
CCOc1ccc(cc1)CCN1C(CN(C1=O)NS(=O)(=O)C)c1ccc(cc1)OC,4.913640169
OC(CNCC(O)C1CCc2cc(F)ccc2O1)C1CCc2cc(F)ccc2O1,5.366531544
Oc1cc(Cl)ccc1CNC(=O)C1CCN(Cc2ccn(c2)-c2ccc(cc2)C(F)(F)F)CC1,5.809668302
Cn1c(nc2c(cccc2c1=O)C(F)(F)F)-c1ccc(OC2CCN(CC2)C2CCC2)cc1,6.522878745
CNc1nc(NCCCN(C)C)c2sc(cc2n1)-c1ccc(cc1)C(F)(F)F,5.568636236
O[C@]1(CC[C@@H](CC1)N1CC(C1)NC(=O)CNc1cc(nc2ccc(cc12)C(F)(F)F)C(F)(F)F)c1cncs1,4.442492798
NCc1c(C)nc2c(c1c1ccc(cc1Cl)Cl)CN(C2=O)CC(=O)Nc1ccnn1C,4.096910013
COCC[C@H](Oc1ncnc2n(ncc12)-c1ccccc1OC)C(=O)Nc1ccc(C)cn1,4.48148606
Nc1n[nH]c(N2CCC(N(CCc3ccc(Cl)cc3)CC(=O)O)CC2)n1,5.096910013
Fc1ncccc1-c1cnc2nc(sc2c1)N1CCC(CC1)N1CCCCC1,5.575412346
OC[C@@H]1OC(=O)N2[C@H]1COc1cc(ccc21)-c1ccc(nc1)C#N,4.736363931
N#Cc1ccc(cc1)c1ccc(cc1)[C@H]1COC[C@@H]1NS(=O)(=O)C(C)C,4.899629455
NC1=NC(c2cccc(-c3cncnc3)c2)(c2ccnc(C(F)F)c2)c2cccc(F)c21,5.318758763
COc1ccc(cc1)C1CN(CC1CC(=O)Nc1cccc(c1)Cl)CCC1(O)CCOCC1,5.084072788
COC(=O)C1(CNC(=O)c2cc(OC)cc(OC)c2)CCN(Cc2cccc(c2)C(F)(F)F)CC1,5.552841969
C[C@@H](Nc1c(C(N)=O)cnc2ccc(-c3cccnc3)cc12)c1ccn(C)n1,5.552841969
CCCCOc1ccc(OCCCN2CCOCC2)cc1,5
CN(C1CCN(Cc2nc3CCCCc3s2)CC1)C(=O)Cc1ccc(cc1)-n1cnnn1,5.119186408
COc1ncc(cn1)-c1cccc(C)c1CCNC(=O)c1ccc(OCCC(F)(F)F)nc1,5.200659451
Cn1c(SCCCN2CCc3ccc4oc(nc4c3CC2)C(F)(F)F)nnc1-c1ccccc1,6.602059991
CN(CCC1CCN(C(=O)OCc2cc(Cl)cc(Cl)c2)CC1)C(=O)c1c[nH]c(=O)o1,5.13667714
FC(F)(F)c1ccc(cc1)-n1ccc(CN2CCC(CC2)NC(=O)NC(CN2CCOCC2)c2ccccc2)c1,5.161150909
CC(C)=CCn1c(N2CCC[C@H](N)C2)c(C#N)c2n(C)c(=O)n(Cc3nc(C)c4ccccc4n3)c(=O)c12,5.173925197
C[C@@H]1CCCN1CCc1ccc2nc(ccc2c1)-c1sc2nc3ccccc3n2c1C,5.769551079
COC(=O)C1(COc2ccc3ncc(F)c(CCC45CCC(CC4)(CO5)NCc4ccc5OCC(=O)Nc5n4)c3n2)CC1,5.795880017
COC1CCN(Cc2cc(-c3ccc(C(C)C)cc3)n(-c3ccc(F)cc3)n2)CC1,5.199970641
CCOC(=O)C1=C(CN2CCOCC2)NC(c2nccs2)=NC1c1ccc(Cl)cc1Cl,6.522878745
FC(F)(F)c1ccccc1C(=O)N(CC1CC1)[C@H]1CCNC1,4.698970004
Cc1cc(on1)[C@H]1C[C@H]2CSC(N)=N[C@]2(CO1)c1ccc(F)cc1F,5.795880017
COc1ccc(CCO[C@@H]2CCCC[C@H]2N2CC[C@@H](O)C2)cc1OC.Cl,5.15490196
O=C(c1ccc(cc1)C(=O)N1CCC1)N1CCN(C(=O)C1)c1ccc(cc1)OCCCN1CCCCC1,4.200659451
O=C(N1CCC(C1)NC1CCC(CC1)(O)c1ccc(cn1)c1ccncc1)CNC(=O)c1cccc(c1)C(F)(F)F,4.886056648
CN(C)CCC(c1ccc(Br)cc1)c1ccccn1,6.050024822
OC(CN1CCN(CC1)Cc1ccc(cc1)Cl)COc1ccc(cc1)Cl,6.552841969
CCCCc1oc2c(c1C(=O)c1cc(I)c(c(c1)I)OCCC)cccc2,4
Clc1ccc(c(c1)Cl)[C@]1(OC[C@@H](O1)COc1ccc(cc1)N1CCN(CC1)C(=O)C)Cn1cncc1,5.721246399
Cn1cnc(-c2cnc(O[C@H]3CCN(C(=O)Cc4ccc(OC(F)(F)F)cc4)C[C@@H]3F)c(C(N)=O)c2)c1,4.619788758
COCCN1CCN(c2ccc(OCc3ccccc3)c(C(=O)Nc3ccnnc3)c2)CC1,5.099999035
CCN(CC)C(=O)c1ccc(cc1)[C@H]1CC2(CCNCC2)Oc2ccccc12,5.602059991
Cc1cc(C#N)cc(C)c1Oc1nc(NC2CCN(Cc3ccc(C(N)=O)cc3)CC2)nc2c1COC2,6.080921908
Cc1cccnc1CN1CCC2(CC1)N(C(=O)N(C2=O)c1ccc(cc1)-c1ccc(cc1C)C(O)=O)c1ncccn1,4.638272164
N#Cc1cc(C(C)C)c2c(c1)nc(o2)c1ccc(cc1)C(=O)NCC1CCC(CC1)c1cccc(c1)C,4.946921557
c1ccc(-c2ccc(-c3c[nH]c([C@H]4Cc5c([nH]c6ccccc56)[C@@H](C5CCOCC5)N4)n3)cc2)cc1,7.769551079
O=C(N1CCC(C1)NC1CCC(CC1)(O)c1ccc(cn1)c1cccnc1)CNC(=O)c1cccc(c1)C(F)(F)F,4.522878745
COc1cncc(c1)-c1ccc2O[C@H](C)C3(COC3)[C@]3(COC(N)=N3)c2c1,5
CNCCN1CCCc2c1ccc(c2)NC(=N)c1cccs1,4.522878745
COc1cc(ccc1N)C(=O)NC[C@@H](O)CN1CCC(CC1)Oc1ccc(Cl)c(Cl)c1,6.599980365
CCN1CC2[C@@](C1)(CCCC2)c1ccc(c(c1)Cl)Cl,5.363512104
Cc1ccc2c(cccc2n1)-c1nnc(SCCCN2CC3CC3(C2)c2ccccc2)n1C,5.585026652
Cn1c(nc2ccccc2c1=O)-c1ccc(OC2CCN(CC2)C2CCCC2)cc1,5.537602002
CN(C)Cc1ccc2CN(CCc2c1)C(=O)c1cc2cc(Br)ncc2n1C,4.505845406
CN1Cc2cccc(Oc3ncccc3NC(=O)Nc3ccc(OC(F)(F)F)cc3)c2C1C(C)(C)C,5.142667504
COc1cnc2ccc(=O)n(CCN3CCC(CC3)c3nc4cc(Cl)c(C)cc4[nH]3)c2c1,5.853871964
CN(C1CCN(CCF)CC1)C(=O)N1CC(=C[C@@]1(CO)c1ccccc1)c1cc(F)ccc1F,4.860120914
Cn1c(SCCCN2CC3CCN(c4ccccc4OC(F)(F)F)C3C2)nnc1-c1cnccn1,6.200659451
COCCN1Cc2c(nc(C)c(CN)c2-c2ccc(Cl)cc2Cl)C1=O,4.096910013
OCCN1CCN(CC1)c1ccc2nc(-c3ccccc3)c(nc2n1)-c1ccc(CN2CCC(CC2)c2nc(n[nH]2)-c2ncccn2)cc1,5
Cl.Cl.FCCOc1ccc(CCN2CCN(CCc3ccccc3Cl)CC2)cc1,5.853871964
O=C(/C=C/c1ccc(c(c1)O)O)OCCc1ccccc1,5
Cc1ncc(cn1)-c1cccc2OC[C@H](Cc12)NC(=O)c1ccc(OCC(F)(F)F)nc1,5
NCc1c(C)nc2c(c1c1ccc(cc1Cl)Cl)CN(C2=O)CC(=O)N1CCCC1,4.096910013
COc1ccc2c(n1)c(ccn2)NC(=O)C1(O)CCC(CC1)NCc1ccc2c(c1)OCCO2,4.602059991
CC(=O)N1CCO[C@@H](c2nc(-c3ccc(C(=O)Nc4cc(C(F)(F)F)ccn4)cc3F)c3c(N)nccn23)C1,4.721246399
Fc1ccccc1C(=O)N1CCN(CCN2CC[C@H](C2)NC(=O)CNC(=O)c2cccc(c2)C(F)(F)F)CC1,5
FC(F)(F)c1cnc2CCN(Cc2c1)C(=O)[C@@]12CCC[C@@H]1C[C@H](C2)NC1CCS(=O)(=O)CC1,4.301029996
CC1(O)CCN(Cc2ccc(OC3CN(C3)C(=O)c3nnc(o3)-c3ccccc3)cc2)C1,4.48148606
COc1ccc(OC)c(Cc2nc3ccccc3n2CC(=O)Nc2cc(C(C)(C)C)cc(C(C)(C)C)c2)c1,7.698970004
CCCOCCn1c2cc(ncc2nc(N2CCN(CC)CC2)c1=O)-c1ccc(OC)nc1,6.522878745
C[C@@H]1CN(CCO)CCN1c1cc2[nH]c(SC(C)(C)C)nc2cc1Cl,5.795880017
COc1ccc(cc1CO)c1ccc2c(n1)nc(nc2N1CCOC[C@H]1C)N1CC[C@H](C1)O,5.096910013
CC1(CC(=O)c2ccccc2C1=O)S(=O)(=O)[O-],5.030002001
CC(C)S(=O)(=O)N[C@H]1CN(C)C[C@@H]1c1ccc(cc1)-c1cccc(NC(C)=O)c1,4.899629455
Cc1ccc(cc1)C1CC2CCC(C1)N2CCCSc1nnc(n1C)c1ocnc1C,6
CC(C)n1ncc2CC3(CCN(CC3)C(=O)c3ccc4nc(C)[nH]c4c3)CC(=O)c12,3.850780887
Clc1cc2cc(oc2cc1)C(=O)N(CCCN1c2c(CCc3c1cccc3)cccc2)C,4.698319051
Cn1nc(NCC(=O)NC2CN(C2)[C@@H]2CC[C@H](COCC=C)CC2)c2cc(ccc12)C(F)(F)F,5.301029996
O=C(c1ccccc1C(F)(F)F)N(C1CNCC1)CC1CCC1,4.698970004
O=C(NC1CN(C1)C1CCC(CC1)c1ccccc1)CNC(=O)c1cccc(c1)C(F)(F)F,6
CSc1ccccc1C(=O)N(C1CCNC1)C1CCCCC1,5.643974143
FC(F)(F)c1cc(CO[C@@H]2CCCN[C@@H]2c3ccccc3)cc(c1)C(F)(F)F,4.889999849
Fc1ccc(cc1)[C@@H](NC(=O)c1ccc(cc1)S(=O)(=O)C)CCN1[C@@H]2CC[C@@H]1C[C@@H](C2)n1c(C)nc2c1cccc2,6.068033885
CC(O)(c1ccc(CN2CCC3(CC2)OCc2cc(F)ncc32)cc1)c1ccc(F)c(F)c1,6.301029996
NC(CO)(CO)COC(=O)C1CCn2c1ccc2C(=O)c3ccccc3,4.679999196
CCCCNc1ccc(cc1)C(=O)OCCN(C)C,4.800000875
CC[C@@H](NC(=O)c1cc(C(=O)N2CCC[C@@H]2C)n2CCOCc12)c1cnc(OC)c(Cl)c1,5
Fc1cc2c(cc1Cl)oc(cc2=O)C(=O)NC1CCN(Cc2ccc3OCOc3c2)CC1,9
NC1=NC(c2cccc(F)c12)(c1cccc(c1)-c1cncnc1)c1ccnc(c1)C(F)(F)F,4.958607315
C=CCOC1CCC(CC1)N1CC(C1)NC(=O)CNc1nn(c2c1cc(cc2)C(F)(F)F)C,5.13076828
Cc1cc(C)nc(Nc2cc(NC[C@@H](N)CCS(C)(=O)=O)cnc2C(N)=O)c1,4.853871964
Clc1ccc(-n2c(-c3ccc(Cl)cc3Cl)nc3c(NN4CCCCC4)ncnc32)cc1,5.568636236
C[C@H]1N(CCn2c1nnc2-c1nc(C)no1)C(=O)c1ccc(cc1)-c1cccs1,5.292429824
COc1ccc(cn1)[C@]1(O)CC[C@@H](CC1)N1CC(C1)NC(=O)CNc1ncnc2ccc(cc12)C(F)(F)F,4.54515514
OCC(O)COc1ccc2ncc(F)c(CCC34CCC(CC3)(CO4)NCc3ccc4OCC(=O)Nc4n3)c2n1,5.638272164
CC(C)(C)c1nnc(s1)-c1nn(c(c1Cn1cncn1)-c1ccc(Br)cc1)-c1ccc(Cl)cc1Cl,5
CCN1CCN(Cc2ccc(Nc3ncc(F)c(-c4cc(F)c5nc(C)n(C(C)C)c5c4)n3)nc2)CC1,4.962573502
COc1cc(C(O)(CCn2ccnc2)C(c2cc3cc(Br)ccc3nc2OC)c2cccc(OC)c2OC)cc(OC)n1,4.958607315
Clc1ccc(OC2CCN(CC2)C2CCN(CC2)S(=O)(=O)NC(=O)c2ccccc2)cc1Cl,5.200659451
CC(C)(C)C1CCC2(CC1)CCN(C(=O)N2Cc1ccc(cc1)C(=O)Nc1nnn[nH]1)c1ccc(OC(F)(F)F)cc1,5.26760624
C[C@H]1CN(Cc2ccc(CC(=O)N3CCC(CC3)Nc3cccc(F)c3)cc2)CCN1,4.801342913
C[C@@H]1CCCN1CCc1ccc(-c2ccc(S(=O)(=O)Nc3ccccc3)cc2)cc1,6.527682454
O=C(Cn1ccc2ncc(-c3cccc(C(F)(F)F)c3)cc21)N1CCC1,5.27572413
CCN1CC2C(C1)CC(C2)N(C(=O)c1ncn(c1)C)Cc1ccc(c(c1)C(F)(F)F)F,5.812479279
O=C(O)CCc1cnc2c(N3CCN(CCc4ccc(OCCCN5CCCCCC5)cc4)CC3)cccc2c1,4.499999679
CO[C@H]1C[C@@H](n2c(=O)n(C)c3cnc4cc(F)c(-c5ccc(CO)nc5)cc4c32)C1,4.638272164
Cc1cc2nc(CC3CCCC3)n(Cc3ccc(Cl)cc3)c2cc1C,5.886056648
O=C1COc2ccccc2N1CCCN1CCC(CC1)n1c2ncccc2[nH]c1=O,4.886056648
N[C@H]1CN(c2ccc3nc(=O)ccn3n2)CC[C@@H]1c1cc(F)c(F)cc1F.O=C(O)C(F)(F)F,4
OC(=O)c1ccc(cc1)C1CCN(CC1)[C@@H]1C[C@H]2OCC[C@]2(C1)C(=O)N1CCc2ncc(cc2C1)C(F)(F)F,4.301029996
CC(C)CN(C[C@@H](O)[C@H](Cc1ccccc1)NC(=O)O[C@H]1CO[C@H]2OCC[C@@H]12)S(=O)(=O)c1ccc(N)cc1,3.969805215
NC(=O)[C@@H]1CCC[C@H](c2ccc(OCc3cccc(F)c3)cc2)N1,4.499999679
OC(=O)C1CN(C1)C1CCC2(C1)Cc1ccccc1Cc1c2cccc1,4.301029996
N[C@@H]1CCC=C(c2ccc(F)cc2)[C@H]1COc1cc(F)c(S(=O)(=O)Nc2cscn2)cc1Cl,4.987162775
Clc1cc(ccc1)CN1CC[C@@H]([NH+](Cc2n(cnc2)Cc2ccc(cc2)C#N)CCCNC(OC(C)(C)C)=O)C1=O,6.958607315
C[C@H]1N(CCn2c1nnc2-c1nc(C)ns1)C(=O)c1ccc(F)c(Cl)c1,4.346787486
O=C1[C@H](CCN1Cc1ccccc1)N(Cc1cncn1Cc1ccc(cc1)C#N)Cc1cccnc1,6.060480747
Fc1ccc2c(c1)oc(cc2=O)C(=O)NC1CCN(Cc2ccc(C(=O)NCCN3CCCC3)c(F)c2)CC1,4.301029996
COc1cc(/C=C/C(=O)CC(=O)/C=C/c2ccc(c(c2)OC)O)ccc1O,5.255707017
CO[C@H]1CN(C2CCN(c3nc(N)n[nH]3)CC2)[C@H]1Cc1ccc(Cl)cc1,6.468521083
CC(=O)O[C@H]1C[C@@]2(C)CN3C4C5(C1)[C@@H]2C3CC12C5[C@H](O)[C@H](C([C@]41O)OC(=O)C)C(=C)C2,2.785156152
Clc1cccc(COc2ccn(-c3ccc(OCCN4CCCC4)cc3)c(=O)c2)c1,9
OC(=O)CC1C(NC(=O)c2cc3c([nH]2)c(c(s3)Cl)Cl)Cc2c1cccc2,4.522878745
s1cc(cc1)-c1[nH]c2c(ccc(F)c2)c1[C@@H]1C[NH2+]CC[C@H]1F,5.823908741
Cc1nccn1-c1ccc(-c2cn(CC(=O)Nc3cccc(Cl)c3Cl)nn2)cn1,5.346787486
CC1CN(CC(N1)C)Cc1ccc(cc1)n1ccnc1C(=O)N1CCC(CC1)Nc1cccc(c1)F,4.602059991
CC(C)S(=O)(=O)N[C@H]1CN(C)C[C@@H]1c1ccc(cc1)-c1ccsc1,5.397940009
CCCNC(=O)C1N(CC(C)c2ccc(Cl)cc2)C(=O)c2ccccc12,4.48148606
FC(F)(F)Oc1cccc(-c2ncccc2CC(c2cccnc2)c2cccnc2)c1,4.896196279
O[C@H](COc1ccc(Cl)cc1)CN1CCN(Cc2ccc(Cl)cc2)CC1,6.522878745
Cc1nc2ccccc2n1C1CC2CCC(C1)N2CCC1(CCN(CC1)C(=O)c1cc(NS(C)(=O)=O)c(F)cc1F)c1cccc(F)c1,4
CCCCCCCCCCCC[N+](CC)(CC)CC,6.412289035
CS(=O)(=O)c1cccc(C[C@H](NC(=O)c2c(Cl)cc3CN(CCc3c2Cl)C(=O)c2ccc3ccoc3c2)C(O)=O)c1,4.698970004
CC(C)Cc1cc(CNS(=O)(=O)c2ccccc2)nn1-c1ccccc1,4.677780705
C[C@H]1N(CCn2c1nnc2-c1nc(C)ns1)C(=O)c1cccc(Cl)c1,4.15490196
CC(C)Oc1ccc(F)cc1-c1ccc(nc1)N1CCC(CNC(=O)c2ccc(cc2)-c2nc3cc(cc(C(C)C)c3o2)C#N)CC1,7.251811973
O=C(Nc1ccc(F)cn1)[C@H](COCCO)Oc1ncnc2c1cnn2-c1ccccc1Cl,4.400000186
CC(C)N(CCC(c1ccccc1)c2cc(C)ccc2O)C(C)C,7.050122296
CC(CN(C(=O)c1cccc(c1Cl)Cl)C1CNCC1)C,4.698970004
FC(F)Oc1ccc2c(c1)oc(cc2=O)C(=O)NC1CCN(Cc2ccc3OCOc3c2)CC1,9
Clc1ccc(cc1)CNC(=O)C1(N)CCCN(C1)c1ncnc2c1cc[nH]2,5.281498311
Clc1ccccc1C(=O)Nc1ccc(cc1)-c1nnc(NCCCN2CCCCC2)o1,4.900001867
CCOC(=O)C1CCC(CC1)N1CC(C1)NC(=O)CNc1nn(c2c1cc(cc2)C(F)(F)F)CC(F)(F)F,5.602059991
CC#Cc1cncc(c1)-c1ccc2OCC3(COC3)C3(CSC(N)=N3)c2c1,5.22184875
NC(=O)c1ccc(-c2nc(NCc3ccccn3)c3c(-c4ccccc4)cccc3n2)cn1,5.337242168
Clc1ccc(c(c1)Cl)c1nnc(n1C)CCCCN1CC2[C@@](C1)(C2)c1ccc(cc1)C(F)(F)F,7.301029996
CCO[C@H]1CN(C[C@@H]1NC(=O)CNC(=O)c1cccc(c1)C(F)(F)F)[C@H]1CC[C@](O)(CC1)c1ccccc1,4.769551079
COCC(=O)N1CCC(n2nc(C)c(Nc3ncc(Cl)c(-c4cnn5ccccc45)n3)c2C)CC1,4.769551079
COc1ccc(cc1)C1CN(CC1CC(=O)Nc1cccc(c1)Cl)CCC1CCS(=O)(=O)CC1,6.537602002
Cc1nc(nc2ccc(NC(=O)\C=C\c3ccc(OC(F)(F)F)cc3)cc12)N1CCC(O)CC1,5.48148606
CCOc1cc([C@](O)(CCN(C)C)[C@@H](c2cc3cc(Br)ccc3nc2OC)c2cccc(OC)c2F)cc(OCC)n1,5
Clc1ccc(Cn2cc(NCCN3CCCCC3)nn2)cc1Cl,5.657577319
C[C@@H]1NC(=N[C@@]1(c1ccc(F)cc1)c1ccc(F)nc1)c1cc(ccn1)C(N)=O,5
O=S(=O)(NCc1ccccc1)c1cccc(Nc2ccc3nccc(-c4ccncc4)c3n2)c1,5.920818754
Clc1ccc(cc1)[C@H](N1CCN(CC1)CCOCCO)c1ccccc1,6.207608311
Cc1ccccc1-c1nc2cn(-c3cccc(Cl)c3)nc2c(=O)n1CC1CCCN(C(C)C)C1,5
COc1ccc(CCN2CCC(CCc3cccc(OCCF)c3)CC2)cc1.Cl,6.552841969
FC(Oc1ccc(cc1)c1ccc2n(c1)c(nn2)C(F)(F)F)(F)F,5
CCc1c(CCN2CCN(C(=O)Cc3ccc(-n4cnnn4)cc3)CC2)ccc2c1COC2=O,4.568636236
Nc1nc2cc3CCN(CCO)CCc3cc2s1,4.48148606
O=C1NCc2c(N1c1c(Cl)cccc1Cl)nc(nc2c1ccccc1Cl)NC1CN2CCC1CC2,5.236572006
CN(C/C=C/C=C/c1ccc(C(F)(F)F)cc1F)Cc1ccc2c(c1)OCO2.Cl,7.853871964
CC(C)=CCn1c(N2CCCNCC2)c(C#N)c2n(C)c(=O)n(Cc3c(cnc4ccccc34)C#N)c(=O)c12,6.045757491
COc1cnc2c(CCC34CCC(CC3)(CO4)NCc3ccc4OCC(=O)Nc4n3)ccnc2c1,9
Fc1ccc(CCN2CCN([C@H]3CCc4cc(CN5CCOCC5)ccc4C3)C(=O)C2)cc1,4.958607315
NC(=O)c1cc(Cl)c2c(Cl)c(C#CC3CNCCO3)n([C@H]3CCCNC3)c2n1,8.22184875
O=C1Cc2cc(ccc2S(=O)(=O)N1)C(=O)N1CCC(CC1)(CCN1[C@@H]2CC[C@@H]1C[C@@H](C2)n1c(C)nc2c1cccc2)c1ccccc1,4.522878745
Cc1cc(Nc2ncc(Cl)c(Nc3ccccc3S(=O)(=O)C(C)C)n2)c(OC(C)C)cc1C1CCN(C(=O)CN(C)C)CC1,4.610833916
CC(Cc1nc2c(n1Cc1cc(=O)[nH]c3c1ccc(c3F)F)nccn2)C,4.522878745
C(Oc1ccccc1)C#Cc1cc(cs1)-c1[nH]nc-2c1Cc1cc(Cn3cccn3)ccc-21,5
C[C@H](Nc1c(C(N)=O)cnc2ccc(-c3cccnc3)cc12)C1CCOCC1,5.443697499
CC(N(C)C)C1(c2ccc3ccccc3c2)CCCCC1.Cl,5.366531544
CC1(C)[C@H]2CC[C@]1(C)CN(CCN1CCN(C1=O)c1cccc(Cl)c1)C2,5.900008766
COc1cc(C=Cc2nc3sc4CCCc4c3c(=O)[nH]2)ccc1-n1cnc(C)c1,5.327902142
OC(=O)\C=C/C(=O)C(C(C1CCCCC1)C2CCCCC2)C3CCCCN3,4.899998417
O(CC)C(=O)[C@@H](N[C@H](C(=O)N1CCC[C@H]1C(O)=O)C)CCc1ccccc1,4
Nc1nc(N2CCC(N(CCc3ccc(Cl)cc3)Cc3ccncc3Cl)CC2)n[nH]1,5.193820026
COc1ccc(cc1OC)C(C)NC(=O)C1(N)CCN(CC1)c1ncnc2[nH]ccc12,4
Nc1cc(c(cn1)-c1cc(nc(n1)N1CCOCC1)N1CCOCC1)C(F)(F)F,4.522878745
Cn1c(nnc1C(CCCN1CC2[C@@](C1)(C2)c1ccc(cc1)C(F)(F)F)(F)F)c1ccccc1,5.899629455
COc1cc2nnc(C(N)=O)c(Nc3ccc(C)cc3F)c2cc1N1CCCN(CCO)CC1,4.853871964
CC(C)CNCc1ccc(cc1)-c1ccccc1S(=O)(=O)N1CCCC1,5.619788758
C[C@H]1C[C@H]2CSC(N)=N[C@@]2(c2ccccc2C(F)(F)F)CO1,4.256490235
Cc1ncc(OC[C@]2(C[C@H]2C(=O)Nc2cc(C)c(F)cn2)c2cccc(F)c2)c(C)n1,5
O[C@H]1CCCC[C@@H]1NC(=O)c1cc(CN2CCC(CC2)(C#N)c2ccccc2)c2ccccn2c1=O,5.292429824
O=C(NC1CCN(C1)C1CCC(CC1)(O)c1ccc(cc1)C)CNC(=O)c1cccc(c1)C(F)(F)F,4.879426069
[NH+]=1CCNC=1[C@@H]1CC1(c1ccccc1)c1ccccc1,4.638272164
CN1Cc2ccccc2[C@@H](c2ccc(F)cc2F)N=C1CCc1ccc(NS(C)(=O)=O)cc1.Cl,4.420216403
CCS(=O)(=O)c1cnc(N2CC3(CCN(C[C@H](O)c4ccc5c(c4C)COC5=O)CC3)CC2=O)cn1,5.214670165
COc1cccc(CN2CCc3cc4nc(N)sc4cc3CC2)c1,5.180456064
CCn1cc(cn1)[C@]1(N[C@H](Cc2c1[nH]c1ccccc21)c1nc(c[nH]1)-c1ccc(F)cn1)c1nnc(O)o1,4.649751982
Fc1ccc(c(c1)F)[C@@]12CO[C@@H](C[C@H]2CSC(=N1)N)c1ncco1,4.974694135
COCC(=O)N1CCC[C@@H](c2nc(-c3ccc(C(=O)Nc4cc(C(F)(F)F)ccn4)cc3F)c3c(N)nccn23)C1,5.346787486
CN1CCN(CC1)c1ccc(cc1)-c1nc2ncc(Br)c(N3CCN(Cc4cc(C)on4)CC3)c2[nH]1,5.522878745
[S+2]([O-])([O-])(Nc1ccc2OC3(CC[N+](CC3)C3CCc4cc(C#N)ccc4C3)CC(O)c2c1)C,7.677780705
Cc1nc2ccccc2n1C1CC2CCC(C1)N2CCC1(CCN(CC1)C(=O)c1cc(ccc1F)S(N)(=O)=O)c1cccc(F)c1,4.380000399
NC1CC(=CCC1c1cc(F)c(cc1F)F)C(=O)N1CCn2c(C1)nnc2C(F)(F)F,3.522878745
Cc1c(CN2CCOCC2)cc(-c2ccc(C(C)C)cc2)n1-c1ccc(F)cc1,5
Cc1noc(C)c1CCC1CCN(CC1)S(=O)(=O)CC1(CCOCC1)N(O)C=O,4
CN(CCc1ccc(cc1)NS(=O)(=O)C)CCOc1ccc(cc1)C(=O)N,6.035269079
FC(F)(F)c1ccc2nc([nH]c2c1)N1CCC2(CN(C(=O)O2)c2ccccc2)CC1,5.699991797
Oc1c[nH]c(CCOc2ccc3ncc(F)c(CCC45CCC(CC4)(CO5)NCc4ccc5OCC(=O)Nc5n4)c3n2)cc1=O,6.045757491
CCN(C)C(=O)c1ccc(cc1)[C@@H](N1CCN(Cc2cscn2)CC1)c1cccnc1,4.823908741
COc1ccc(cn1)-c1cc(cnc1N)-c1ccc(cc1)S(C)(=O)=O,5.522878745
Cl.Cl.Cl.Cn1cnc(C(=O)N(Cc2cccc(Cl)c2)[C@H]2CC[C@@H](N)CC2)c1,4.183096161
NCCCCCCNS(=O)(=O)c1cccc2c1cccc2Cl,5.455931956
C[C@@H]1NC(=N[C@@]1(c1ccc(F)cc1)c1ccc(F)nc1)c1cccc(n1)C#N,5.161150909
CNCc1cc(F)ccc1Oc1ccc(F)c(Cl)c1,5.081445469
c1ccc2c3c([nH]c2c1)[C@@H](C1CCOCC1)N[C@@H](c1nc(-c2cscn2)c[nH]1)C3,5.357238797
O=C(c1ccc(C[C@@H]2CC[C@H]([C@H](O)c3ccccc3)N2)cc1)N1CCN(Cc2nnn(CC(F)(F)F)n2)CC1,4.524474085
COc1ccc(NC(=O)N2CCN(c3nc(N)nc4sncc34)[C@@H](C)C2)c(C)c1,5.096910013
N#Cc1cnc(s1)Nc1ncnc(c1)N1CCN(CC1)CCN1CCCC1,6.420216403
N[C@H](Cc1cc(F)c(F)cc1F)C1CCN(CC1)C(=O)c1cnc2ncccn12,4.229147988
COc1cc(-c2cn(C3CCc4c(F)cccc4N(CC(F)(F)F)C3=O)nn2)ccc1-n1cnc(C)c1,4.88941029
CNC(C)c1ccc(OC)cc1Oc1ccc(Cl)c(Cl)c1,6.107905397
C(C1Cc2ccccc2CN1)N1CCC2(CCc3ccccc23)CC1,5.823908741
C1NCC1C(Oc1ccccc1)c1ccc2ccccc2c1,6.096910013
COc1c(cc(CN2CCC(CNCCCCCC(c3ccc(F)cc3)c3ccc(F)cc3)C2)cc1C(C)(C)C)C(C)(C)C,7
N#Cc1ccnc(c1)N1CCC(CC1)C(=O)N1CCC(C1)NC1CCC(CC1)(O)c1ccc(cn1)c1ncccn1,4.522878745
Cc1nc(-n2cnnn2)ccc1CC(=O)N1CCN(CCc2ccc3c(c2C)COC3=O)CC1,5.070581074
COc1cc(ccc1-n1cnc(C)c1)-c1cn(nn1)C1C2CCC(C2)NC1=O,5.27572413
CCCCN(CC)CC#CC#Cc1ccc(Cl)cc1,6.325138859
O=C(Nc1ccccc1)NS(=O)(=O)c1ccc(OCCCN2CCCCC2)cc1,4
CN([C@H]1CCN(C)C[C@H]1F)C(=O)N1CC(=C[C@@]1(CO)c1ccccc1)c1cc(F)ccc1F,4.688246139
CC(=O)NCC(NC(=O)C1(N)CCN(CC1)c1ncnc2[nH]ccc12)c1ccc(Cl)cc1,4.477555766
C[NH+](C)CCCN(c(c12)cccc1)c3c(CC2)cccc3,5.468521083
C[C@@H](Oc1cccc2ncnc(Nc3ccc(Oc4ccc(C)nc4)c(C)c3)c12)C(=O)N(C)C,5.096910013
CC(C)Oc1cccc(C=C2SC(O)=NC2=O)c1N1CCC[C@@H](N)C1,4.522878745
CC(=O)N1CCC2(C1)CCN(C2)c1ccc(cn1)C(=O)Nc1cc(ccc1N)c1cccs1,5
N#Cc1cncc(c1)c1nn2c(n1)CN(CC2)[C@@H]([C@@](c1ccc(cc1F)F)(Cn1cncn1)O)C,4.397940009
CC(C)=CCn1c(N2CCCNCC2)c(C#N)c2n(C)c(=O)n(Cc3nccc4ccccc34)c(=O)c12,5.721246399
OC(=O)C1(CC1)Oc1ccc(NC(=O)[C@H](C2CCCCC2)n2c(nc3cc(F)c(F)cc23)-c2ccc(Cl)cc2)c(F)c1,4.698970004
CC(C)(C)C(=O)CN1CCC(CNC(=O)c2cc(Cl)cc(Cl)c2)CC1,5.698970004
COC[C@H](C)Oc1cc(Oc2ccc(C(=O)N3CCC3)cc2)cc(C(=O)Nc2cnc(C)cn2)c1,4.744727495
O=C(c1ccc(-n2nnc3cccnc32)cc1)N(c1ncccc1Cl)[C@@H]1CCCNC1,5.070581074
CN(C)C(=O)N[C@H]1CC[C@H](CCN2[C@H]3CC[C@@H]2C[C@@H](C3)Oc2cccc(c2)C(N)=O)CC1,4.48148606
O=c1ccc(c[nH]1)-c1cc2sc(nc2cn1)N1CCC(CC1)N1CCCCC1,3.721246399
C[C@@H]1COCCN1c1cc(C2(S(C)(=O)=O)CC2)nc(-c2cncc3[nH]ccc23)n1,4.823908741
CC(C(=O)N1CCN(CC1)c1ccc(cc1)Nc1nccc(n1)c1cnc(n1C(C)C)C)O,4.619788758
COc1c(OC)ccc2c1CN(C)CCc1c(C(=O)C2)cc2c(c1)OCO2,4.304518324
CNc1cc(Nc2cnc(C#N)c(O[C@@H]3CCN(C)C3)n2)ncc1-c1cnn(C)c1,4.619788758
COc1ccc(cc1)CCN1C(=O)N(CC1c1ccc(cc1)OC)NS(=O)(=O)CF,4.548213564
CN([C@H]1CC[C@H](n2cc(C(N)=O)c(Nc3ccc(Cl)cc3)n2)[C@@H](C#N)C1)C1(C)COC1,4.337242168
CCC(CC)CNc1c(C(N)=O)cnc2ccc(-c3ccc(CS(C)(=O)=O)cc3)cc12,5.677780705
CC1(C)Oc2ccc(NC(=O)c3ccc(Cl)cn3)cc2C2(COC(N)=N2)C11COC1,5
C[n+]1c(COc2ccccc2)cccc1COc1ccccc1,6.115204636
CC(C)(C)c1cc(cc(c1O)C(C)(C)C)C(=O)N1CCN(CCCCCC(c2ccc(F)cc2)c2ccc(F)cc2)CC1,6.698970004
Cc1noc(n1)C1=CC2(c3c1cccc3)CCN(CC2)CC1CCCO1,5.795880017
COC(=O)C(Cc1c[nH]c2ccccc12)NS(=O)(=O)c1ccc(Br)cc1,5.331614083
COc1ccc2ncc(F)c(CCC34CCC(CC3)(CO4)NCc3ccc4OC(C)(C)C(=O)Nc4n3)c2n1,5.522878745
COc1cc(ccc1-n1cnc(C)c1)-c1cn(Cc2cccc(c2)-n2cccn2)nn1,5
O=C1COc2c(N1)nc(cc2)CNC12CCC(CC1)(OC2)CCc1c(F)cnc2c1nc(N(C)C)c(c2)C(F)(F)F,5.769551079
CN(C)CCN1C2CCC1CC(NC(c1ccc(F)cc1)c1ccc(F)cc1)C2,5.261219442
C[C@@H]1CCCN1CCc1ccc2nc(ccc2c1)-c1cnn(c1C)-c1ccccn1,4.698970004
N[C@@H]1CCCN(C1)c1c(C=C2SC(O)=NC2=O)cccc1-c1ccncc1,4.522878745
O=c1n(cnc2ccccc12)-c1ccc(OCCCN2CCCC2)cc1,6.15490196
CN(C)C(=O)CNCCc1cccc(OCCCCC(F)(F)F)c1.Cl,5.017728767
Fc1ccc(cc1)Cn1c2c(nc1N1CCC(CC1)CNC1=[NH+]C=CC(=O)N1)cccc2,6.455931956
COc1cccnc1C(c1c(CCN(C)C)sc2c1cccc2)C,5.522878745
COc1cc(ccc1Nc1ncc(Cl)c(n1)-c1cnc2ccccn12)N1CCN(CC1)C(=O)[C@H](C)O,5.091514981
COc1c(C#N)ccc2[nH]c(-c3cn4c(n3)[C@H](c3cccc(F)c3C)OCC4)cc12,5.276544328
COc1cc(N2CCN(C)CC2)c(NC(=O)C=C)cc1Nc1ncc(Cl)c(n1)-c1cnn2ccccc12,5.148741651
C[C@@H]1[C@H]2CN(CCC3(CCCCC3)C(O)=O)CC[C@@H]2Cc2[nH]c3ccc(cc3c12)C(F)(F)F,5.301029996
Cc1nc(C(=O)NCCCN2CCN(c3cccc(Cl)c3Cl)CC2)c(C)n1-c1ccccc1.Cl.Cl.Cl.Cl,5.090979146
O=C1CCc2cccc(OC[C@@H](O)CN3CCC4(CC3)Cc3cc(Cl)ccc3O4)c2N1,6.301029996
CC(C)(C)CCN1CC[C@H](CNC(=O)c2cc(Cl)cc(Cl)c2)[C@H](F)C1,5.387216143
CN(C)C(=O)N[C@@H]1CC[C@H](CN2[C@H]3CC[C@@H]2C[C@@H](C3)Oc2cccc(c2)C(N)=O)CC1,4.48148606
COC1COCCC1N[C@@H]1C[C@H]2CCC[C@]2(C1)C(=O)N1CCc2ccc(OC(F)(F)F)cc2C1,5.13076828
COc1ccc2nccc([C@@H](O)CC[C@@H]3CCN(C4CC(c5cc(F)cc(F)c5F)C4)C[C@@H]3C(=O)O)c2c1,4.510041521
Nc1ccc(cn1)-c1cnc2nc(sc2c1)N1CCC(CC1)N1CCCCC1,4.71219827
Fc1ccc(cc1)c1ccc(cc1)C(=O)N([C@H]1CCc2c(C1)ccc(c2)CN1CCN(CC1)C(=O)C)C,5
Nc1cc(F)c(S(=O)(=O)N2CCC(O)CC2)cc1C(=O)Nc1cc(F)c(F)c(F)c1,4.962573502
[S+2]([O-])([O-])(N1CC[N+](C)CC1)c1ccc(OCC)c(c1)C=1N=C2C(=[N+](N=C2CCC)C)C(=O)N=1,4
[O-][N+](=O)c1ccc(CCN2CCN(CCc3ccc4[n-][o+]nc4c3)CC2)cc1,9
CNC(=O)CN1Cc2c(C1=O)nc(c(c2c1ccc(cc1Cl)Cl)CN)C,4.096910013
CCc1n[nH]c(CC)c1Oc1cc(C)cc(c1)C#N,4
Cc1nnc2ccc(nn12)N1CC[C@@H]([C@@H]([NH3+])C1)c1cc(F)c(F)cc1F,4.692503962
COc1cc(ccc1-n1cnc(C)c1)-c1cn(Cc2ccc(cc2)-c2noc(C)n2)nn1,5.091514981
CN(CCO)C(=O)c1ccc(cc1)[C@@H](N1CCN(Cc2ccc(F)cc2)CC1)c1cccc(NC(=O)C2CC2)c1,4.823908741
CCCCCCCN1CCC(CC1)C(=O)c1ccc(cc1)Cl,6.906578315
COC[C@H](C)Oc1cc(Oc2ccc(C(=O)N3CCC3)cc2)cc(C(=O)Nc2ccn(C)n2)c1,4.443697499
CCOC1CN(CC1NC(=O)CNC(=O)c1cccc(c1)C(F)(F)F)C1CCC(CC1)(O)c1ccc(cc1)C,4.958607315
CC[C@H]1OC(=O)[C@H](C)[C@@H](O[C@H]2C[C@@](C)(OC)[C@@H](O)[C@H](C)O2)[C@H](C)[C@@H](O[C@@H]2O[C@H](C)C[C@@H]([C@H]2O)N(C)C)[C@@](C)(C[C@@H](C)C(=O)[C@H](C)[C@@H](O)[C@]1(C)O)OC,4.291069464
C(C(N1CCNCC1)c1ccccc1)c1cccc2CCOc12,4.669586227
ONC(=O)C=Cc1ccc2c(c1)CN(C2)S(=O)(=O)c1ccncc1,4.522878745
C[S+]([O-])c1ccc(cc1)-c1cnc2ccc(nn12)-c1cccc(c1)[S+](C)[O-],4.920818754
COc1ccc(cc1OC)C1CCN(CCC2CCOc3ccccc23)CC1,6.7000571
CN(C)CC[C@H](c1ccc(Br)cc1)c1ccccn1,6.045757491
N#Cc1cnc(cn1)Nc1ncc(c(c1)NC[C@@H]1CNCCO1)c1cnn(c1)C,4.657577319
COc1cc2ccc(C#N)cc2cc1[C@@H](c1cccc(F)c1)[C@@](O)(CCN(C)C)c1cc2ccccc2o1,6.045757491
COc1cc(CCO[C@@H]2CCCC[C@H]2N2CC[C@H](C2)O)ccc1OC,4.677780705
NS(=O)(=O)c1ccc(OCCN2CCCC2)cc1,4
O=C1COc2c(N1)cc1c(c2)C(CC1)N1CCC(CC1)NC(=O)c1cc(=O)c2c(o1)cc(cc2)F,4.835647144
CC(=C)COc1ccccc1CN1CCC2(CC1)CCN(CC2)C(=O)c1ccncc1,5.769551079
CC(C)(C)NC(=O)c1c[nH]c2ncc(nc12)-c1nn(CCCS(C)(=O)=O)c2ccc(OC(F)F)cc12,6.397940009
Cc1ncoc1-c1nnc(SCCCN2CC[C@]3(C[C@H]3c3ccccc3C(F)(F)F)C2)n1C,5.710009934
CNC(C)c1ccc(Cl)cc1Oc1ccc(C)c(C)c1,5.607303047
O=C(O)CC1CCC2(CCN(c3ccc(-c4nc5cc(C(F)(F)F)ccc5[nH]4)cn3)CC2)OC1,5.107905397
CC[C@@H](OC(C)=O)C(C[C@H](C)N(C)C)(c1ccccc1)c1ccccc1,5.519993057
Cl.O=C1Nc2c(C1)c(ccc2)CCN(CCC)CCC,5.920818754
CCCn1c(C)c(cc1-c1ccccc1)C(=O)NCCCN1CCN(CC1)c1cccc(Cl)c1Cl,6.301029996
CCN(C)C(=O)c1ccc(cc1)[C@@H](N1CCN(Cc2cscn2)CC1)c1cccc(NC(=O)OC)c1,4.769551079
CN([C@@H]1[C@@H](O)C(C)(C)Oc2ccc(OCCCC(F)(F)F)cc12)S(C)(=O)=O,4.899629455
OC[C@H]1CC[C@@H](CC1)Nc1ccn2ncc(-c3cccc(Cl)c3)c2n1,4.522878745
N=C(Nc1ccccc1)Nc1ccccc1,4.886056648
CC(C)(C)c1cc(NC(=O)n2ccc3cc(Oc4ncnc5c4CNC5)cnc32)no1,5.244125144
C[C@@H]1CCCN1CCCOc1ccc(N2CCN(C(=O)c3cc(F)cc(F)c3)CC2=O)cc1.O=CO,6.299988938
CC(C)COc1ccccc1CN1CCC2(CC1)CCN(CC2)C(=O)c1ccncn1,5.30980392
Fc1ccc(c(c1)OCNC12CCC(CC1)(OC2)CC1(O)Cn2c3c1c(F)cnc3ccc2=O)F,7.193820026
Cc1ccc(cc1)C#COCc1cccc([n+]1C)COCC#Cc1ccc(cc1)C,6.669586227
CN(CCCn1ccc2c1cccc2C1=C(C(=O)NC1=O)c1c[nH]c2c1cccc2)C,6.119186408
CS(=O)(=O)Nc1ccc(cc1)CCN(Cc1ccccc1)CCOc1ccc(cc1)NS(=O)(=O)C,7.638272164
CCOc1ccc2cc(-c3nn(CC4CCN(C)CC4)c4ncnc(N)c34)ccc2c1,6.397940009
Fc1ccc(Cc2c[nH]c(=O)c3cc(Cl)c(Cl)n23)cc1C(=O)N1CCC(CC1)N1CCCC1,5.096910013
CCCN1CNc2cc(Nc3ccnc4cc(Cl)ccc34)ccc2C1,9
CC(C)c1ccc(cc1)S(=O)(=O)Nc1ccc(cc1)[C@@]12C[C@@H]1CNC2,6
CNC(=O)c1cnc(Nc2ccc(C#N)cn2)cc1Nc1cccc(-c2ncn(C)n2)c1OC,5.173925197
Cc1nc(no1)-c1cccc(c1)C(=O)N[C@H]1CC[C@H](CCN2CCc3ccc(cc3CC2)S(C)(=O)=O)CC1,5.602059991
CN(CC(=O)NC1CC1)C(=O)c1ccc2n(C)c3CC[C@@H](Cc3c2c1)C1CCOCC1,4.48148606
CCN(CCN1CCCc2c1ccc(c2)NC(=N)c1cccs1)CC,5.346787486
CCCCC1(CCCC)NC(Cc2c1[nH]c1c2cccc1)c1[nH]cc(n1)c1ccccc1,6.823908741
O=C(C1CCSCC1)N[C@H](c1ccc(cc1)F)CCN1[C@@H]2CC[C@@H]1C[C@@H](C2)n1c(C)nc2c1cccc2,6.13076828
C[C@@H]1CCCN1CCc1ccc(-c2ccc(S(=O)(=O)N3CCS(=O)(=O)CC3)cc2)cc1,5.022276395
Cc1ccc2c(n1)cccc2N1CCN(CC1)CCc1cccc2c1OCc1n2ccc1C(=O)N,5
CCN(CC)CCSc1nc(-c2cc(OC)c(cc2Cl)C#N)c2c(c[nH]c2n1)C#N,5.970616222
COc1ccc2nccc(CC[C@H]3CC[C@H](NCc4ccc5c(c4)OCCO5)CC3)c2c1,6.585026652
O[C@]1(CC[C@@H](CC1)N1CC(C1)NC(=O)CNC(=O)c1cccc(c1)C(F)(F)F)c1ccc(OC2CCC2)nc1,5.008773924
C=C[C@H]([C@H]12)C[N@H+](CC2)[C@H](C1)[C@@H](O)c3ccnc(c34)ccc(c4)OC,6.400007822
CN([C@@H]1CCN(Cc2nc3cc(F)ccc3s2)C[C@@H]1F)C(=O)Cc1ccc(cc1)-n1cnnn1,5.327902142
COC(=O)[C@H]1C[C@@H]1COc1ccc2ncc(F)c(CCC34CCC(CC3)(CO4)NCc3ccc4OCC(=O)Nc4n3)c2n1,6.301029996
C[C@]1(CS(=O)(=O)N2CCC(Oc3ccc(OC(F)(F)C(F)F)cc3)CC2)NC(=O)NC1=O,4.397940009
CC(C)[C@@H](Nc1nc2cc[nH]c(=O)c2c2cnccc12)C(F)(F)F,5.853871964
CNCc1ccc(cc1Oc1ccc(Cl)c(Cl)c1)C#N,5.886056648
CNCCC=C1c2ccccc2CCc2c1cccc2,5.657577319
COc1ccccc1N1CCN(CC1)CCCCCC(=O)n1c2ccccc2c2c1cccc2,5.548213564
CC(C)(O)c1ccc(cc1)-c1cc(C(N)=O)c(Nc2cccc(CN3CCOCC3)n2)s1,5.853871964
O=C(NC1CN(C1)C1CC[C@](CC1)(O)c1cncs1)CNc1nn(c2c1cc(cc2)C(F)(F)F)C,4.356547324
O=C(c1ccccc1Oc1ccccc1)N(C1CNCC1)C,5.03574037
O=C(N1CCN(CC1)C1CCC1)c1ccc(CN2CCOCC2)cc1,5
Cc1ccc2c(n1)cccc2c1nnc(n1C)SCCCN1C[C@@H]2[C@](C1)(C2)c1ccccc1,5.698970004
Cc1ccccc1C1CCN(C[C@@H]2CCc3cccnc3[C@@H](O)C2)CC1,5.568636236
CCOC1=CC=CC=C1OCCN[C@H](C)CC1=CC(=C(OC)C=C1)S(N)(=O)=O,3.979999813
Clc1cc(Cl)c2cc(c3ccc(cc3c2c1)C(F)(F)F)[C@H](O)CC[N+](CCCC)CCCC,7.511449283
Cn1cc2c(OCC3CCN(CCc4ccc(N)cc4)CC3)nc3ccccc3c2c1,7
CC(N(C)C)c1ccccc1Oc1ccc(Cl)c(Cl)c1,6.045757491
COC1COCCC1N(C)[C@@H]1C[C@H]2OCC[C@]2(C1)C(=O)N1CCc2ncc(cc2C1)C(F)(F)F,4.301029996
O=C1OCc2cc(CCC3CCN(C(=O)Cc4ccc(-n5cnnn5)cc4)CC3)ccc21,5.193820026
Cn1ccc(n1)[C@]1(O)CC[C@@H](CC1)N1CC(C1)NC(=O)CNC(=O)c1cccc(c1)C(F)(F)F,4.301029996
COc1ccnc2c1c(c[nH]2)C(=O)C(=O)N1CCN(CC1C)C(=O)c1ccccc1,4.096910013
CNC(=O)c1cc2cc(ccc2[nH]1)C1(Cc2ccccc2)CCNC1,5
Cn1c(SCCCN2CC3CCN(c4c(F)cccc4C(F)(F)F)C3C2)nnc1-c1cnccn1,5.801342913
Cc1ncoc1-c1nnc(SCCCN2CC3CCN(c4cccc(F)c4)C3C2)n1C,6.602059991
Fc1c(Cl)cccc1N1CCN(CCN2CCC(CC2)C(F)(F)F)C1=O,4.900001867
O=C(NC1CCN(C1)C1CCC(CC1)(O)c1cnccn1)CNC(=O)c1cccc(c1)C(F)(F)F,4.522878745
OCC1CCCN(C1)C(=O)NC1CCN(Cc2ccn(c2)-c2ccc(cc2)C(F)(F)F)CC1,5.310691141
O=C(NC1CCC(CC1)(O)c1ccc(cc1)O)CCc1ccccc1,4.522878745
Cc1cc2nc(\C=C\C3CCNC3)n(Cc3ccc(Cl)cc3)c2cc1C,5.795880017
CC(=O)Nc1cccc(c1)C1CCN(CCCn2c(nc3ccccc23)-c2ccc(Cl)cc2)CC1,9
Cc1ccc(cc1)C#Cc1cccc(C#Cc2ccc(C)cc2)[n+]1C,6.54515514
Cc1nc2ccccc2n1C1CC2CCC(C1)N2CCC1(CCN(CC1)C(=O)C(C)(C)C(O)=O)c1cccc(F)c1,4.250263684
Clc1cnc(nc1)N1CCC(CC1)C1CC1CCOc1ccc(cn1)n1nncc1,4.356547324
CCN(CC)Cc1cc(/C=N/N=C(\N)CC(O)c2cc3c(F)cc(F)cc3c3cc(C(F)(F)F)ccc23)ccc1O,6.408935393
Cc1ccc(-c2cc3ncccc3c(NC[C@H]3CCCNC3)n2)cc1,4.800000875
CN(CC(=O)N1CCC(CC1)n1ncc(c1)c1cnc(c(c1)c1nc2c(o1)cccc2)N)C,4
Clc1ccc(cc1)C(=O)C1CCN(CC1)CCc1ccc(c(c1)Cl)Cl,6.866461092
CN([C@H]1CCOC1)S(=O)(=O)Nc1ccc2ccc3ncc(cc3c(=O)c2c1)-c1cnn(C)c1,4.522878745
CN1CCC(C(=O)Nc2nc(-c3ccc(F)cc3)c(-c3ccnc(Nc4ccc(N5CCNCC5)cc4)n3)s2)CC1,4.300162274
COc1cc(ncn1)N1C(=O)N(C(=O)C11CCN(Cc2ncccc2C)CC1)c1ccc(cc1)-c1ccc(C(O)=O)c(Cl)c1,5.244125144
Cc1cn(cn1)-c1ccc(Nc2cccc3n(C)c(nc23)-c2ccc(F)cc2)cc1F,5
COC1CN(C1)c1nnc(C)c2c(C)n(nc12)-c1ccc(Cl)cc1OC(F)(F)F,5.397940009
COc1ccc(CC(C)(C)NC[C@H](O)COc2cccc3[nH]c(=O)[nH]c23)cc1,5.229147988
CN1CCN(CC1)c1cc2c(cc1OC(C)C)ncc(c2Nc1ccc(c(c1)Cl)Cl)C(=O)N,5.167491087
COc1ncc(cn1)-c1cccc2OC[C@H](Cc12)NC(=O)c1ccc(OCC(F)(F)F)nc1,5.102372909
O[C@H]1CC[C@@H](CC1)Nc1ccn2ncc(-c3cccc(c3)C(F)(F)F)c2n1,4.522878745
NC(=O)Nc1cc(sc1C(=O)N[C@H]1CCCNC1)-c1cccc(F)c1,4.823908741
COc1ccc(cc1)Cc1noc(n1)C1=CC2(c3c1cccc3)CCN(CC2)CC1CCCO1,5.853871964
Fc1ccc(cc1)C(=O)C1CC[NH+](CC1)CCN1C(=O)c2c(NC1=O)cccc2,6.970616222
CC(C)N(C)[C@@H]1CC[C@@H]([C@H](CS(=O)(=O)C(C)C)C1)N1CC[C@H](NC(=O)c2cccc(c2)C(C)(C)C)C1=O,4.113509275
Cn1cnc(-c2cnc(O[C@H]3CCN(C(=O)Cc4ccc(OC(F)(F)F)cc4)C[C@H]3F)c(C(N)=O)c2)c1,4.853871964
CC1CN(CCN1C(=O)c1ccc2c(c1)[nH]cc2)C(=O)c1ccc(cc1)c1ccccc1F,5
Cc1nc2cc(F)ccc2c(=O)n1-c1ccc(OC2CCN(CC2)C2CCC2)cc1,5
C[C@H]1N(CCn2c1nnc2-c1nc(C)ns1)C(=O)c1cc(F)c(F)c(F)c1,4.15490196
CCC(NCCCC[C@@H](Nc1cc(C)c(F)c(C)c1)C(=O)NO)c1ccc(F)cc1,6.045757491
NC(=O)[C@@H]1CC[C@H](c2ccc(OCc3cccc(F)c3)cc2)N1,5.499996932
FC(F)(F)c1ccc2onc(NCC(=O)NC3CN(C3)[C@H]3CC[C@H](CC3)c3ccc4OCOc4c3)c2c1,5.721246399
O=C(N[C@@H]1CN(C1)[C@@H]1CC[C@H](CC1)c1ccc2c(c1)OCO2)CNc1noc2c1cc(cc2)C(F)(F)F,5.721246399
CC1OC2(CCN(CCc3cccc(C#N)c3)CC2)CN(c2ccccc2)C1=O,6.22184875
CC(=O)Nc1cccc(c1)C1CCN(CCCn2nc(-c3ccc(F)c(F)c3)c3ccccc3c2=O)CC1,4.795880017
COC(=O)C1CC2(C)CN3C4C5(C1)C2C3CC12C5C(O)C(C(C41O)C(=O)OC)C(=C)C2,4
Clc1cccc(C(=O)N([C@H]2CCNC2)c2ccccc2)c1Cl,5.102372909
CC(=O)N1CC2CC1CN2Cc1ccc(Oc2nc3ncccc3s2)cc1,5
Cc1c([C@@H](O)CN2CCC3(CC2)CN(c2ccc(=O)n(C)n2)C(=O)CO3)ccc2c1COC2=O,4.337242168
O=S(=O)(Nc1ccc2CCN(Cc3ccn[nH]3)CCc2c1)c1ccc(nc1)N1CCOCC1,4.801342913
COc1ccc(cc1)[C@@H](C)N[C@@H]1CC[C@@H](C(=O)C2CCC(CC2)(NC(C)=O)c2ccccc2)C(C)(C)C1,5
O(C)c1ncccc1C(=O)N1CC[C@H]([NH2+]Cc2n(cnc2)Cc2ccc(cc2)C#N)C1=O,4.677780705
O1[C@@H]2[C@]34CC[N@+]([C@H](Cc5c3c1c(O)cc5)[C@]4(O)CCC2=O)(CC1CC1)C,2.794254297
COc1ccc2ncc(=O)n(CC(N)C3(F)CCC(CC3)NCc3ccc4OCC(=O)Nc4n3)c2c1,4.48148606
CN1[C@H](C2=C(CCC2=O)N(C1=O)c1cccc(c1)C(F)(F)F)c1ccc(cc1S(=O)(=O)CCO)C#N,4.522878745
NC(=O)c1cnc(SC2CCCNC2)c2cc(-c3ccccc3)sc12,5.30980392
Cc1nc([C@@]2(c3cnn(C)c3)N[C@@H](c3nc(-c4ccccc4)c[nH]3)Cc3c2[nH]c2ccccc32)no1,5.756218084
COc1ccc2c(n1)c(ccc2)Oc1ccc2c(n1)c(=O)n(c(n2)C)CC1CCCN(C1)C(C)C,4.866461092
COc1ccc(nc1)[C@@H](C)NC(=O)Cc1ccc(cc1)C(C)(C)C,5
O=C(CCCS(=O)(=O)c1ccccc1)Nc1nc(=O)[nH]cc1F,4.392791683
CC(C)N(C)[C@@H]1CC[C@@H]([C@H](CS(=O)(=O)C(C)C)C1)N1CC[C@H](NC(=O)c2cccc(c2)C(F)(F)F)C1=O,4.096910013
Cn1c(SCCCN2CC[C@]3(C[C@@H]3c3ccc(C(F)(F)F)cc3)C2)nnc1C1=CC=NC(=O)C1,5.459996055
CCN1CCN(CC1)c1cc2[nH]c(nc2cc1Cl)S[C@]1(C)CCC(CC1)c1onc(n1)C,6.420216403
CN1CCN(CCCN([C@@H]2CC[C@@]3(C[C@H]23)c2ccc(cc2)C#N)C(=O)Nc2ccc(F)c(c2)C(F)(F)F)CC1,7.283996656
OC1(COc2ccc3ncc(F)c(CCC45CCC(CC4)(CO5)NCc4ccc5OCC(=O)Nc5n4)c3n2)COC1,4.913640169
CCCCc1ccc(cc1)S(=O)(=O)Nc1ccc(cc1)[C@@]12C[C@@H]1CNC2,5.699991797
COc1cnc2ccc(=O)n(C[C@@H](N)[C@H]3CC[C@@H](CC3)NCc3ccc4OCC(=O)Nc4n3)c2c1,4
N[C@H]1CCCC[C@H]1Nc1cnc(C(N)=O)c(Nc2cccc(n2)C(F)(F)F)c1,6.22184875
c1ccc2cc(NC3=NC[C@@]4(CN5CCC4CC5)O3)ncc2c1,5.492144128
FC(F)(F)c1ccccc1-c1cc(c2[nH]c(nc2c1)C1=NOC2(C1)CCCCC2)C(F)(F)F,4.795880017
COc1ccccc1C(=O)Nc1cccc(NC(=O)c2cccc(C)c2)c1,4.522878745
COc1cc(N)c(cc1C(=O)NCC1CCN(CC1)CCCn1ccnn1)Cl,4.301029996
CNCc1ccc(F)cc1Oc1ccc(Cl)c(Cl)c1,5.522878745
CCN(C(=O)c1ccc(cc1)C(=C1CCN(CC1)Cc1ccc(cc1)F)c1cccc(c1)F)CC,6
Cn1c(N2CCC3(CCC[C@H]3N)CC2)nc2[nH]nc(-c3cccc(Cl)c3Cl)c2c1=O,6.602059991
Cc1cnn(-c2cccc([C@H](CC(=O)O)CN3CC[C@@H](CCc4ccc5c(n4)NCCC5)C3)c2)c1,5
Nc1nc(Nc2cnn(C3CC3)c2)nc(-c2cccc(-n3ccc4cc(C5CC5)cc(F)c4c3=O)c2CO)n1,5.022276395
COc1ccccc1Oc1ccccc1CN1CCC2(CC1)CCN(CC2)C(=O)c1ccncn1,7.15490196
C[C@H]1C[C@H]2CSC(N)=N[C@@]2(c2cc(NC(=O)c3ccc(OC(F)F)cn3)ccc2F)CO1,6.397940009
Cn1nc(N2CCC3(CCN(C[C@H](O)c4ccc(-n5cnnn5)nn4)CC3)C2=O)ccc1=O,5.508638306
O=CN(C(CS(=O)(=O)N1CCN(CC1)c1ccc(cc1)F)(CC(c1ncc(cn1)F)C)C)O,4.677780705
Fc1ccc2c(c1)N1N=C(C(C1CO2)(CCCN1CCN(CC1)C(=O)C)c1ccccc1)C(=O)C,5
OC(=O)c1cc(CN2CCN(CC2)c2ccc(Br)cc2)c2ccccn2c1=O,5.677780705
Fc1ccc(cc1)C(CCC[N+]1CCC([N+]2=C3C=CC=CC3=NC2=O)CC1)c1ccc(F)cc1,7.744727495
COc1cc(ccc1Nc1ncc(Cl)c(n1)-c1cnc2ccccn12)N1CCN(CC1)C(C)=O,4.501689446
NCC[C@H]1C[C@@H](c2ccc(Cl)c(Cl)c2)c2ccccc2C1,5.821023053
OC[C@@]12[C@H](O)C[C@@H](C[C@@]2(O)CCC2C1[C@H](O)C[C@]1([C@]2(O)CC[C@@H]1C1=CC(=O)OC1)C)O[C@@H]1O[C@@H](C)[C@@H]([C@H]([C@H]1O)O)O,5
OCCCCCOc1ccc2ncc(F)c(CCC34CCC(CC3)(CO4)NCc3ccc4OCC(=O)Nc4n3)c2n1,6.15490196
CS(=O)(=O)CC(=O)N1CCC(CC1)c1ccc(NC(=O)c2ncc([nH]2)C#N)c(c1)C1=CCCCC1,5
C[C@@H]1[C@H]2CN(CCC3(CCOCC3)C(O)=O)CC[C@@H]2Cc2[nH]c3ccc(cc3c12)C(F)(F)F,5.301029996
CCN(C(=O)CN1Cc2c(C1=O)nc(c(c2c1ccc(cc1Cl)Cl)CN)C)CC,4.096910013
CNC(=O)c1ccc(cc1)C1=CC2(CCNCC2)Oc2ccccc12,4
COc1cc(ccc1N1CC[C@@H](O)C1)N1Cc2cn(nc2C1=O)-c1ccc(Cl)cc1,4.096910013
CCNC(=O)N1CCC2(C1)CCN(CC2)c1ccc(cn1)C(=O)Nc1cc(ccc1N)c1cccs1,5.301029996
CC1CN(CCN1C(=O)C(=O)c1c[nH]c2c1ccnc2)C(=O)c1ccccc1,4.096910013
C[C@H]1OC(=O)[C@@]2(CC(F)(F)[C@@H](C)[C@H](\C=C\c3ccc(cn3)-c3ccccc3C#N)[C@H]12)N1CC(C1)C(N)=O,4.787812396
C[C@@H]1CCCN1CCc1ccc2nc(ccc2c1)-c1c(C)onc1-c1ccccc1,5.193820026
Cc1ncc(-c2cc(NC(=O)c3ccc(OCc4ccccn4)cc3)c(C)cc2C)[nH]1,4.920818754
COc1ccc(cc1)N1[C@@H]([C@H](Cc2cccc(OCCc3nc(oc3C)-c3ccccc3)c2)C1=O)C(O)=O,4.096910013
C[C@H]1C[C@H]2CSC(N)=N[C@@]2(c2nc(NC(=O)c3ccc(OC(F)(F)F)cn3)cs2)CO1,4.995678626
COc1ccc(cc1)[C@H]1CN(CCc2ccc(OC)c(OC)c2)C[C@@H]1CCc1cc2ccc(Cl)cc2[nH]1,9
CN1CCN(CC1)c1ccc2nc(N)n(CC(O)c3ccc(cc3Cl)C(F)(F)F)c2n1,4.913640169
COc1ccc(cn1)-c1cc(cnc1N)-c1ccc(cc1)S(=O)(=O)N1CCOCC1,4.958607315
CN1CCN(Cc2ccc(-c3cnc4[nH]cc(-c5ccc6[nH]ccc6c5)c4c3)cc2)CC1,4.677780705
COc1cc(-c2cn(C3CCc4cc(F)ccc4N(CC(F)(F)F)C3=O)nn2)ccc1-n1cnc(C)c1,5.571865206
COC(=O)N1CC(CC1C(=O)N1CCCN(CC1)C1CCC1)Oc1cccc(F)c1,5
C[C@@H]1CN(CCN1c1ncc(OCc2ccc(cc2C#N)C#N)cn1)c1nnc(o1)C(F)(F)F,5.443697499
Fc1cc(F)c2c(c1)C(N=C2N)(c1ccnc(c1)C(F)F)c1cccc(c1)c1cncnc1,4.721246399
Cc1ccc(C(O)=O)c(c1)C(=O)N1CCC(CN2CCC(CC2)Oc2ccc(CO)c(Cl)c2)CC1,1
CC(C1(CCC(C1)N1CCC2C1CCOC2)C(=O)N1CCN(CC1)c1nccc(c1)C(F)(F)F)C,5.958607315
CCOc1cc2ncc(C(N)=O)c(Nc3ccc(F)cc3F)c2cc1N1CCN(C)CC1,4.638272164
Nc1nccn2c([C@H]3CN(C4CCOCC4)CCO3)nc(-c3ccc(C(=O)Nc4cc(C(F)(F)F)ccn4)cc3F)c12,5.337242168
CC(C)(C#N)c1cnc(s1)N1CCN(CC1)C(=O)[C@@H]1CCCC[C@H]1C(=O)NC1(CC1)C#N,4
CCC[C@@H](CCO)Nc1nc(N)nc2c1CN(C(=O)c1cccs1)CC2,5.119186408
OC(=O)CCC(=O)N1CCc2cc(ccc12)-c1noc(n1)-c1cc(cc(c1)C(F)(F)F)C(F)(F)F,4
O=c1cnc2ccc(F)c3c2n1C[C@H]3CN1CCC(NCc2cc3c(nn2)OCCO3)CC1,4.37675071
CC(C)N1CCN(CC1)C(=O)c1ccc(NC(=O)Nc2ccc(cc2)-c2nc(nc(n2)N2C3CCC2COC3)C2CCOCC2)cc1,4.522878745
O=C(Nc1ccc(OC(F)(F)F)cc1)c1cccc(CN2CCOCC2)c1,5.431798276
N[C@H]1CCCN(c2ccncc2Nc2ncc3ccc(-c4c(F)cccc4F)nn23)C1,5.443697499
CSc1ccc([C@H]2N=C(OCc3ccc(NS(C)(=O)=O)cc3)N(C)Cc3ccccc32)cc1.Cl,4.677780705
CC/N=C(\N1CCCc2c1ccc(c2)C1=NN(C(=O)SC1)C)/c1ccc(c(c1)OC)OC,6.397940009
C[C@@H]1CCCN1CCc1ccc2nc(ccc2c1)-c1cccs1,5.602059991
O=C(NC1CCCC1)c1ccc(cc1)-c1ccc2C(=O)N(CCN3CCCC3)CCc2c1,5.086186148
C[C@H]1SC(N)=N[C@]2(CO[C@H](C[C@@H]12)c1cc(C)no1)c1ccc(F)cc1F,5.677780705
C[C@@H]1CCCN1CCc1ccc2nc(ccc2c1)-c1c(O)ccnc1C(F)(F)F,4.397940009
N[C@H]1C[C@@H](N2Cc3cnc(C(F)(F)F)nc3C2)CC[C@@H]1c1cc(F)c(F)cc1F,5.318758763
Clc1c(Cl)cccc1N1CCN(CC1)CCCCOc1ncc2c(c1)cccc2,6.795880017
O=C(N1CCC(CC1)CNc1ncccn1)CCc1ccccc1,5
O1[C@@H]2CCN(C[C@@H]1C[NH+](C2)C[C@@H](O)COc1ccc(cc1)C#N)C(OC(C)(C)C)=O,7.050122296
Fc1ccc(cc1)CC(=O)N1CCN(CC1)C(=O)c1cccc(c1)S(=O)(=O)N(c1ccccc1)C,5.024108864
COc1c(cc(cc1C(C)(C)C)C(=O)NC[C@@H]1CCN(C1)C(=O)CCCCC(c1ccc(F)cc1)c1ccc(F)cc1)C(C)(C)C,5.698970004
CN(C)c1cccc(c1)[C@@]1(O)CC[C@@H](CC1)N1CC(C1)NC(=O)CNC(=O)c1cccc(c1)C(F)(F)F,4.602059991
CCN(CC)C(=O)c1ccc(cc1)C(=C1CCN(Cc2ccc(F)cc2)CC1)c1cccc(NC(=O)OC)c1,5.958607315
COC(=O)c1ccc(cc1)[C@H]1CC[C@@H](CC1)N1CC(C1)NC(=O)CNC(=O)c1cccc(c1)C(F)(F)F,5.886056648
N#Cc1ccc(Cn2cncc2CNC2CCN(C(=O)c3cncc(Br)c3)C2=O)cc1,5.219999702
C[C@@H]([C@@H](O)c1ccc(O)cc1)N1CCC(O)(CC1)c1ccccc1,5
CC(N1CCCC(C1)Cn1c(C)nc2c(c1=O)cc(nc2)Oc1ccc(c2c1nccc2)F)C,5.026872146
CN(Cc1ccccc1)C(=O)c1ccc(cc1)C1=CC2(CCNCC2)Oc2ccccc12,5.804100348
Cn1nc(NCC(=O)NC2CN(C2)[C@@H]2CC[C@@H](CC2)C#N)c2cc(ccc12)C(F)(F)F,4.619788758
CCc1cc2OCC(=O)Nc2nc1CNC12CCC(CC1)(OC2)CC1(O)Cn2c3c1c(F)cnc3ccc2=O,4.22184875
CN1CCN(CC1)C2=Nc3cc(F)ccc3Cc4ccccc24,5.190002845
NC(=O)[C@@H]1CC[C@H](c2ccc(OCc3ccccc3)cc2)N1,5.099999035
COc1ncc2ncc(=O)n(CCN3CCC(CC3)NCc3cc4OCCOc4cn3)c2n1,4.091514981
C[C@@H]1CCCN1CCc1ccc2nc(ccc2c1)-c1cc(C(N)=O)c(C)nc1C,4.397940009
CC(C)c1nnc(C)n1C1CCN(CC1)[C@H](C)C[C@H](NC(=O)C1CC(F)(F)C1)c1ccccc1,5
N#Cc1cc(cnc1c1ccc(cc1)C(=O)Nc1ccccc1N)CN1CCC1,4.602059991
FC(F)(F)c1ccc(cc1)-n1ccc(CN2CCC(CC(=O)NC(c3cnc[nH]3)c3ccccc3)CC2)c1,4.943095149
C[C@H]1CCCCO[C@@H](CN(S(=O)(=O)c2ccc(cc2)F)C)[C@@H](CN(C(=O)c2c(O1)ccc(c2)NC(=O)Nc1c(C)noc1C)[C@H](N1CCOCC1)C)C,4
CC(C)N1CCN(Cc2cnc(-c3ccc(C(=O)Nc4ccccc4N)cc3)c(C#N)c2)CC1,4.721246399
CCN(CC)CCNc1ccc(cc1)-n1ccc(OCc2ccccc2)cc1=O,9
CN1CCC(COCc2cc(cc(n2)C2CC2)C(F)(F)F)(CC1)c1cccc(Cl)c1,5.036212173
C[C@H]1N(CCn2c1nnc2-c1coc(C)n1)C(=O)c1ccc(cc1)-c1cccs1,4.522878745
Fc1cccc(c1)S(=O)(=O)c1ccc2c3CCNC4(CCOCC4)c3oc2c1,4.522878745
Fc1ccc(c(c1)C)[C@@H]1CCN(CC1)C[C@H]1NCc2c(C1)c(Cl)ccc2O,6.013228266
CO[C@H]1C[C@@H](n2c(=O)n(C)c3cnc4cc(F)c(-c5ccc(OCCCN(C)C)nc5F)cc4c32)C1,4.657577319
S(=O)(=O)(CC)C[NH2+][C@@H]1c2cc(ccc2OC(C)(C)[C@H]1O)C[NH3+],5.180456064
COc1ccc2nccc(CC[C@H]3OC[C@H](NCc4ccc(Cl)c(Cl)c4)CO3)c2c1,5.318758763
Cc1ncoc1c1nnc(n1C)SCCCN1CC2C(C1)N(CC2)c1ccc(cc1)OC(F)(F)F,7
Fc1ccccc1C(=O)Nc1ccc(cc1)-c1nnc(NCCCN2CCC(F)(F)CC2)o1,4.200659451
S1c2c(N(c3c1cccc3)C[C@H](C[NH+](C)C)C)cc(cc2)C#N,6.060480747
CN([C@H]1CCN(C1)C(=O)N1CC[C@H](C1)NCCC(C)(C)c1ccc(Cl)cc1)C(=O)c1ccc(cc1)-c1ccc(cc1)C(F)(F)F,5.585026652
NC(=O)c1cc(F)cc(O[C@@H]2C[C@@H]3CC[C@H](C2)N3Cc2ccccc2)c1,6.167491087
Cc1ncoc1-c1nnc(SCCCN2CC3CC3(C2)c2cccc(c2)C(F)(F)F)n1C,5.37675071
COc1ccc2[nH]c3c(c2c1)CC1c2cc4c(cc2CCN1C3)OCO4,4.782516056
C[C@@H]1CNCCN1c1ccc2CC[C@H](OCc3cc(F)ccc3C)c2n1,5.408935393
Fc1ccc(cc1)N1N=C[C@H]2[C@@H]1C=C1CCN(C[C@@]1(C2)C(=O)c1ccccn1)S(=O)(=O)c1cccc(c1)C(F)(F)F,4.698970004
CC(=O)NCC(c1ccc(cc1)Cl)NC(=O)C1(N)CCCN(C1)c1ncnc2c1cc[nH]2,4.477555766
COc1cc(F)c2c(c1)c(ccn2)NC(=O)C1(O)CCC(CC1)NCc1ncc2c(c1)OCCO2,3.946921557
CC(=O)N1CCC(CC1)c1ccc(cc1C(F)(F)F)C(=O)NC(N)=N,4.522878745
Cc1cc(CC(C)(C)O)cc(Nc2cc(N[C@@H]3CCCC[C@@H]3N)cnc2C(N)=O)n1,5.229147988
CCOc1ccccc1C[C@H](c1ccccc1)N1CCNCC1.Cl,4.795880017
Fc1cnc2ccc(OCCCC#N)nc2c1CCC12CCC(CC1)(CO2)NCc1ccc2OCC(=O)Nc2n1,5.050609993
O=C1COc2c(N1)nc(cc2)CNC1CCC(CC1)[C@H](Cn1c(=O)ccc2c1cc(F)cn2)N,3.477555766
OC[C@@H]1OC(=O)N2[C@@H]1COc1c2ccc(c1)c1ccc(nc1)[C@@H]1OC(=O)N(C1)C,4.397940009
Clc1cccc(c1)N(C(=O)c1scnc1C)Cc1cc(=O)[nH]c2c1cccc2F,4.920818754
COc1cc2ccc(Br)cc2cc1[C@@H](c1cnc(OC)c(OC)c1)[C@@](O)(CCN(C)C)c1cccc2ccoc12,6
O[C@@]1(CC23CCC(CC2)(CO3)NC\C=C\c2ccccn2)Cn2c3c1c(F)cnc3ccc2=O,7.193820026
C[C@]12Cc3cn4c(nc3C=C1CC[C@@H]5[C@@H]2CC[C@@]6(C)[C@H]5CC[C@@]6(O)C#C)nc7ccccc47,5.560004526
COc1cnc(C(=O)Nc2cc(F)c(F)c([C@]3(C)C[C@@H](c4c(C)noc4C)SC(N)=N3)c2)cn1,6.193820026
FC1CCN(Cc2ccc(cc2)C(=O)N2CCN(CC2)C2CC2)CC1,5
CC1CCCN1CCc1ccc(cc1)-c1ccc(cc1)S(=O)(=O)N1C(C)COCC1C,5.920818754
CCCCN1CCCCC1C(=O)Nc1c(C)cccc1C.Cl,3.062482108
FC(CN1CCN(C(C1)C)c1cc2[nH]c(nc2cc1Cl)SC(C)(C)C)F,5
CCCCC1(CCCC)N[C@H](Cc2c1[nH]c1ccccc21)c1nc(c[nH]1)-c1ccccc1,7
Cc1cc(C(N)=O)c(-c2cccc(OC(=O)NCCCN3CCN(c4ccccc4)CC3)c2)o1,5.958607315
Cc1cc(O[C@@H]2C[C@@H]3CC[C@H](C2)N3Cc2ccccc2)cc(c1)C(N)=O,6.180456064
C[C@H]1Cc2c([nH]c3cc(F)c(F)cc23)[C@@]2(N1)C(=O)Nc1ccc(Cl)cc21,4.522878745
CCCCc1cc(OC2CCN(CCCS(=O)(=O)C(C)(C)C)CC2)c2ncccc2c1,6.33003263
N#CCS(=O)(=O)NN1CC(N(C1=O)CCc1ccc(cc1)OC)c1ccc(cc1)OC,4.48148606
CNC[C@@H](O)CCN1c2ccccc2N(c2ccccc2)S1(=O)=O,5.096910013
COc1c(cc(cc1C(C)(C)C)C(=O)N1CCN(C[C@@H]1C)C(=O)CCCCC(c1ccc(F)cc1)c1ccc(F)cc1)C(C)(C)C,5.30980392
Cn1nc(NCC(=O)NC2CN(C2)[C@H]2CC[C@H](CC2)c2cncs2)c2cc(ccc12)C(F)(F)F,4.356547324
Fc1ncccc1N1C[C@@]2(CC[C@@H](CC2)c2nc3ccc(OC(F)(F)F)cc3[nH]2)OC1=O,4.801342913
Cn1cc(CN2CCc3cc4nc(N)sc4cc3CC2)cn1,4.48148606
CCN(CC)C(=O)c1ccc(o1)C1=CC2(CCNCC2)Oc2ccccc12,5.292429824
FC(F)(F)Oc1ccccc1CC(N1CCNCC1)c1ccccc1,4.962573502
CC#CC(CC(O)=O)c1ccc(Oc2ccc(cc2OC(F)F)C(F)(F)F)cc1F,4.602059991
CNC(=O)N1CCC(CC1)C1N[C@H](Cc2c1[nH]c1ccccc21)c1nc(c[nH]1)-c1ccccc1,6.698970004
C[C@@H]1[C@H]2CN(CCCC3(CCOCC3)C(O)=O)CC[C@@H]2Cc2[nH]c3ccc(cc3c12)C(F)(F)F,6.522878745
CNS(=C)(=O)c1ccc(cc1)C1=C(C(=O)OC1)c1ccccc1,4
C[C@@H]1COCCN1c1nc(cc2n(C)cnc12)-c1nncc2[nH]ccc12,4.522878745
N#Cc1ccc(Nc2nn([C@H]3COCC[C@@H]3C#N)cc2C(N)=O)cc1,4.397940009
N[C@@H]1COCC[C@H]1Nc1nc(Nc2cccc3c2[nH]cc3C)c2c(c1)nc[nH]c2=O,4.522878745
Cc1ccc(o1)CN1C2CCC1CC(C2)Oc1cccc(c1)C(=O)N,5.552841969
CC(C)N1CCN(CC1)c1ccc(Nc2ncc3c(ccn(-c4c(Cl)cccc4Cl)c3=O)n2)cc1,7
NC[C@@H]1C[C@@]1(C(=O)N(CC#C)CC#C)c1cccs1,5
COc1ccc2ncc(F)c(C/C(=N\O)C34CCC(NCc5ccc6c(n5)NC(=O)CO6)(CC3)CO4)c2n1,5.795880017
CCc1nn(c(=O)n1CCOc1ccccc1)CCCN1CCN(CC1)c1cccc(c1)Cl,6.568636236
CCOC(=O)c1ccc(nc1)[C@]1(N[C@H](Cc2c1[nH]c1ccccc21)c1nc(c[nH]1)-c1ccc(F)cc1)c1cnn(C)c1,5.552841969
Clc1cc(CNC23CCC(CC2)(OC3)CC2(O)Cn3c4c2c(F)cnc4ccc3=O)c(c2c1OCCO2)Cl,4.22184875
C[C@H](Oc1ccc(cc1C(=O)N1CCN(CC1)c1ncc(cc1F)C(F)(F)F)S(C)(=O)=O)C(F)(F)F,4.698970004
Nc1ccccc1NC(=O)c1ccc(N2CCN(C(=O)/C=C/c3ccc(F)cc3)CC2)cc1,4.4867824
COc1ccc2ncc(F)c(C/C(=N/O)C34CCC(NCc5ccc6c(n5)NC(=O)CO6)(CC3)CO4)c2n1,5.26760624
O=C1COc2ccc(CNC3CCN(CCn4c5cc(Oc6cccnc6)cnc5ccc4=O)CC3)nc2N1,4
C[S+]([O-])c1ccc(-c2ccc3ncc(-c4cccc([S+](C)[O-])c4)n3n2)cc1,4.675717545
CCOC(=O)C(F)(F)CCOc1ccc2ncc(F)c(CCC34CCC(CC3)(CO4)NCc3ccc4OCC(=O)Nc4n3)c2n1,4.595166283
N[C@@H]1CCCC[C@H]1Nc1nc(Nc2cccc3c2[nH]cc3)c2c(c1)nc[nH]c2=O,4.522878745
Clc1ccc(cc1)C(NC(=O)C1(N)CCCN(C1)c1ncnc2c1cc[nH]2)CC(=O)N(C)C,4.477555766
CC(C)(C)c1cc(CN2CCC(CNCCCCCC(c3ccc(F)cc3)c3ccc(F)cc3)C2)cc(c1O)C(C)(C)C,9
C[C@@H]1NC(=NC1(c1ccc(F)nc1)c1ccc(F)nc1)c1cc(ccn1)C#N,5
CC(O)CN1[C@@H](C)CN(CC[S+]([O-])C(c2ccc(F)cc2)c2ccc(F)cc2)C[C@H]1C,5.13667714
COc1cc(-c2nc3n(n2)CCC[C@H]3c2ccc(F)cc2C)ccc1-n1cnc(C)c1,5.102372909
Oc1cc(O)c2CC(OC(=O)c3cc(O)c(O)c(O)c3)C(Oc2c1)c1cc(O)c(O)c(O)c1,5.22184875
CN(C)c1nc(NCc2ccccn2)c2c(-c3ccccc3)cccc2n1,5.602059991
O=C1OCc2cc(CCN3CCN(C(=O)Cc4ccc(-n5cnnn5)cc4C4CC4)CC3)ccc21,5.522878745
CN(Cc1ccccn1)Cc1ccccc1CNc1ccnc2cc(Cl)ccc12,6.059981845
O=C1CC2(CCCC2)CC(=O)N1CCCCN1CCN(c2cccc3sccc23)CC1,5.580044252
Nc1cncc(Nc2ccc(Oc3ccc(OC(F)(F)F)cc3)cc2)n1,5.070581074
COc1c(NC(=O)Nc2ccc(Oc3ccnc(Nc4ccccc4)c3)c3ccccc23)cc(cc1C(=O)NC1COC1)C(C)(C)C,5.522878745
O1[C@@H](C/C=C\C=C\[C@H](O)[C@@H](C[C@H](CC=O)[C@@H](O[C@H]2O[C@H](C)[C@H](O[C@H]3O[C@H](C)[C@@H](OC(=O)CC(C)C)[C@](O)(C3)C)[C@H]([NH+](C)C)[C@H]2O)[C@H](OC)[C@H](OC(=O)C)CC1=O)C)C,3.991399828
O=C1N(C[C@H](N1C1CCN(CC1)Cc1ccc(cc1)Oc1ccc(cc1)C(=O)O)c1ccccc1)C1CCCCC1,5.397940009
CCN(C1CCN(Cc2ccc(cc2)C(F)(F)F)CC1)C(=O)Cc1ccc(cc1)S(C)(=O)=O,5.602059991
Cc1nc(SCc2cc(cc(NCC#N)n2)N2CCOCC2)n(C)c1C,5
NC1(CCN(CC1)c1ncnc2[nH]ccc12)C(=O)NC(c1ccccc1)c1ccc(Cl)cc1,5.795880017
Cc1onc(C(=O)N2[C@H]3CC[C@@H]2C[C@@H](C3)Nc2cc(=O)n(C)c3nccnc23)c1C,4.48148606
CC(=O)c1ccc(NC(=O)NS(=O)(=O)c2ccc(OCCCN3CCCC3)cc2)cc1,4
CN(C)CC(=O)N1CCC(CC1)c1ccc(NC(=O)c2ncc([nH]2)C#N)c(c1)C1=CCCCC1,5
CCNC(=O)Nc1ccc(cc1)-c1nc2CN(CCc2c(n1)N1CCOC[C@@H]1C)C(C)C,5.070581074
Cc1nc2ccccc2n1C1CC2CCC(C1)N2CCC1(CCN(CC1)C(=O)c1c(F)ccc(NS(C)(=O)=O)c1F)c1cccc(F)c1,4.440093375
O[C@]1(CC[C@@H](CC1)N1CC(C1)NC(=O)CNc1cc(nc2ccc(cc12)C(F)(F)F)C#N)c1cncs1,4.454692884
CC1CCCC(O)CCCCCc2cc(O)cc(O)c2C(=O)O1,5.819988881
Clc1cc2N(c3c(Sc2cc1)cccc3)CCC[NH+]1CC[NH+](CC1)CCO,6
CC(C(O)c1ccc2NC(=O)CCc2c1)N1CCC(O)(CC1)c1cccc(F)c1,5
O(C)c1cc(ccc1OC)CC[NH+](CCCN(C(=O)c1ccc([N+](=O)[O-])cc1)c1cc(OC)c(OC)cc1)C,7.70333481
COc1ccc(cc1)-n1c(SCc2nc(no2)-c2ccc(C)cc2)nnc1-c1ccncc1,4.522878745
F[C@H]1CN(CCn2c3cc(ccc3ccc2=O)C#N)CC[C@@H]1NCc1cc2OCCOc2cn1,4.048176965
O[C@]1(CC[C@@H](CC1)N1CC[C@H](C1)NC(=O)CNC(=O)c1cccc(c1)C(F)(F)F)c1ccccn1,9
O=C1N(CC[C@@H]1[NH+](Cc1n(cnc1)Cc1ccc(cc1)C#N)CCCC)Cc1ccccc1,6.721246399
Clc1cc(cc(Cl)c1N)[C@@H](O)CNC(C)(C)C,4.100179498
CC(C)N1CCN(CCN2CCN(C2=O)c2cccc(c2)C#N)CC1,4.900001867
COC(=O)N(Cc1cc(ccc1c1cc(ccc1OC)CC(=O)O)C(F)(F)F)Cc1ccccc1,4
CCc1nnc([C@@H]2[C@H]3CN(C(=O)c4ccc(C[C@@H]5CC[C@H]([C@H](O)c6ccccc6)N5)cc4)C[C@H]32)o1,4.443697499
CCN1C[C@@H]2C[C@@H](NC3CCOCC3OC)C[C@]2(C(=O)N2CCc3ncc(C(F)(F)F)cc3C2)C1,4.370590401
O=C(CNC(=O)c1ccccc1)NC1CN(C1)[C@H]1CC[C@@H](CC1)c1ccc2OCOc2c1,5.552841969
O=C1N(C[C@H](N1C1CCN(CC1)Cc1ccc(nc1C)Oc1ccc(cc1)C(=O)O)c1ccccc1)C1CCOCC1,4.522878745
[NH+]1(C[C@H](CCC1)c1c2c([nH]c1-c1ccccc1)cccc2)CCc1ccccc1,6.27572413
Fc1ccc(cc1)C(NC(=O)C1(N)CCCN(C1)c1ncnc2c1cc[nH]2)C,4.568636236
CC(C)CN([C@H]1CCNC1)C(=O)c1cccc(Cl)c1F,5
Cc1nnc([nH]1)-c1cc(cc(c1)S(=O)(=O)N1CCN(CC1)C(=O)[C@@H]1C[C@H]1c1ccc(cc1)C(F)(F)F)C(F)(F)F,5.886056648
O=C1NC=CC(=O)N1,4.94000137
Cc1ccccc1C(N1C2CCC1CC(C2)Oc1cccc(c1)C(=O)N)C,5.958607315
CC(=O)N1CCC(CC1)c1ccc(NC(=O)c2ncc([nH]2)C#N)c(c1)C1=CCCCC1,5.494850022
COc1cc(\C=C\c2nc3ccccc3[nH]2)ccc1-n1cnc(C)c1,6.167491087
CCCCOc1cc(C(=O)NCCN(CC)CC)c2ccccc2n1,6.029978734
NC(=O)c1ccccc1OCCCN1CCN(CC1)c1cccc2n(ccc12)S(=O)(=O)c1ccccc1,5.207608311
Oc1ccc2ncc(F)c(CCC34CCC(CC3)(CO4)NCc3ccc4OCC(=O)Nc4n3)c2n1,9
COc1ccc(cc1)C12CC1CN(CCCSc1nnc(-c3ocnc3C)n1C)C2,5.713700749
S1C=2N(c3c(cc(F)c(N4CCNCC4)c3)C(=O)C=2C(O)=O)[C@H]1C,3.227971981
COc1cc(ccc1Nc1ncc(Cl)c(n1)-c1cnc2ccccn12)N1CCN(CC1)C(=O)CN,4.795880017
OC(=O)C(CCc1ccc(c(c1)F)c1nc2c(s1)nc(cc2)C1(CC1)c1ccccc1)(N)C,5
O=C1c2cc(-c3ccc(OC(F)(F)F)cc3)ccc2OCCN1Cc1ncccn1,5.244125144
CN1CCN(C(C1)c1ccccc1)C(=O)NC1CCN(Cc2ccn(c2)-c2ccc(cc2)C(F)(F)F)CC1,5.327902142
CN1C[C@@H]([C@H](C1)c1ccc(\C=C\C(=O)Nc2ccccc2N)cc1)C(=O)Nc1ccc(Cl)cc1,5
COc1ccc(cc1)C1(N=C(C)C(N)=N1)c1cccc(c1)-c1cncnc1,4.48148606
CC(=O)Nc1cccc(Nc2ncnc(n2)N2CCC(CC2)Oc2ccc(cc2)C(F)(F)F)c1C,5.387216143
O=C(CC(O)(C(F)(F)F)C(F)(F)F)N[C@@](Cc1ccccc1)(c1cc(F)cc(C(F)(F)F)c1)c1ccc(Cl)cn1,4.657577319
[NH2+](CCCC1c2c(C=Cc3c1cccc3)cccc2)C,5.931814138
Fc1ccc(cc1)[C@@H]1CNC(=O)C21CCN(CC2)[C@@H]1COCC[C@@]1(O)c1ccccc1,4.619788758
OC1CCc2n(C1)c(=O)c(c(n2)C)CCN1CCC(CC1)c1noc2c1ccc(c2)F,5.886056648
CS(=O)(=O)NC[C@H]1CC[C@@H](CC1)Nc1nc-2c(CCSc3ccccc-23)s1,5
O=C(O[C@H]1C[C@@H]2C[C@@H]3C[C@@H](C1)N2CC3=O)C1CNc2ccccc21,5.230002696
Clc1cc(ccc1)CN1CC[C@@H]([NH+](Cc2n(cnc2)Cc2ccc(cc2)C#N)CCCc2ccccc2)C1=O,7.619788758
NS(=O)(=O)c1ccc(CCNc2nc(Cl)nc3cccc(-c4ccccc4)c23)cc1,4.619788758
C[C@H]1C[C@H]2CSC(N)=N[C@@]2(c2nc(NC(=O)c3ccc(C(F)(F)F)cn3)cs2)CO1,4.931814138
Fc1ccc(cc1)C1CCCN1C(=O)NC1CCN(Cc2ccn(c2)-c2ccc(cc2)C(F)(F)F)CC1,5.744727495
NC(=O)c1cnc2ccc(-c3cccnc3)c(F)c2c1NC1CCOCC1,4.886056648
N=C(N)NC[C@H](Oc1noc2ccc(-c3ccccc3Cl)cc12)c1ccccc1,5.022276395
COc1nccnc1N1C(=O)N(C(=O)C11CCN(Cc2ncccc2C)CC1)c1ccc(cc1)-c1ccc(cc1C)C(O)=O,5.853871964
Fc1cccc([C@@H]2CC[C@@H](NC(=O)N3CCC4(CC3)OC(=O)Nc3ncccc43)c3ncc(CC(F)(F)F)n3C2)c1F,5.48148606
O=c1[nH]nc2c3cc(-c4ccccc4)c(nc3ccn12)-c1ccc(CN2CCC(CC2)c2nnc([nH]2)-c2ccccn2)cc1,5.27572413
CC1CCN(CCCOc2ccc(=O)n(-c3ccc(Cl)cc3)n2)CC1,5.793174124
N#Cc1ccc(cc1C(F)(F)F)N1C(=S)C(C(C1=O)(C)C)c1ccnc(c1)S(=O)(=O)N,4
CC1CN(CCN1C(=O)C(=O)c1c[nH]c2c1cccc2)C(=O)c1ccccc1,4.096910013
Nc1ncc(cc1c1nc2c(o1)cccc2)c1cnn(c1)C1CCN(CC1)S(=O)(=O)C,4
COc1ccc2ncc(F)c(C[C@H](O)C34CCC(CC3)(CO4)NCc3ccc4OCC(=O)Nc4n3)c2n1,4.833667591
CN(C)CCC[C@]1(OCc2cc(ccc12)C#N)c3ccc(F)cc3,5.429994423
CS(=O)(=O)c1ccc(cc1)-c1cnc2ccc(cn12)-c1cccc(c1)S(C)(=O)=O,5.318758763
C#C[C@H]1CC[C@H](N1C(=O)CNC1(C)CCN(CC1)c1nccc(c1)C(=O)O)C#N,4.346787486
CCCN(Cc1ccc(cc1)C=CC(=O)NO)CCc1c[nH]c2c1cccc2,5.175223538
CCN1C[C@H]2[C@H](CN(Cc3cccc(OC(F)(F)F)c3)C(=O)c3cn(C)cn3)[C@H]2C1,5.657577319
CN1CC2[C@](C1)(CCCC2)c1ccc(c(c1)Cl)Cl,5.382999659
COc1ccccc1CC(N1CCNCC1)c1cccc(F)c1,4.647817482
O[C@H](CNC(=O)c1n[nH]c(=O)c2ccccc12)CN1CCC(CC1)Oc1ccc(Cl)c(Cl)c1,6.400007822
CN(C(=O)c1ccc(cc1)n1c(C)nc2c1cccc2)C1CCN(C1)C1CCC1,4.522878745
COc1cc([C@](O)(CCN(C)C)[C@@H](c2cc3cc(C#N)ccc3nc2OC)c2cccc3c2OCO3)cc(OC)n1,5.795880017
N[C@H](Cc1ccccc1F)CC(=O)N1CCC[C@H]1C(=O)NCc1ccc(cc1)C(F)(F)F,6.060480747
Clc1cc(Cl)cc(c1)C(=O)Nc1cccc(c1)-c1nc2ccccc2[nH]1,4.829738285
Nc1ncc(cc1-c1ccc(nc1)C(F)(F)F)-c1ccc(cc1)C(=O)N1CCNCC1,4.721246399
NC(CF)(CF)c1nc(-c2ccc(OC(F)(F)F)cc2)c[nH]1,4.823908741
O=C1OC2(CN1c1ccccc1)CCN(CC2)c1nc2ccccc2[nH]1,6
CC1CN(CCC1c1ccccc1C)C[C@@H]1CCc2c([C@H](C1)O)nccc2,5.036212173
COc1cc(-c2cn(C3CCc4ccccc4N(CC4CC4)C3=O)nn2)ccc1-n1cnc(C)c1,5.801342913
COc1cc(ccc1-n1cnc(C)c1)-c1cn(Cc2cc(cc(c2)C(C)(C)C)C(C)(C)C)nn1,6.522878745
CCOc1cccc(c1[C@]1(O)C(=Nc2c1cc(Cl)cc2)N)F,4.677780705
COC(=O)N1CC(CC1C(=O)N1CCCN(CC1)C1CCC1)Oc1ccc(F)cc1,5
Cc1ccc(c(c1)F)[C@@]12CN(C[C@H]2C1)CCCSc1nnc(n1C)c1ocnc1C,5.199970641
COC1CN(CCC1NCc1ncc2c(c1)OCCO2)CCn1c(=O)ccc2c1cc(C#N)cc2,3.759450752
O[C@@]1(CC23CCC(CC2)(CO3)NCc2cc3OCCOc3cc2F)Cn2c3c1c(F)cnc3ccc2=O,4.22184875
CC(c1c(CCN2CCC2)sc2c1cccc2)c1ccccn1,6.13667714
CC(=O)NC1CC2CCC(C1)N2CCc1ccc(Oc2nc3ncccc3s2)cc1,5.200659451
COc1ccc2ncc(F)c(CCN3CC[C@@H](NCc4cc5OCCOc5cn4)[C@H](O)C3)c2n1,4.530177984
COC(c1cnc2n1C[C@@H](CC[C@H]2NC(=O)N1CCC2(CC1)C(=O)Nc1c2cccn1)c1cccc(c1F)F)(C)C,5.096910013
CCN(C1CCN(CC[C@H](C2CCN(CC2)S(C)(=O)=O)c2cccc(F)c2)CC1)C(=O)Cc1ccc(cc1)S(C)(=O)=O,4.455931956
Cc1cccc(c1)N1CCN(CC1)CCCCCCN1CCN(CC1)c1ccccc1,5.420216403
O=C(N1CCOCC1)c1ccc(cc1)C1=CC2(CCNCC2)Oc2ccccc12,4.265552228
COCCC#Cc1c(Cl)c2c(Cl)cc(C(N)=O)nc2n1[C@H]1CCCNC1,8.522878745
O=C1CCc2cnccc2N1CCCN1CCC(CC1)n1c2ccccc2[nH]c1=O,4.301029996
Cn1ccc(Cn2cc(-c3ccc(Cl)c(OC(F)F)c3)cn2)n1,5.092588639
CCN(CC)C(=O)c1ccc(cc1O)C1=CC2(CCNCC2)Oc2ccccc12,4.676149996
COc1cc(Nc2cc(ccn2)-c2cccc(c2)C#N)ccc1N1CCN(C)CC1,5.886056648
S(=O)(=O)(Nc1cc2c(OC3(CC2=O)CCN(CC3)[C@@H]2CCc3cc(ccc3C2)C#N)cc1)C,7.844663963
Cc1ccc2c(cccc2n1)N1CCN(CCc2cccc-3c2OCc2c(ncn-32)C(N)=O)CC1,5
NC1(CCOCC1)C(=O)N[C@@H](Cc1ccc(cc1)-c1ccccc1)C#N,4.48148606
C[C@@H](c1ccc(cc1)Nc1scc(n1)C(F)(F)F)C(=O)O,5
Cc1nc(c(s1)c1nnc(n1C)SCCCN1CC[C@@H]2[C@](CC1)(C2)c1ccc(cc1)C(F)(F)F)C,6.200659451
CN(C)Cc1cc2CCN(Cc2cc1C)C(=O)c1cc2cc(Cl)ccc2n1C,4.88941029
Cc1ccc(nc1)N1CCN(Cc2cc(C(=O)N[C@H]3CCCC[C@@H]3O)c(=O)n3ccccc23)CC1,4.93930216
COC(=O)C(CCCN1CCN(c2ccccc2OC)CC1)(c1ccc(Br)cc1)C(C)C,5.860120914
CN1CCN(CCC(=O)Nc2c(C)[nH]c(\C=C3/C(=O)Nc4ccc(F)cc34)c2C)CC1,4.725842151
Fc1cccc(F)c1-c1ccc2[nH]nc(-c3cncc(O[C@H]4CNCCC44CC4)n3)c2c1,5.431798276
CNC(=O)COC1C(C)CC(C)(O)C(OC2OC(C)CC(C2O)N(C(C)C)C)C(C)C(OC2OC(C)CC(C2)(C)OC)C(C(=O)OC(C(C(C1C)O)(C)O)CC)C,4.522878745
CO[C@@H]1COCC[C@@H]1N[C@@H]1CC[C@](C1)(C(C)C)C(=O)N1CCN(CC1)c1ccnc(n1)C(F)(F)F,4.444905551
COc1ccc(Cn2c(=O)n3ncnc3c3c4c(sc32)CN(CC2CCOCC2)CC4)c(F)c1,5.568636236
C[C@@H](c1c(CCN(C)C)sc2ccccc12)c1cccnc1,6.30980392
CN1CC(c2ccccc2)c2cccc(N)c2C1,4.568636236
CN(S(=O)(=O)C)c1ccc2c(c1)[nH]c(n2)Cc1ccc(cc1)Oc1ccccc1,6.193820026
NCc1c(C)nc2c(c1c1ccc(cc1Cl)Cl)CN(C2=O)CC(=O)N1CCN(CC1)C(=O)C,4.096910013
O=C(C1(CC1)c1ccccc1)Nc1cc(ccc1n1ncnc1)C(F)(F)F,4.301029996
CCN1CCN(CC1)c1cc2[nH]c(nc2cc1Cl)S[C@]1(C)CCC(CC1)c1nnnn1C,5.200659451
CC(C)c1noc(N2CCN(c3ncc(OCc4ccncc4C#N)cn3)[C@H](C)C2)n1,4.935542011
CC(C)(C)c1cc(CNCC2CCN(CCCCCC(c3ccc(F)cc3)c3ccc(F)cc3)C2)cc(c1)C(C)(C)C,6.337242168
O=c1n(CCCCN2CCN(c3cccc4sccc34)CC2)nc2c(F)cccn12,5.657577319
CNCc1ccc(Cl)cc1Oc1ccc(C)cc1,5.795880017
CC(Oc1ccc(cc1C(=O)N1CCN(CC1)c1ccc(cc1F)C(F)(F)F)S(C)(=O)=O)C(F)(F)F,5.161150909
O(C(=O)[C@@H](CO)c1ccccc1)C1C[C@@H]2[NH+]([C@H](C1)CC2)C,6.253365801
Cn1c(SCCCN2CC[C@]3(C[C@@H]3c3ccc(C(F)(F)F)cc3)C2)nnc1-c1ccncc1,6.530030791
O=C(c1ccccc1Oc1ccccc1)N(C1CNCC1)C1CCC1,5.530177984
O(C[C@H](O)[C@@H](NC(C)C)C)c1c2c(CCC2)c(cc1)C,5.036212173
C[C@@H]1CN(CCN1c1ncc(OCc2ccc(CS(C)(=O)=O)cc2F)cn1)c1nnc(o1)C(F)(F)F,4.522878745
CC(C)Oc1cc(ccc1OC(F)F)C(c1ccc(nc1)C(C)(C)O)c1ccc(=O)[nH]c1,4.250263684
Cn1c(SCCCN2C[C@@H]3[C@](C2)(C3)c2ccccc2C(F)(F)F)nnc1c1ocnc1C,5.199970641
FC1CCC(C1)NCc1nn(c(c1C)c1ccc(nc1)C)c1ncccc1Cl,4.537602002
COc1ccc(cc1)[C@@]12CN(C[C@H]2C1)CCCSc1nnc(n1C)c1ocnc1C,5.899629455
c1ccc(cc1)Oc1ccc(cc1)Cc1nc2c([nH]1)cccc2,5.698970004
COc1cc(-c2cn(C3CC[C@@H]4CCCC[C@H]4N(Cc4ccccc4)C3=O)nn2)ccc1-n1cnc(C)c1,5.045757491
COc1ncnc(Cn2cc(C(=O)NCCF)c3ncc(C)cc23)c1C,4.48148606
NC1=NC2(CO1)c1cc(ccc1OC1(CCC1)C21COC1)-c1cccnc1C(F)(F)F,5
CN1CCC(COCc2cc(cc(n2)C2CC2)C(F)(F)F)(CC1)c1ccc(Cl)cc1,5.508638306
Cc1c([C@@H](O)CN2CCC3(CC2)CCN(c2ccc(=O)n(C(F)F)n2)C3=O)ccc2c1COC2=O,4.718966633
CC[C@H]1OC(=O)[C@@H](C)C(=O)[C@@H](C)[C@@H](O[C@H]2O[C@H](C)C[C@@H]([C@@H]2O)N(C)C)[C@@](C[C@@H](C(=O)[C@H]([C@@H]2[C@@]1(C)OC(=O)N2C1CN(C1)Cc1c(O)cnc2c1cccn2)C)C)(C)OC,3.853871964
O=C1CN(CCN1c1ccc(cc1)OCCCN1CCCCC1)C(=O)c1ccc(cc1)S(=O)(=O)C,4.200659451
Fc1cccc(c1)C1(CCN(CC1)C(=O)c1cc(c(cc1Cl)F)S(=O)(=O)NCC(F)(F)F)CCN1[C@@H]2CC[C@@H]1C[C@@H](C2)n1c(C)nc2c1cccc2,5.102372909
O=C(N(CCN1CCCCC1)C)C1CCC2(CC1)OC(=O)c1c2cccc1,5
NCc1cccc(c1)C1CCN(CC1)C(=O)c1cc(cc(c1)-c1nc(no1)-c1cccs1)C(N)=O,4.522878745
O=C1CCc2ccccc2N1CCCN1CCC(CC1)c1ccc2[nH]ccc2c1,5.356547324
OC1CC(O)CC(C1)Oc1ccc2ncc(F)c(CCC34CCC(CC3)(CO4)NCc3ccc4OCC(=O)Nc4n3)c2n1,5.200659451
C[C@]12CCC(F)(F)C[C@H]1C[C@@H](N1CCC[C@@H](N)C1)[C@@H]2Oc1ccc(C#N)cc1,4.886056648
Cn1cnc2c1c(=O)[nH]c(=O)n2C,4
COCCOCCNC(=O)C1N(CC(C)c2ccc(Cl)cc2)C(=O)c2ccc(F)cc12,4.48148606
COc1cccc2c3nc(CN4CCN(C[C@H]4C)c4cccc(F)c4)nn3c(N)nc12,4.623423043
Clc1ccc(OC(C2CNC2)c2ccc3ccccc3c2)cc1Cl,6.698970004
Clc1ccc2c(c1)c1CCCC(c1[nH]2)NC(=O)c1ccccn1,4.698970004
COc1cc(ccc1-n1cnc(C)c1)-c1cn(CC(=O)Nc2cccc3ccccc23)nn1,5
COc1nc2ccc(Br)cc2cc1[C@@H](c1ccnc(OC)c1OC)[C@@](O)(CCN(C)C)c1cc(SC)nc(SC)c1,5.552841969
COCCN1CCC[C@H](Cn2c(-c3cccnc3C)nc3cn(-c4cccc(OC)c4)nc3c2=O)C1,4.366531544
O=C(C1CCC(CC1)(F)F)NC(c1ccccc1)CCN1C2CCC1CC(C2)n1c(C)nnc1C,5.301029996
C[C@]1(O)CC[C@@H](CC1)Nc1ccc2ncc(-c3cccc(c3)C(F)(F)F)n2n1,4.920818754
CC[C@H]1OC(=O)[C@H](C)C(=O)[C@H](C)[C@@H](O[C@@H]2O[C@H](C)C[C@@H]([C@H]2O)N(C)C)[C@](C)(O)C[C@@H](C)C(=O)[C@H](C)[C@H]2N(C3CN(Cc4c(O)cnc5cccnc45)C3)C(=O)O[C@]12C,4.173925197
O=c1n(Cc2ccc(Cl)cc2)c2sc3c(c2c2ncnn12)CCN(Cc1ccccc1)C3,6.30980392
CN1[C@@H](C2=C(CCC2=O)N(C1=O)c1cccc(c1)C(F)(F)F)c1ccc(cc1S(C)=O)C#N,4.522878745
OC1CCN(CCOc2ccc(Oc3nc4ccccc4s3)cc2)CC1,4.920818754
N#Cc1ccc(cc1Cn1c(cc2c1c(=O)n(C)c(=O)n2C)N1CCCC(C1)(C)N)F,4.522878745
COc1cc(ccc1-n1cnc(C)c1)-c1cn(nn1)[C@H]1C[C@H](CCN(Cc2ccccc2)C1=O)C(F)(F)F,5.261219442
CCn1cc(cn1)[C@]1(N[C@H](Cc2c1[nH]c1ccccc21)c1nc(c[nH]1)-c1ccc(F)cn1)c1nnc(C)o1,5.070581074
N#Cc1cccc(-c2cc(F)ccc2CC(c2cccnc2)c2cccnc2)c1,4.991399828
C[C@H]1N(CCn2c1nnc2-c1nc(C)cs1)C(=O)c1ccc(cc1)-c1cccs1,4.769551079
COC1COCCC1N[C@@H]1C[C@H]2C[C@@H](C[C@]2(C1)C(=O)N1CCc2ncc(cc2C1)C(F)(F)F)N(C)C,4.301029996
C[n+]1c(CCCOc2ccccc2)cccc1CCCOc1ccccc1,6.698970004
Cc1ccccc1-n1nc(ccc1=O)-c1c2NC[C@@H](CO)Cn2nc1-c1ccc(F)cc1,4
CC(C)[C@H]1CC[C@H](CC1)N1CC(C1)NC(=O)CNc1n[nH]c2ccc(cc12)C(F)(F)F,5.207608311
Fc1ccc(F)cc1C=1CN(C(=O)C(CN)(C)C)[C@H](C=1)c1ccccc1,5.657577319
COc1cc(-c2cn(C3CCc4c(F)cc(F)cc4N(CC(F)(F)F)C3=O)nn2)ccc1-n1cnc(C)c1,5.73754891
CCN(CC)C(=O)c1ccc(cc1)[C@@H](N1CCN(CCOC)CC1)c1cccc(NC(=O)C2CC2)c1,4.522878745
Cc1ccc(cc1)CCN1CCC(CC1)C(c1ccccc1)(c1ccccc1)O,6.522878745
COCC1[C@H]2CC[C@@H]1CN(CCN1CCN(C1=O)c1cccc(Cl)c1)C2,6
CN(C/C=C/c1ccc(C(F)(F)F)cc1)Cc1ccc2c(c1)OCCO2.Cl,5.408935393
Cc1ccc(/C(=C(\CCCO)c2ccccc2)c2ccc(N3CCNCC3)cc2)cc1.Cl.Cl,5.148741651
CC(C)c1cc(cc2nc(oc12)-c1ccc(cc1)C(=O)NC[C@@H]1CN(C(=O)O1)c1ccc(cn1)-c1ccccc1OC(F)(F)F)C#N,4.522878745
OC(C(N1CCCC1)c1ccccc1)(c1cccnc1)c1cccnc1,4.698970004
Fc1c(N2CCC(CC2)C)c2OC[C@H]([C@@H]3C=C(C(O)=O)C(=O)c(c23)c1N)C,3.336893079
COc1ccc2c(c1)n(C[C@@H](C1CCC(CC1)NCc1ccc3c(n1)NC(=O)CO3)N)c(=O)cn2,3.477555766
Cn1cc(-c2ccnc(-n3ncc4cc(C(C)(C)C)cc(F)c4c3=O)c2CO)cc(NC(=O)[C@@H]2C[C@@H]2F)c1=O,5.886056648
O[C@]1(CC[C@@H](CC1)N[C@H]1CCN(C1)C(=O)CNC(=O)c1cccc(c1)C(F)(F)F)c1ccc(cn1)-c1ncccn1,4.698970004
N#Cc1ccc(cc1)[C@@]12CC[C@H](C2C1)N(C(=O)Nc1ccc(c(c1)C(F)(F)F)F)CCCN1CCN(CC1)C,7.283996656
CS(=O)(=O)Cc1cc(nc(n1)-c1ccc(NS(C)(=O)=O)cc1)N1CCOCC1,4.537602002
COc1ccc2nccc(CCN3CCC(NCc4ccc5c(c4)OCCO5)CC3)c2c1,6.091514981
Fc1ccc2CCC(=O)N(CCCN3CCC(CC3)n3c4ccccc4[nH]c3=O)c2c1,5.244125144
COc1ccc(cc1)[C@H](N[C@@H]1CC[C@H](C(C1)(C)C)C(=O)N1CCC(CC1)(NC(=O)C)c1ccccc1)C,5
COCCS(=O)(=O)N1CCN(CC1)c1ccc(Nc2nccc(n2)-c2cnc(C)n2C(C)C)cc1,5.075720714
CN1C(CN2CCC3(CCc4ccccc34)CC2)Cc2ccccc2C1=O,5.15739076
C[C@]12CC[C@@H]3c4ccc(OCCCN5CCCC5)cc4CC[C@H]3[C@@H]1CC[C@@H]2N1CCCC1,5.124938737
CC(CN(C)C)CN1c2ccccc2Sc3ccccc13,5.170001911
Brc1ccc2Oc3cc(Cn4cncc4CN[C@@H]4CCN(Cc1c2)C4=O)ccc3C#N,5.337242168
COc1nc2ccc(C#N)cc2cc1[C@@H](c1cccc2c1OCO2)[C@@](O)(CCN(C)C)c1cc(SC)nc(SC)c1,5.229147988
CC(C#N)=C1CCN(CC1)c1ccc(cc1F)N1C[C@H](Cn2cc(F)nn2)OC1=O,4.677780705
CONC(=O)N(Cc1ccsc1)C1CCN(CC1)[C@H](C)CCNC(=O)c1c(C)cc(Cl)nc1Cl,6.522878745
COc1c(C)cc(nc1C)C1(N=C(N)c2c1cccc2F)c1cccc(c1)-c1cncnc1,5.420216403
Fc1ccc(F)cc1C=1CN(C(=O)[C@H](O)C2CC2)[C@H](C=1)c1ccccc1,4.958607315
O=C(NC1CN(C1)C1CCC(CC1)NS(=O)(=O)C)CNc1nn(c2c1cc(cc2)C(F)(F)F)C,4.638272164
OC(=O)\C=C/C(=O)C(CNc1nc2ccccc2s1)COc3cccc(CN4CCCCC4)c3,5.439997673
Nc1ccccc1NC(=O)c1ccc(CNc2nccc(n2)-c2cccnc2)cc1,4.522878745
COc1ccc2ncc(OC)c(CCC34CCC(CC3)(CO4)NCc3ccc4OCC(=O)Nc4n3)c2n1,5.370590401
CCN(C)C(=O)c1ccc(cc1)C(=C1CCN(Cc2ccc(F)cc2)CC1)c1ccccc1NC(C)=O,4.920818754
COc1ccc(cc1OC)C2=CC(=O)c3c(OC)c(OC)c(OC)c(OC)c3O2,4.839999931
Cc1cc(Nc2nccc(-c3sc(C4CCNCC4)nc3-c3ccc(F)cc3)n2)ccn1,6
COCCN1CCC[C@@H]1Cn1nc(Cc2ccc(Cl)cc2)c2ncccc2c1=O,7.199970641
CN1CCC[C@H]1CCN1CCCc2cc(ccc12)N=C(N)c1cccs1,5.327902142
O=C1CCc2ncccc2N1CCCN1CCC(CC1)n1c2ccccc2[nH]c1=O,4.301029996
COc1ccc(cc1)CCCOC(c1ccc(cc1)OC)Cn1ccnc1,5.522878745
CCN1C(=CC=CC=Cc2sc3ccccc3[n+]2CC)Sc4ccccc14,6.029978734
O=C(Cc1cnc(nc1)-n1cnnn1)N1CCN2C[C@H](OC[C@@H]2C1)c1ccc2C(=O)OCCc2c1,4.045757491
C[C@H]1N(CCn2c1nnc2-c1nc(C)ns1)C(=O)c1ccc(Cl)c(F)c1,4.15490196
O=C1[C@H]2CCN1c1cccc3ccc(Oc4cc(Cn5cncc5CC(=O)N2)ccc4C#N)cc13,5.004364805
CC1(C)Oc2ccc(NC(=O)c3ccc(Cl)cn3)cc2[C@]2(COC(N)=N2)C11COC1,5
Nc1nc(NC2CCNC2)c2sc(cc2n1)-c1ccc(cc1)C(F)(F)F,5.619788758
O=C1N(CCN2Cc3ccccc3C2)CCN1c1csc2ccccc12,5.102372909
Cn1cc(cn1)-c1cnc2ccc3ccc(NS(N)(=O)=O)cc3c(=O)c2c1,5.366531544
N#Cc1ccc2c(c1)N(CC(CN(C)C)C)c1c(S2)cccc1,6.327902142
C[S+]([O-])c1ccc(Nc2ccc3ncc(-c4ccc([S+](C)[O-])cc4)n3n2)cc1,4.490797478
C[C@@H]1CCCN1CCc1ccc2nc(ccc2c1)-c1cnn(c1C)-c1ccc(nn1)N(C)C,4.744727495
Fc1ccccc1C(=O)Nc1ccc(-c2nnc(NCCCN3CCCCC3)o2)c(Cl)c1,5.399996913
Fc1c(N)c2c([N+](=CC(C2=O)C(=O)[O-])C2CC2)c(F)c1N1C[C@@H]([N+][C@H](C)C1)C,4.744727495
Nc1nc2ccc(SC(F)(F)F)cc2s1,5
COC(=O)C1=C(C)NC(C)=C(C(=O)NC[C@H]2CCN(CCc3ccc(OC(F)(F)F)c(F)c3)C2)C1c1cccc([N+](=O)[O-])c1,5.832682665
Cc1ncccc1-c1nnc(SCCCN2CCc3ccc4oc(nc4c3CC2)C(F)(F)F)n1C,5.400116928
O=C1OCC(=C1c1ccccc1)c1ccc(cc1)S(=O)(=O)C,4
FC(F)(F)c1ccccc1C(=O)N(CC1CCCC1)[C@H]1CCNC1,4.869666232
COC1COCCC1NC1CCC(C1)(C(C)C)C(=O)N1CCN(CC1)c1nncc(n1)C(F)(F)F,5.050609993
CC(C)(C)OC(=O)N1CC(C1)N1C(C(=O)NCc2ccc(OC(F)(F)F)cc2)c2ccccc2C1=O,4.958607315
NC(=O)c1cnc2ccc(-c3cccnc3)cc2c1NC1CCOCC1,5.677780705
O(C(=O)C=1n2c3c(c4CC[NH+]5[C@@H](c24)[C@](C=1)(CCC5)CC)cccc3)CC,7.494850022
CC1(CCN(C[C@@H]2CCc3cccnc3[C@@H](O)C2)CC1)c1ccccc1,4.958607315
O=C1COc2c(N1)nc(cc2)CNC12CCC(CC1)(OC2)CCc1c(F)cnc2c1nc(OCC1NC(=O)C1N)cc2,4.536107011
COc1cc(N)c(cc1C(=O)N[C@@H]1CCN2C[C@H]1CCC2)Cl,5.744727495
FC(Oc1ccc(cc1)S(=O)(=O)Nc1ccc(cc1)C12CNCC2C1)(F)F,5
COc1cccc(F)c1CC(N1CCNCC1)c1ccccc1,5.068033885
CCNC1(CNC(=O)N2CCC(CC2)c2nc(no2)-c2ccc3ccccc3n2)CCCC1,4.619788758
O1CC(=CC1=O)[C@H]1CC[C@]2(O)[C@H]3[C@H](CC[C@]12C)[C@@]1([C@@H](C[C@@H](O[C@@H]2O[C@H](C)[C@@H](O[C@@H]4O[C@H](C)[C@@H](O[C@@H]5O[C@H](C)[C@@H](O)[C@@H](O)C5)[C@@H](O)C4)[C@@H](O)C2)CC1)CC3)C,7.954677021
[O-][n+]1cccc(c1)C#Cc1cccc(c1)-n1cc(C(=O)NC2CC2)c(=O)c2cccnc12,4.18243463
O=C(NC1CCC(CC1)(O)c1ccc(c(c1)F)O)CCc1ccccc1,4.522878745
OC1CN(CCC1c1ccccc1C)C[C@H]1C[C@H](O)c2c(C1)cccn2,4.301029996
O=C(NCC1CCN(C(=O)CCCCC(c2ccc(F)cc2)c2ccc(F)cc2)C1)c1cc(C(F)(F)F)cc(C(F)(F)F)c1,6.15490196
CC[C@H]1CN2CC[C@@]3([C@@H]2C[C@@H]1\C(=C/OC)C(=O)OC)C(=O)Nc1ccccc31,3.111820506
Oc1c[nH]c(COc2ccc3ncc(F)c(CCC45CCC(CC4)(CO5)NCc4ccc5OCC(=O)Nc5n4)c3n2)cc1=O,5.27572413
C(N1CCC2(CCCc3ccccc23)CC1)c4ccccc4,5.84001195
CC(=O)N1CCN(CCOc2ccc(-c3cccc4c3oc(cc4=O)N3CCOCC3)c3sc4ccccc4c23)CC1,4.48148606
Oc1ccc(cc1)C(=O)NC(C(O)=O)(C)C,3.522878601
Cc1coc(n1)[C@H]1C[C@H]2[C@@H](CF)SC(N)=N[C@]2(CO1)c1ccc(F)cc1F,4.707743929
Cc1ccnc(C)c1C(=O)N1CCC(C)(CC1)N1CCC(CC1)N(c1ccccc1)c1cccnc1,4.522878745
O=C(Nc1ccc(Oc2ccc(F)cc2)cc1)N1CCc2ncccc2[C@@H]1c1ccc(Cl)cc1,5.522878745
CC(C)c1cc(cc2nc(oc12)-c1ccc(cc1)C(=O)NC[C@H]1CC[C@@H](CC1)c1cccc(c1)C(F)(F)F)C#N,4.522878745
CCOC[C@H](Oc1ncnc2c1cnn2-c1ncccc1Cl)C(=O)Nc1ccc(Cl)cn1,5
CC(C)c1cc(cc2nc(oc12)-c1ccc(cc1)C(=O)NC[C@H]1CC[C@H](CC1)c1cccc(c1)C(F)(F)F)C#N,5.624885315
CCN/C(=N/S(=O)(=O)c1ccc(cc1)N)/N1N=CC2(C1)CCCC2,5
CCO/N=C(\c1ccc(c(c1)F)F)/c1ccc(cn1)CN1CC[C@]2(CC1)OCc1c2cnc(c1)F,5.747146969
Cn1c(SCCCN2C[C@@H]3C[C@@]3(C2)c2ccc(cc2)C(F)(F)F)nnc1-c1ccccc1,6.22184875
CC[C@H]1OC(=O)[C@@H](C)C(=O)[C@@H](C)[C@@H](O[C@H]2O[C@H](C)C[C@@H]([C@@H]2O)N(C)C)[C@@](C[C@@H](C(=O)[C@H]([C@@H]2[C@@]1(C)OC(=O)N2[C@@H]1CN(C1)[C@@H](c1ccnc2c1cccn2)C)C)C)(C)OC,4.366531544
O=C(N1CCC(CC1)CNc1ncccn1)NCc1ccccc1,5
CCO\N=C(\c1ccc(F)c(F)c1)c1ccc(CN2CCC3(CC2)OCc2cc(F)ncc32)cn1,5.747146969
CCN(CC)C(=O)c1ccc(cc1F)C1=CC2(CCNCC2)Oc2ccccc12,5.42136079
COc1ccc(C2(c3cccc(-c4cncnc4)c3)CCC(N)=N2)cc1,4.638272164
COc1cc(ccc1-n1cnc(C)c1)-c1cn(nn1)[C@H]1C[C@H](CCN(CC(F)(F)F)C1=O)C(C)(C)C,5.26760624
NS(=O)(=O)c1cncc(-c2nc(NCc3ccccn3)c3c(-c4ccccc4)cccc3n2)c1,5.721246399
COc1ccc(Nc2cc(NCCN)nnc2C(N)=O)nc1C(C)C,4.900001867
NC(=NN=Cc1c(Cl)cccc1Cl)N,4.700000504
CCCCCCCN(CC)CCCCc1ccc(Cl)cc1,8.366531544
CNC(=O)N1CCC(CC1)C1NC(Cc2c1[nH]c1c2cccc1)c1[nH]cc(n1)c1ccccc1,6.619788758
COCc1ccc(-c2cc3c(N[C@@H](C)c4ccn(C)n4)c(C(N)=O)cnc3cc2F)c(F)n1,4.619788758
O=C(c1ccc(F)cc1F)N1CCN(c2ccc(OCCCN3CCCCCC3)cc2)C(=O)C1.O=CO,4.300000202
C[C@H](CCC(=O)NCC(=O)[O-])[C@H]1CC[C@H]2[C@@H]3[C@H](O)C[C@@H]4C[C@H](O)CC[C@]4(C)[C@H]3C[C@H](O)[C@]12C,4.959999286
O[C@H]1C[C@H](CN2CCC(CC2)c2ccccc2Cl)CCc2cccnc12,5.823908741
Cn1cc(cn1)-c1nc2c(N3CCN(Cc4cccnc4)CC3)c(Br)cnc2[nH]1,5.259637311
CCCN[C@H](C)C(=O)Nc1c(C)csc1C(=O)OC,3.650000027
CO[C@@H]1COCC[C@@H]1N[C@@H]1CC[C@](C1)(C(C)C)C(=O)N1CCN(CC1)c1cncc(c1)C(F)(F)F,5.677780705
[NH3+][C@H]1Cn2c(C[C@@H]1c1cc(F)c(F)cc1F)nc1cc(ccc21)C(F)(F)F,5.124938737
CC(=O)Nc1ccc2c(c1)c1cccc3c1c([n+]2C)c1ccccc1n3C,4.744727495
CC(C)c1ccc(cc1)S(=O)(=O)Cc1ccc(cc1)[C@@]12C[C@@H]1CNC2,5.900008766
Cc1c([C@@H](O)CN2CCN(C[C@H](O)c3ccc4c(c3C)COC4=O)CC2)ccc2c1COC2=O,4.638272164
CC1CCCN(CCN2CCN(C2=O)c2cccc(Cl)c2)C1,5.500312917
Cc1nc2cc(F)ccc2n1[C@H]1CC[C@@H](NC[C@H]2Cc3ccc(C#N)cc3C2)CC1,7.522878745
COc1ccc(cc1)CCn1ncc(n1)C(=O)c1ccc(c(c1)C)C,4.301029996
Cn1c(SCCCN2CC[C@]3(C[C@H]3c3ccc(C(F)(F)F)cc3)C2)nnc1-c1ccncc1,6.649945906
CCCS(=O)(=O)N[C@@H]1CCN(c2ccc3c(c2)[C@@H](Cc2ccccc2)[C@@H](N2CCC2)CC3)C1=O,5.346787486
CC(=O)N1CCN(CC1)CCOc1ccc(cc1)C1CCN(CC1)C1=Nn2c(CC1)nnc2C(F)(F)F,4
Cc1ccc2c(n1)cccc2c1nnc(n1C)SCCCN1C[C@@H]2[C@](C1)(C2)c1ccc(c(c1)Cl)Cl,6.200659451
COC(=O)C1(CNC(=O)c2cc(Cl)cc(Cl)c2)CCN(Cc2ccc(cc2)C(F)(F)F)CC1,6.537602002
COCC(COCc1ccc(cc1)[C@]1(O)CCNC[C@@H]1c1ccc(cc1C)c1ccccc1CCNC(=O)C)(F)F,5.008773924
CCOC(=O)N1CCN(CCOc2cc(C)n(n2)-c2ccc(Cl)c(Cl)c2)CC1,5.387216143
C[C@H](Nc1nc(Nc2ncc(C)s2)cc(n1)N1CCOCC1)c1ncc(F)cn1,4.494850022
Cc1cnc(cn1)c1nnc(n1C)SCCCN1C[C@@H]2[C@](C1)(C2)c1ccc(cc1)C(F)(F)F,6.102372909
O[C@H]1CC[C@@H](CC1)NC(=O)[C@H](C1CCCCC1)n1c(nc2cc(F)c(F)cc12)-c1ccc(Cl)cc1,5.13667714
CCCCS(=O)(=O)N1Cc2ccc(\C=C\C(=O)NO)cc2C1,4.522878745
C[C@H]1CN(C(=O)c2ccnc(Nc3nc4cnc(Nc5ccc(F)c(C(F)(F)F)c5)cc4[nH]3)c2)C[C@@H](C)O1,5.27572413
COC(=O)N[C@@H](C(C)C)C(=O)N1C[C@@H](C)C[C@H]1c1ncc([nH]1)-c1ccc(cc1)-c1ccc(cc1)-c1cc2[nH]c(nc2s1)[C@@H]1C[C@H](C)CN1C(=O)[C@@H](NC(=O)OC)C(C)C,4.397940009
CN(C)Cc1cc(C(=O)N[C@@H]2CCc3ccc(Oc4ccnc5c4CCC(=O)N5)cc3C2)cc(C(F)(F)F)c1.Cl.Cl,5.200659451
COC1COCCC1N[C@@H]1C[C@H]2CCC[C@]2(C1)C(=O)N1CCc2ccc(cc2C1)C#N,4.472370099
COc1c(C(O)CN2CCN(C(=O)Cc3ccc(-n4cnnn4)nc3)CC2)ccc2c1COC2=O,4.721246399
CN(C)CCn1cc2C[C@H]3N(C[C@@H](C=C3c3cccc1c23)C(=O)N1CCCC1)C(=O)Nc1ccccc1,4.522878745
Clc1ccc(cc1)[C@@H](CC[NH+](C)C)c1ncccc1,4.677780705
CC(C)NC(=O)NS(=O)(=O)c1ccc(OCCCCN2CCCCC2)cc1,4
Cc1nc(C#Cc2ccnc(Cl)c2)c(C)n1-c1ccc(F)cc1F,6
COc1ccc2ncc(F)c(C(CC34CCC(NCc5ccc6c(n5)NC(=O)CO6)(CC3)CO4)C(=O)O)c2n1,6
Cc1c(CN[C@H]2CC[C@@H](F)C2)nc(-c2ncccc2Cl)n1-c1ccc(C)nc1,4.508638306
Cn1c(CCCCN2CC3[C@@](C2)(C3)c2ccc(cc2)C(F)(F)F)nnc1c1ccc(nc1C)C(F)(F)F,6.200659451
NC(=O)c1cccc(c1)OC1CC2CCC(C1)N2CCc1ccccc1,6.420216403
COc1cccc(N2CCC3CN(CCCSc4nnc(-c5cnccn5)n4C)CC32)c1,6.102372909
OCCN1CCN(CC1)CCCN1c2ccccc2Sc2c1cc(cc2)C(F)(F)F,6.987162775
CN(C)CCCCc1ccc(cc1)C(C)(C)C,5.124938737
CC(C)c1cc(cc2nc(oc12)-c1ccc(cc1)C(=O)NCC1CN(C(=O)O1)c1ccc(cn1)-c1ccccc1C#N)C#N,5.925183559
C[C@@H]1CN(CC2(CC2)C(N)=O)CCN1S(=O)(=O)c1ccc(cc1)[C@](C)(O)C(F)(F)F,4
N[C@H]1Cn2c(nc3ccc(F)cc32)C[C@@H]1c1cc(F)c(F)cc1F.O=C(O)C(F)(F)F,4.769551079
Nc1nnc2c3cc(-c4ccccc4)c(nc3ccn12)-c1ccc(CN2CCC(CC2)c2nnc([nH]2)-c2ccccn2)cc1,5.27572413
N[C@@H](Cn1c2cc(F)cnc2ccc1=O)[C@H]1CC[C@@H](CC1)NCc1ccc2OCC(=O)Nc2n1,4
CC(c1nc2ccccc2o1)c1ccc(OCCCN2CCC(CC2)c2noc3cc(F)ccc23)cc1,6
CCCN1CCCC[C@H]1C(=O)Nc1c(C)cccc1C,4.829999527
CCOc1ccc(cn1)[C@]1(O)CC[C@@H](CC1)N1CC(C1)NC(=O)CNC(=O)c1cccc(c1)C(F)(F)F,4.838631998
Cn1c2cc(ccc2c2nc(N3CCC[C@@H](N)C3)n(Cc3ccccc3Cl)c2c1=O)C#N,5.920818754
CCc1oc(CCc2cc(cc(NCCOC)n2)N2CCOCC2)nc1C,6.045757491
COc1ccccc1N1CCN(CC1)CC(COc1ccc(cc1)C(F)(F)F)O,5.403402904
Cc1c2C(=O)N(Cc3ccccc3-c3ccccc3)C(C(=O)NC(C)(C)C)c2ccc1OCF,4.568636236
Cc1c2C(=O)N(Cc3ccccc3-c3ccccc3)C(C(=O)NC(C)(C)C)c2ccc1NS(C)(=O)=O,4.48148606
CN(C)C[C@@H]1CCN([C@@H]1C(N)=O)C(=O)Nc1nc2CCc3sc(nc3-c2s1)C(C)(C)C,5.244125144
O[C@@]1(CC23CCC(CC2)(CO3)NCc2ccc3OCC(=O)Nc3n2)Cn2c3c1c(F)cnc3ccc2=O,3.931814138
CN(C)c1ccc(C(=O)N(CCCCCC(=O)NO)CC(=O)NCc2ccccc2)cc1,3.55300005
COc1cc(\C=C\c2nc(N)c3c(n2)oc2ccccc32)ccc1-n1cnc(C)c1,6.301029996
CCCOCCn1c2cc(ncc2nc(N2CCNCC2)c1=O)-c1ccc(OC)nc1,6.173925197
Cc1cc(OCCN2CCOCC2)nn1-c1ccc2ccccc2c1,5
CCN1CCOC(C1)C(=O)N1CCN(CC1)C(=O)Nc1ccc(Cl)c(Cl)c1,5.301029996
C[C@H]1CC(=O)NN=C1c1ccc(OC2CCN(CC2)C2CCC2)cc1,4.568636236
C[C@@H]1CCCN1CCCOc1ccc(cc1)-c1cn[nH]c(=O)c1,5.010995384
CN1CCCN(CC1)C(=O)c1ccc(cc1)Nc1ncc(c(n1)c1cnc(n1C(C)C)C)F,4.494850022
C[C@@H]1CCCN1CCc1ccc2nc(ccc2c1)-c1cn(C)nc1C,4.605548319
Cc1cc(Cl)ccc1OC1CCN(C[C@H](O)CNC(=O)c2c[nH]c(=O)cc2C(F)(F)F)CC1,5
NC(=O)c1cc(Cl)c2c(Cl)c(C#CC3CCCO3)n([C@H]3CCCNC3)c2n1,8
COc1ccc(cn1)C1(O)CCC(CC1)N1CCC(C1)NC(=O)CNC(=O)c1cccc(c1)C(F)(F)F,4.522878745
COc1cc(ncn1)N1C(=O)N(C(=O)C11CCN(Cc2ncccc2C)CC1)c1ccc(cc1)-c1coc(c1)C(O)=O,4.22184875
CC(C)Cc1cc(CNS(=O)(=O)c2ccc(Cc3ccccc3)cc2)nn1-c1ccccc1,5.1837587
CCOc1cc2ncc(c(c2cc1N1CCCN(CC1)C(C)C)Nc1cccc(c1Cl)Cl)C(=O)N,5.508638306
CC(COc1cn2c(c1C)c(ncn2)Oc1ccc2c(c1F)cc([nH]2)C)O,4.744727495
O=C(c1ccc(O)cc1OC[C@@H](O)CN1CCC2(CC1)Cc1cc(Cl)ccc1O2)N1CCC(O)CC1,5.795880017
FCC1SC(=N[C@@]2([C@H]1CC(OC2)c1cnn(c1)C)c1ccc(cc1F)F)N,4.860120914
COc1cccc(c1)C(N1C2CCC1CC(C2)Oc1cccc(c1)C(=O)N)C,5.022276395
OC1CCC(CC1)N1CC(C1)NC(=O)CNc1nn(c2c1cc(cc2)C(F)(F)F)C,4.522878745
CC(C1(CCC(C1)N1CCC(CC1)c1cccnc1)C(=O)NCc1cc(cc(c1)C(F)(F)F)C(F)(F)F)C,6.649751982
CS(=O)(=O)c1cc(CCN2CCN(CCc3ccc4C(=O)OCc4c3)CC2)ccc1C#N,5.327902142
NC(=O)c1cncc(O[C@@H]2C[C@@H]3CC[C@H](C2)N3Cc2ccccc2)n1,4.823908741
CC(C)S(=O)(=O)N[C@H]1CN(C)C[C@@H]1c1ccc(cc1)-c1cccc(c1)C(F)(F)F,5.397940009
CCN(CC)C(C)CCCNc1nccc(NCc2ccc(Cl)cc2Cl)n1.N,6.522878745
CCN(CCO)C(=O)c1cc2ccccn2c1-c1cccc(OC)n1,4.480172006
CCCCOc1cc(Cl)c(/N=N/c2c(O)ccc3ccccc23)c(OCCCC)c1,6.397940009
CC(=O)S[C@@H]1CC2=CC(=O)CC[C@@]2([C@@H]2[C@@H]1[C@@H]1CC[C@]3([C@]1(CC2)C)CCC(=O)O3)C,4.638272164
Cc1nc(nc2ccc(NC(=O)\C=C\c3ccc(Cl)cc3)cc12)N1CCC(O)(CC1)C1CC1,5.251811973
COc1ccc(cc1)CCCN1C(=O)N(CC1c1ccc(cc1)OC)NS(=O)(=O)C,4.850780887
Fc1ccc2c(c1)C(=O)C=C(C2)C(=O)NC1CCN(CC1)Cc1ccc2c(c1)OCO2,5.397940009
COc1cccnc1Cn1ccc2nc(N)nc(NCc3cc(C)on3)c21,5.795880017
N#Cc1ccc(cc1)Cn1cncc1CNC1CCN(C1)C(=O)c1ccc[nH]c1=O,4.301029996
O=C(NC1CN(C1)C1CCC(CC1)(O)c1cncs1)CNc1nccc2c1cc(cc2)C(F)(F)F,4.482804102
CCOC(=O)C1CCC(CC1)N1CC(C1)NC(=O)CNc1nn(c2c1cc(cc2)C(F)(F)F)C1CCCC1,5.387216143
CN(CCN1CCN(C1=O)c1ccccc1)C[C@@]12CC[C@@H](CC1)C2(C)C,5.400116928
COc1cc(CC(=O)N2CCOCC2)ccc1Nc1ncc(Cl)c(n1)-c1cnc2ccccn12,5.055517328
O=C(N1C[C@H]2[C@H](C1)[C@@H]2CCc1ccc2c(c1)COC2=O)Cc1ccc(cc1)n1cnnn1,5.301029996
CC(C)c1cc(C(=O)NC[C@H]2CCN(CCc3ccc(C(F)(F)F)cc3)C2)on1,6.387216143
COc1ccc(cc1C(C)O)-c1ccc2c(nc(nc2n1)N1CCOC[C@@H]1C)N1CCOC[C@@H]1C,4.494850022
O=S(=O)(c1ccc(C(F)(F)F)cc1)N1CCC(CN2CCC(c3noc4cc(F)ccc34)CC2)CC1,5.856953957
CC(C)CNC(=O)c1ccc(cc1)C1=CC2(CCNCC2)Oc2ccccc12,5.496209317
CCN1CCN(CC1)c1cc2[nH]c(nc2cc1Cl)C(=O)C1(C)CCC(CC1)NC(=O)OC,5.30980392
COc1cc(Nc2ncc(F)c(Nc3ccc4OC(C)(C)C(=O)N(COP(O)(O)=O)c4n3)n2)cc(OC)c1OC,6
O=C([C@H]1CC(=O)N(C1)c1cccc2c1cccc2)OCc1csc(n1)N(c1ccccc1)C(=O)C,4.522878745
CC(C)(C)NC(=O)c1c[nH]c2ncc(nc12)-c1nn(CCC(O)CO)c2ccc(OC(F)F)cc12,5.381951903
C[C@H](C1=C(CCN(C)C)Cc2ccccc12)c1nc(C)cs1,5.721246399
CCc1c(nn(c1-c1ccc(Br)cc1)-c1ccc(Cl)cc1Cl)C(=O)NC(C)(C)c1nnnn1C,4.643974143
O=C(NC1CN(C1)C1CCC(CC1)c1ccccc1)CNc1ncnc2c1cc(cc2)C(F)(F)F,5.283996656
N#Cc1cccc(CCN2CCN(C(=O)Cc3ccc(-n4cnnn4)cc3)CC2)c1,5.568636236
CC(C)Oc1ccc(F)cc1-c1ccc(nc1)N1C[C@H](CNC(=O)c2ccc(cc2)-c2nc3cc(cc(C(C)C)c3o2)C#N)OC1=O,4.522878745
OCC[C@@]1(CCCCNC1)c1ccc(Cl)c(Cl)c1,4.48148606
NC(C(=C1CCCC1)F)C(c1onc(n1)c1ccc(cc1Cl)S(=O)(=O)C)CC1CC1,5.148741651
CCCCNC(=O)C1N(CC(C)c2ccc(Cl)cc2)C(=O)c2ccccc12,4.494850022
CN(C)c1ccc(\C=C\c2c(F)cccc2Cl)nc1,4.684029655
CN(c1ccc(-c2cc3cccnc3cc2O)nn1)C1CC(C)(C)NC(C)(C)C1,5.346787486
FC(F)(F)c1ccc(NC(=O)NS(=O)(=O)c2ccc(OCCCCN3CCCCC3)cc2)cc1,4
O=C(OC1C[C@@H]2CC3C[C@@H](C1)N2CC3=O)C1CNc2ccccc12,5.229147988
O=c1cc(OCc2ccccc2)ccn1-c1ccc(OCCN2CCCC2)cc1,9
Fc1ccc(cc1)N1CC(CC1=O)c1nc(no1)-c1cccc(Cl)c1,5.455931956
Fc1ccccc1-c1ccc2oc(nc2n1)N1CCN2CCC1CC2,5.552841969
CNCc1cccc(c1)-c1ccc2c(nc(nc2n1)N1C[C@H](C)O[C@H](C)C1)N1CCOCC1,4.759450752
O=C1[C@H]2CCN1c1cccc3ccc(Oc4cc(Cn5cncc5CN2)ccc4C#N)cc13,5.080921908
COc1ncccc1C(c1c(CCN(C)C)sc2c1cccc2)C,5.744727495
CC1(C)CCc2cc(CN3CCC4(CC3)CCN(CC4)C(=O)c3ccncn3)ccc2O1,4.950781977
COc1ccc(NC(=N)NCCCOc2ccc(F)cc2)cc1,6.38007229
Cc1nc2ccccc2n1C1CC2CCC(C1)N2CCC1(CCN(CC1)C(=O)c1cccc(c1)-c1nc(=S)o[nH]1)c1ccccc1,4.500312917
Fc1ccc2c(c1)oc(cc2=O)C(=O)NC1CCN(Cc2ccc3OC(F)(F)Oc3c2)CC1,9
COc1ccc2c(n1)c(ccn2)NC(=O)C1(O)CCC(CC1)NCc1ncc2c(c1)OCCO2,4.619788758
C[C@H]1OC(=O)[C@]2(CC(N)=O)CC(F)(F)[C@@H](C)[C@H](\C=C\c3ccc(cn3)-c3ccccc3C#N)[C@H]12,4.22184875
C(CN1CCOCC1)Oc1ccn(n1)C1CCCCC1,5
CC(C)OC(=O)c1ccc(NC(=O)N[C@@H](Cc2ccc(O)cc2)C(=O)N[C@H]2CCC[N+](C)(Cc3cccc(O)c3)C2)cc1,5.602059991
CCCCc1cc(OC2CCN(CCCCNS(=O)(=O)CCC)CC2)c2ncccc2c1.Cl.Cl,7.059981845
CCN(CC)Cc1cc(-c2ccc3ncc(-c4ccc([S+](C)[O-])cc4)n3n2)ccc1F,6.229147988
COc1cc(N)c(Cl)cc1C(=O)N[C@H]1CCN(CC2CCN(C(=S)C(C)C)CC2)C[C@H]1OC,5.946153573
NCCc1c[nH]c(=S)n1[C@H]1COc2c(C1)cc(cc2F)F,3.920818754
O=C(c1ccc(cc1)OC1CC(C1)N1CCCCC1)N1CCC(CC1)(F)F,4.769551079
Cc1cc(C)nc(Nc2cc(N[C@@H]3CCCC[C@@H]3N)cnc2C(N)=O)c1,5.795880017
COc1ncnc(Cn2cc(C(=O)NCCO)c3ncc(C)cc23)c1C,4.48148606
Clc1ccc(cc1)c1cc2C(NC(=O)c3n[nH]c(c3C)C)CC(Oc2nc1c1ccc(cc1Cl)Cl)(C)C,5.060480747
COc1nc2c(CCC34CCC(CC3)(CO4)NCc3ccc4OCC(=O)Nc4n3)c(F)cnc2cc1F,9
Cc1nn2ccccc2c1CCNCc1ccc(\C=C\C(=O)NO)cc1,4.522878745
CN([C@@H]1CCN(C1)C1CCC1)C(=O)c1ccc(cc1)-n1cccn1,4.602059991
N#Cc1cccc(Cl)c1-n1ncc2c(O[C@@H](COCCO)C(=O)Nc3ccc(F)cn3)ncnc21,4.200000237
CC(C)Cc1ccc2ncccc2c1NS(=O)(=O)c1ccc(CCCN2CCN3CCC[C@@H]3C2)cc1,5.886056648
FC(F)(F)c1ccc2onc(NCC(=O)NC3CN(C3)[C@H]3CC[C@H](CC3)c3cncs3)c2c1,9
CCCOCCn1c2cc(ncc2nc(NCCNCCO)c1=O)-c1ccc(OC)nc1,5.346787486
NC(=O)c1cc(Cl)c2c(Cl)c(C#CC3CCOCC3)n([C@H]3CCCNC3)c2n1,8.769551079
COc1ccc(CCN(C)CCCN(C(=O)c2ccc(cc2)[N+]([O-])=O)c2ccc(OC)c(OC)c2)cc1OC,9
CCSc1ccccc1C(=O)N(CC1CCC1)[C@H]1CCNC1,5.12090412
Cc1nc(Oc2ccc(C(=O)O)cc2)ccc1CN1CCC(N2C(=O)N(C3CCOCC3)C[C@H]2c2cccc(Cl)c2)CC1,5.004364805
COC(=O)C(Cc1c[nH]c2ccccc12)NS(=O)(=O)c1ccc(OC2CCCC2)cc1,5.019542108
CN1[C@H]2CCC[C@@H]1C[C@H](C2)NC(=O)c1nn(C)c2ccccc12,5.420216403
N#Cc1ccc(cc1)Cn1cncc1CNC1CCN(C1=O)Cc1cccc(c1)Cl,6.356547324
N[C@@H]1CCCN(C1)c1nc2c(Br)c[nH]c2c(=O)n1Cc1ccccc1C#N,3.522878745
CNC(C(=O)N[C@](Cc1ccccc1)(c1ccc(F)cc1)c1cc(F)cc(C(F)(F)F)c1)C(O)(C(F)(F)F)C(F)(F)F,4.886056648
COc1cc(ccc1Nc1ncc(Cl)c(n1)-c1cnc2ccccn12)N1CCN(CC1)C(=O)CO,4.853871964
COCCN1CCC[C@@H](Cn2c(-c3ccccc3C)nc3nc(-c4ccc(Cl)cc4)sc3c2=O)C1,5.431798276
Clc1ccc(cn1)C(N1C2CCC1CC(C2)Oc1cccc(c1)C(=O)N)C,5.48148606
CNC[C@@H](O)CCN1c2ccccc2N(c2ccccc2F)S1(=O)=O,4.522878745
CC(=O)N[C@@H](CCN1[C@H]2CC[C@@H]1C[C@@H](C2)n1c(C)nc2CN(CCc12)C(=O)C(C)(C)C)c1cccc(F)c1,5.301029996
ClC=1C=CC2=[N+](C3CC[NH+](CC3)CCC[N+]3=C4C(=NC3=O)C=CC=C4)C(=O)N=C2C=1,6.790216985
CN1CCN(CC1)c1ccc(Nc2ncc3c(ccn(-c4c(Cl)cccc4Cl)c3=O)n2)cc1CO,6.698970004
OC(COc1ccccc1C(=O)CCc1ccccc1)CN1CCC(CC1)c1ccccc1,5.460923901
C[C@@H](N1[C@H]2CC[C@@H]1C[C@H](C2)Oc1cccc(c1)C(N)=O)c1ccccc1,9
CCCC[C@@H](CCO)Nc1nc(N)nc2ccc(F)cc12,5.236572006
Cc1cc(=O)n2C[C@@](O)(CC34CCC(CC3)(CO4)NCc3ccc4OCC(=O)Nc4n3)c3c(F)cnc1c23,4.22184875
CCN(CC)Cc1ccc2C[C@H](CCc2c1)N1CCN(CCc2cccc(c2)C(F)(F)F)CC1=O,5.769551079
OCC(C(=O)N1CCC(CC1)(CCN1[C@@H]2CC[C@@H]1C[C@@H](C2)n1c(C)nc2c1cccc2)c1ccccc1)(C)C,5.22184875
CC(C)(C)c1ccc(cc1)[C@@H](O)CCC[N@H+](CC2)CC[C@@H]2C(O)(c3ccccc3)c4ccccc4,8.075720714
O=C1COc2c(N1)nc(cc2)CNC12CCC(CC1)(OC2)CC1(O)Cn2c3c1c(F)cnc3ccc2=O,3.759450752
OC(=O)\C=C\C(O)=O.CCOC(=O)N1CCC(CN2CCC3(CN(C(=O)N(C)C)c4ncccc34)CC2)CC1,5
O=C(c1ccc(nc1)N1CCC2(CC1)CCN(C2)c1ncccn1)Nc1cc(ccc1N)c1cccs1,5.474955193
CCOC(=O)[C@H](C)N(C)C(=O)c1cc(C(=O)N[C@H](CC)c2ccccc2)c2COCCn12,5
CCNc1cc(cc(CCc2nc(C)c(CC)o2)n1)N1CCOCC1,6.397940009
FC(F)Oc1cc(-c2cnn(Cc3cn[nH]c3)c2)ccc1Cl,4.279014256
O=C(NC1CCN(C1)CCN1CCN(CC1)C(=O)c1cc(F)ccc1F)CNC(=O)c1cccc(c1)C(F)(F)F,5
O=c1n(Cc2ccc(Cl)cc2)c2sc3c(c2c2ncnn12)CCN(C1COC1)C3,6.008773924
COc1cc(N)c(Cl)cc1C(=O)N[C@H]1CCN(CCC(=O)N2CCC(Cc3ccccc3)CC2)C[C@H]1OC,5.431680915
Cn1nc(NCC(=O)NC2CN(C2)[C@H]2CC[C@H](CC2)c2ccccc2)c2cc(ccc12)C(F)(F)F,5
c1ccc(nc1)c1noc(n1)C1=CC2(c3c1cccc3)CCN(CC2)CC1CCCO1,5.259637311
COc1ccc(cc1)C1CN(CC1CC(=O)Nc1cccc(c1)Cl)CCc1ccc(c(c1)OC)OC,7.180456064
COC(=O)C1(CNC(=O)c2cc(Cl)cc(Cl)c2)CCN(Cc2cccc(OC)c2)CC1,6.443697499
Fc1cccc(c1)COC(=O)N1CCC(CC1)CNc1ncccn1,5
CCOc1cc([C@H](c2cc3cc(C#N)ccc3cc2OC)[C@@](O)(CCN(C)C)c2cccc3ccoc23)cc(OCC)n1,5.48148606
CC(C)Cc1ccc2nn(C)cc2c1NS(=O)(=O)c1ccc(CCCO[C@H]2C[C@@H]3CC[C@H](C2)N3C)cc1,5.48148606
Clc1ccc(Cn2cc(NCCN3CCCCCC3)nn2)cc1Cl,5.408935393
OC(=O)C(F)(F)CCOc1ccc2ncc(F)c(CCC34CCC(CC3)(CO4)NCc3ccc4OCC(=O)Nc4n3)c2n1,4.22184875
Cc1ccncc1c1noc(n1)C1=CC2(c3c1cccc3)CCN(CC2)CC1CCCO1,5.055517328
CC(C)N(C)[C@@H]1CC[C@@H]([C@H](CS(C)(=O)=O)C1)N1CC[C@H](NC(=O)c2cccc(c2)C(F)(F)F)C1=O,4.096910013
COCCN1CCC[C@H]1Cn1nc(Cc2ccc(cc2)Cl)c2c(c1=O)cccc2,6.602059991
COc1c(N2CCNC(C)C2)c(F)cc2c1n(cc(C(O)=O)c2=O)C1CC1,3.889506586
CC1Nc2cc(ccc2C(=O)N)n2c(CCCN3C1CCCC3)c(c1c2CC(C)(C)CC1=O)C,5.823908741
OC(=O)C[C@H]1CCc2c1[nH]c1ccc(OCc3ccc(C4CCCC4)c(c3)C(F)(F)F)cc21,4.522878745
CC(=O)NC1CC2CCC(C1)N2Cc1ccc(Oc2nc3ncccc3s2)cc1,5
CN1CCC(C1)Oc1ccc(cc1)-n1ccc(OCc2ccccc2)cc1=O,9
COc1cc(C#N)c2ccc(=O)n(CCN3CCC(CC3)NCc3cnc(C)c(c3)C#N)c2c1,5.602059991
CC(Oc1ccc(cc1C(=O)N1CCN(CC1)c1cnc(cn1)C(F)(F)F)S(C)(=O)=O)C(F)(F)F,4.397940009
COc1ccc2ncc(=O)n(C[C@H](N)[C@H]3CC[C@@H](CC3)NCc3ncc4OCC(=O)Nc4n3)c2c1,3.477555766
N[C@@H](CC(=O)N1CCn2c(C1)nnc2C(F)(F)F)[C@H]1CCc2cc(F)c(F)cc12,4.698970004
CN1CCC(CCCc2cc(Cl)c(c(Cl)c2)S(=O)(=O)N(C(F)F)c2c(C)nn(C)c2C)CC1,6.22184875
COC(=O)c1c(C)noc1c1ccc2c(n1)ccc(c2)CCN1CCCC1C,5.22184875
Fc1ccc(cc1)-c1[nH]c2c(ccc(F)c2)c1[C@@H]1C[NH2+]CC[C@@H]1F,5.795880017
C[C@H]1[C@H](Oc2ccccc2S1(=O)=O)c1ccc(OCCCN2CCCC2)cc1,6.397940009
O(CC[NH2+]C[C@@H](O)COC=1[C@H]2C(=Nc3c2cccc3)C=CC=1)c1ccccc1OC,4.982132281
CC(C)(C)NCc1ccc(Nc2ccnc3cc(Cl)ccc23)cc1O,5.124938737
CN(C)c1ccc(C(=O)N(CC(=O)NC2CCCCC2)Cc2ccc(C(=O)NO)cc2)cc1,4.282999759
Cc1cc(C)nc(n1)N1C[C@@H]2CN(C[C@@H]2C1)C(=O)c1ccccc1-c1ncn[nH]1,5
C([C@H]1C[C@H](C1)c1ccc(CN2CCCC2)cc1)N1CCOCC1,3.522878745
COc1cccc(c1)C(NC1CCC(C(C1)(C)C)C(=O)N1CCC(CC1)(c1ccccc1)C(=O)N1CCCC1)C,5
Fc1ccc(cc1)N1C[C@@]2(CC[C@@H](CC2)c2nc3ccc(OC(F)(F)F)cc3[nH]2)OC1=O,6.100015437
Cc1nc2ccccc2n1C1CC2CCC(C1)N2CCC1(CCN(CC1)C(=O)c1cccc(c1)C(N)=O)c1ccccc1,4.600326279
CC(=O)NCCc1ccccc1c1ccc(c(c1)Cl)[C@H]1CNCC[C@H]1c1ccc(c(c1)F)F,5.958607315
CCN(C(=O)c1cccc(c1Cl)Cl)C1CNCC1,4.698970004
CC(N1[C@H]2CC[C@@H]1C[C@H](C2)Oc1cccc(c1)C(N)=O)c1ccccc1,9
COc1ccc2ncc(O)c(CCC34CCC(CC3)(CO4)NCc3ccc4OCC(=O)Nc4n3)c2n1,5.707743929
N[C@@H](CC(=O)N1Cc2ccccc2NC(=O)C1)[C@H]1CCc2cc(F)c(F)cc12,4.698970004
O1CCN(CC1)CCCNC(=O)c1ccccc1OCC,6.739928612
Fc1ccc(NC(=O)N2CCN(C[C@@H]3CCCN(C3)C3CC3)CC2)cc1Cl,4.853871964
O=C1CN(CCN1c1ccc(cc1)OC1CCN(CC1)C1CCCC1)C(=O)c1cccc(c1)S(=O)(=O)C,4.200659451
CC1(C)Oc2c(CN3CCC4(CC3)CCN(CC4)C(=O)c3ccnc(N)c3)cccc2C=C1,4.420216403
[O-][N+](=O)c1ccc(CCN2CCNCC2)cc1,6.721246399
CN[C@@H]1CCN(C1)c1ccc(cn1)-n1ncc2cc(sc2c1=O)-c1ccc(cc1)C(F)(F)F,5.744727495
CCCNC(=O)N1CCN(c2cnc3cc(C(F)(F)F)cc(NCc4cccc([N+](=O)[O-])c4)c3c2)CC1,5.89279003
CC(C)c1ccc(NC(=O)c2cccc(c2)-c2nn([C@@H]3CCCN(C3)C(=O)C=C)c3ncnc(N)c23)cc1,5.958607315
Cn1c(CCCCN2CC3[C@@](C2)(C3)c2ccc(cc2)C(F)(F)F)nnc1C(C)(C)C,5.400116928
C[C@@H]1CCCN1CCc1ccc2nc(ccc2c1)-c1cnc(s1)-c1ccccc1,5.866461092
N#C[C@H]1C[C@@H](O)CC[C@@H]1n1cc(C(N)=O)c(Nc2ccc(Cl)cc2)n1,4.585026652
CN=C1SN(C(=N1)c2ccccc2)c3ccccc3,4.94000137
COc1cc(ccc1-n1cnc(C)c1)-c1cn(nn1)[C@H]1C[C@H](CCN(CC(F)(F)F)C1=O)c1ccccc1,5.657577319
O=C1OCC2(N1)CCN(CC2)c1ccc(cn1)C(=O)Nc1cc(ccc1N)c1cccs1,4.522878745
CN(C)c1ccc(-c2cc3nccnc3c(NCCCCN)n2)cn1,4.400000186
CC#CCn1c(N2CCCC(C2)N)c(c2c1c(=O)n(CC(=O)c1cccc(c1)OC)c(=O)n2C)C#N,4.886056648
COCc1cnc(N2CCC([C@H]3C[C@H]3CCOc3ccc(CC(=O)N4CCC4)c(F)c3)CC2)nc1,4.721246399
NC1(CCN(CC1)c1ncnc2[nH]ccc12)C(=O)NC(CCCN1CCCC1)c1ccc(Cl)cc1,4
ONC(=O)\C=C\c1ccc(CNCCc2c(nn3ccccc23)-c2ccccc2)cc1,4.982966661
CC(=O)N1CCC(CC1)c1cc(C)c(cc1C(F)(F)F)C(=O)NC(N)=N,5.15490196
NC(=O)[C@@H]1CC[C@H](c2cccc(Oc3ccccc3)c2)N1,4.200000237
Cc1cc(C2C[C@H]3[C@@H](CF)SC(N)=N[C@@]3(c3ccc(F)cc3F)CO2)on1,5.677780705
NC1=NC2(CO1)c1cc(ccc1OCC21CC1)-c1cccnc1F,5
Oc1ccc2c(c1)sc(c2C(=O)c1ccc(cc1)OCCN1CCCCC1)c1ccc(cc1)O,5.958607315
CN[C@H]1CC[C@H](CC1)N1CCc2ccc(cc12)N=C(N)c1cccs1,4.886056648
CC(C)c1ncc(s1)[C@@H]1CC[C@@H](CC1)N1CC(C1)NC(=O)CNc1nn(C)c2ccc(cc12)C(F)(F)F,4.769551079
CCCCCCCN(CC)CC#CC(c1ccccc1)c1ccccc1,6.698970004
Cc1cc(cc(Nc2cc(N[C@@H]3CCCC[C@@H]3N)cnc2C(N)=O)n1)C(C)(C)O,5.187086643
O=C(NC1CCc2ccccc2CC1)N1CCC(CC1)c1nc(no1)-c1ccccn1,4.602059991
CN(C(=O)c1ccc(cc1)n1c(C)nc2c1cccc2)C1CCN(C1)C1CCCC1,5.638272164
Cc1ccc2c(cccc2n1)-c1nnc(SCCCN2CC3CC3(C2)c2ccc(cc2)C(C)(C)C)n1C,6.599980365
Cc1ncoc1-c1nnc(SCCN2CC[C@]3(C[C@@H]3c3ccc(C(F)(F)F)cc3)C2)n1C,6.280006174
Cc1nc(Nc2cc(N[C@@H]3CCCC[C@@H]3N)nnc2C(N)=O)ccc1F,4.801342913
Oc1ccc(c(c1)O)c1oc2cc(O)cc(c2c(=O)c1O)O,3.954677021
O=S(=O)(Nc1ccc(CCNC[C@H](O)c2cccnc2)cc1)c1ccc(-c2nc(-c3ccc(C(F)(F)F)cc3)cs2)cc1,6.657577319
COc1cccc(c1N1CCCC(C1)N)/C=C\1/SC(=O)NC1=O,4.522878745
CNCc1cc(ccc1Oc1ccc(Cl)c(Cl)c1)C(N)=O,5.26760624
CC(C)N1Cc2cc(ccc2C1=O)-c1onc(c1C)-c1ccc(F)cc1F,5.974694135
OCc1nc2ccccc2n1Cc1ccc(Cl)cc1,4.522878745
O(C)c1cc(N[C@@H](CCCN)C)c2ncccc2c1,4.66756154
Cn1cc(Nc2nc(N)nc(-c3cccc(-n4ccc5cc(C6CC6)cc(F)c5c4=O)c3CO)n2)cn1,4.619788758
O[C@]1(CC[C@@H](CC1)N[C@H]1CCN(C1)C(=O)CNC(=O)c1cccc(c1)C(F)(F)F)c1ccc(cn1)-c1nccs1,4.522878745
COc1ccc(-n2cc3nc(-c4ccccc4C)n(CC4CCCN(C(C)C)C4)c(=O)c3n2)cc1,4.958607315
C[n+]1c(CCCOc2cccc(Cl)c2)cccc1CCCOc1cccc(Cl)c1,7.22184875
O=C(c1cccc(c1Cl)Cl)N(C1CCOCC1)C1CCNC1,4.397940009
Fc1ccc(-c2cnn(Cc3cc[nH]n3)c2)cc1OC(F)F,3.869666232
CC(C)N(CC[C@H](c1ccccc1)c1cc(C)ccc1O)C(C)C,8.017728767
Clc1ccc(cc1)C(=O)N1CCC2(CCN(Cc3cccc(Oc4ccccc4)c3)CC2)CC1,6.455931956
Cn1cnc(c1)C(=O)N(C1CC2C(C1)CNC2)Cc1ccc(c(c1)C(F)(F)F)F,5.363512104
FC(F)(F)c1cccc(c1)N1CCN(CCN2Cc3ccccc3C2)C1=O,6.102372909
Cn1cc(-c2cc3nccnc3c(OCC3CNCCC3(F)F)n2)cn1,4.599999383
Cc1cc(nnc1NCCN2CCOCC2)c3ccccc3,4.969999718
CN(CCCC1(c2ccccc2)C(=NN2C1COc1c2cc(cc1)Cl)C(=O)C)C,5.698970004
O=C(C1(N)CCCN(C1)c1ncnc2c1cc[nH]2)NC(c1cccnc1)C,4.477555766
c1nn(cc1-c1ccnc2ccccc12)-c1ccccc1,5.602059991
COc1cccc2c1O[C@@H]([C@@H](C)S2(=O)=O)c1ccc(OCCCN2CCCC2)cc1,5.207608311
C1Oc2ccccc2-n2cnc(C#Cc3ccccc3)c12,6
ONC(=O)C=Cc1ccc(cc1)CN(C(C)C)CCc1c(C)nn2c1cccc2,4.998699067
CC(C)n1nc(C(=O)NCC2CCN(CCN3CCOCC3)CC2)c2ccccc21.Cl.Cl,4.488116639
Clc1ccc(cc1Cl)C12CC1CNC2,5.301029996
Fc1ccc(c(c1)F)C(=O)N1CCN(C(=O)C1)c1ccc(cc1)OCCCN1CCCCC1,4.200659451
Cc1[nH]c2ccccc2c1C1CCCN(Cc2ccc(\C=C\C(=O)NO)cc2)C1,4.559090918
Clc1ccc(NC(=O)N2CCN(C[C@@H]3CCCN(CC4CC4)C3)CC2)cc1Cl,6.045757491
Cc1ccc(Nc2nc(N[C@@H]3CCOC[C@@H]3N)ncc2C(N)=O)cc1,4.700000504
C[C@@H]1CCCN1CCc1ccc2nc(ccc2c1)-c1sc(nc1C)-c1ccncc1,5.318758763
CN(C)c1ccc(CNC(=O)[C@@H]2CNC[C@H]2c2ccc(C(F)(F)F)c(F)c2)cc1,5.068542129
O=C(Cc1ccc(nc1)-n1cnnn1)N1CCN2C[C@@H](OC[C@H]2C1)c1ccc2C(=O)OCCc2c1,4.381951903
OC(CN(Cc1ccccc1O)CCc1ccc(c(c1)Cl)Cl)COc1ccc(cc1)NS(=O)(=O)C,6.080921908
NC(=O)Nc1sc(cc1C(=O)NC1CCCNC1)c1ccccc1,4.508638306
COc1cc2CCN(C)[C@@H](C[C@H](O)c3ccc(Cl)cc3)c2cc1OC,6.397940009
CNCCCCOc1ccccc1Cc2ccccc2,5.239999953
Fc1ccc(c(NP(=O)(c2ccccc2)c2ccccc2)c1)-n1cccn1,4.48148606
Cc1c(-c2ccc(C(N)=O)c3[nH]c4cc(C(C)(C)O)ccc4c23)cccc1-n1cnc2ccccc2c1=O,5
COCC(=O)N1CCC(CC1)c1ccc(cc1C(F)(F)F)C(=O)NC(N)=N,4.522878745
N#Cc1ccc2cc1Oc1ccc3c(c1)c(ccc3)N1CC[C@@H](N(Cc3n(C2)cnc3)C)C1=O,5.356547324
Clc1cc2c(n(cc2C=2CC[NH+](CC=2)CCN2CCNC2=O)-c2ccc(F)cc2)cc1,5
OCCN1CCC2(C1)CCN(CC2)c1ccc(cn1)C(=O)Nc1cc(ccc1N)c1cccs1,5.187086643
CN(C)CCC(NC(=O)C1(N)CCN(CC1)c1ncnc2[nH]ccc12)c1ccc(Cl)cc1,4
OCc1ccc(cn1)-c1cccc2OC[C@H](Cc12)NC(=O)c1ccc(OCC(F)(F)F)nc1,5
Cc1ccc(cc1)CCN1CCC(CC1)C(=O)c1ccc(cc1)Cl,7.142667504
CC(=O)N1CCc2c(C1)sc(n2)c1ccc(cc1)OC1CC(C1)N1CCCCC1,4.698970004
N#Cc1ccc2c(c1)c(nnc2N1CCC2(CC1)CC(C2)O)NCc1ccc(c(c1)Cl)OC,7.397940009
Cc1nc([C@@]2(c3cnn(C)c3)N[C@@H](c3nc(-c4ccccn4)c[nH]3)Cc3c2[nH]c2ccccc32)no1,5.310247304
Cn1nc(NCC(=O)NC2CN(C2)[C@H]2CC[C@H](CC2)c2nccs2)c2cc(ccc12)C(F)(F)F,4.568636236
Clc1ccc2N=c3ccccc3=C(Nc2c1)N1CCNCC1,5.346787486
NC1CN(CCC1c1cc(F)c(cc1F)F)c1ccc2n(n1)ccc(=O)n2,4
COc1cccc2c1n1CCN(Cc1c2)CCCCN1CCn2c(C1=O)cc1c2cccc1,6.585026652
NC1CN(CC1c1cc(F)c(cc1F)F)c1ccc(cn1)n1ccc(cc1=O)OCc1ccccc1,5.214670165
CC1CNCCN1c1ccc(=O)n(n1)CCOc1ccccc1C(F)(F)F,5.431798276
C1CC(CCN1)C1N[C@H](Cc2c1[nH]c1ccccc21)c1nc(c[nH]1)-c1ccccc1,5.292429824
Cn1cc2cc(ccc2n1)-c1ccc2OCC3(CC3)C3(COC(N)=N3)c2c1,5
CCS(=O)(=O)c1cc2cc(C[C@](O)(CC(C)(C)c3ccccc3C(N)=O)C(F)(F)F)[nH]c2cn1,4.522878745
FC(F)(F)c1ccc2onc(NCC(=O)NC3CN(C3)[C@H]3CC[C@H](CC3)c3nccs3)c2c1,9
COc1cnc2ccc(=O)n(CCN3CCN(CC3)c3nc4cc(C#N)c(C)cc4[nH]3)c2c1,4.48148606
CCOC(=O)C1CCN(CCOc2ccc(cc2)S(=O)(=O)NC(=O)Nc2ccccc2)CC1,4
ONC(=O)C=Cc1ccc(cc1)CN(C(C)C)CCc1c(CC)nn2c1cccc2,5.123782159
OC(=O)c1ccc(NC(=O)[C@H](C2CCCCC2)n2c(nc3cc(F)c(F)cc23)-c2ccc(Cl)cc2)c(Cl)c1,5.107905397
CC(C)c1cc(cc2nc(oc12)-c1ccc(cc1)C(=O)NC[C@@]1(C)CN(C(=O)O1)c1ccc(cn1)-c1ccccc1OC(F)(F)F)C#N,4.522878745
CC(C)(C)NC(=O)C1N(Cc2ccccc2-c2ccc(F)cc2)C(=O)c2ccccc12,4.251811973
COc1cc(-c2cn(C3CCc4ccccc4NC3=O)nn2)ccc1-n1cnc(C)c1,4.754487332
NC(=O)c1cccc(O[C@H]2C[C@@H]3CC[C@H](C2)N3Cc2ccncc2)c1,9
CCc1c(Nc2ncc(Cl)c(-c3cnn4ccccc34)n2)cnn1C1CCN(C(C)=O)CC1,4.769551079
O=C1C(COCc2ccccc2)OC2(CCN(CCc3ccccc3)CC2)CN1c1ccccc1,7
CCN(C1CCN(CCC(N2CCN(CC2)S(C)(=O)=O)c2ccccc2)CC1)C(=O)Cc1ccc(cc1)S(C)(=O)=O,4.602059991
CN1CCC(Cn2nc(-c3ccc4cc(OC5CC5)ccc4c3)c3c(N)ncnc32)CC1,6.431798276
CC1(OC(=O)N2CCC([C@H]3C[C@H]3CCOc3ccc(CC(=O)N4CCC4)c(F)c3)CC2)CC1,4.638272164
N#Cc1ccc(cc1)C(=O)N1CCN(C(=O)C1)c1ccc(cc1)OCCCN1CCCC1C,4.200659451
Fc1cccc(c1)C1(CCN2[C@@H]3CC[C@@H]2C[C@@H](C3)n2c(C)nc3c2cccc3)CCN(CC1)C(=O)c1ccc(c(c1F)NS(=O)(=O)C)F,4.440093375
COc1ccc2c(c1)[C@@H]1C[C@]1(C(=O)N1C3CCC1CN(C)C3)Cn1c-2c(C2CCCCC2)c2ccc(C(=O)NS(=O)(=O)C(C)C)cc21,4.388276692
O=C(C1CCC1)NC(c1ccccc1)CC(N1CCC(CC1)n1cc([nH]c1=O)c1ccccc1)C,8.327902142
FC(F)(F)Oc1ccc(cc1)S(=O)(=O)Nc1ccc(cc1)[C@@]12C[C@@H]1CNC2,5
COc1cnc2ccc(=O)n(CCN3CCC(CC3)NCc3cnc(C)c(c3)C#N)c2c1,4.295849483
NC(=Nc1scc(n1)CSCC/C(=N\S(=O)(=O)N)/N)N,4.301029996
O=C1OCc2nc(CCN3CCN(C(=O)Cc4ccc(-n5cnnn5)cc4)CC3)ccc21,4.585026652
CCCc1nc(Nc2cc(N[C@@H]3CCCC[C@@H]3N)nnc2C(N)=O)ccc1OC,5.399996913
O=C1NCCN(CC1)CCCC1(c2ccccc2)C(=NN2C1COc1c2cc(cc1)F)C(=O)C,4.769551079
Cl.Cn1cc2c(OCC3CCN(CCc4ccc(N)cc4)CC3)nc3ccccc3c2c1,7.301029996
CCN1CC2C(C1)(C2)c1ccc(cc1)NS(=O)(=O)c1ccc(cc1)C(C)C,5.886056648
S1c2ccccc2N(CC[N+](C)C)C(=O)[C@H](OC(=O)C)[C@@H]1(c1ccc(OC)cc1),4.761953897
O=C(CC(C(F)(F)F)(C(F)(F)F)O)NC1CC(C)(C)Oc2c1cc(c1ccc(cc1)Cl)c(n2)c1ccc(cc1Cl)Cl,4.522878745
CC(C)N1CCC[C@H](Cn2c(C)nc3ncc(Oc4ccc(Br)cc4F)cc3c2=O)C1,5.886090056
COC1COCCC1N[C@@H]1C[C@H]2CN(C(=O)/C=C/c3ccccc3)C[C@@]2(C(=O)N2CCc3ncc(C(F)(F)F)cc3C2)C1,4.617982957
c1cc(F)cc(c12)CC[C@]([C@H]2C(C)C)(OC(=O)COC)CC[N@@H+](C)CCCc(n3)[nH]c(c34)cccc4,5.84001195
CC1(C)CCc2cc(ccc2O1)S(=O)(=O)N(CC(O)=O)C1(CCC1)c1cccc(c1)-c1cc(Cl)cc(Cl)c1,4.397940009
NC1=NC2(CO1)c1cc(NC(=O)c3ncc(Br)cn3)ccc1OCC21CC1,5
CC(C)NC(C(=O)N[C@](Cc1ccccc1)(c1ccc(F)cc1)c1cc(F)cc(C(F)(F)F)c1)C(O)(C(F)(F)F)C(F)(F)F,4.200659451
FC(F)(F)c1cccc(NC(=O)NS(=O)(=O)c2ccc(OCCCN3CCCC3)cc2)c1,4
CCCCN(CCCC)C[C@@H](O)c1cc(Cl)cc2c1-c1ccc(Cl)cc1\C2=C/c1ccc(Cl)cc1,5.090000276
Clc1ccc(cc1Cl)[C@@]12CNCC2CCCC1,5.438898616
Cc1cc(nc(n1)C#N)N1CCC(CC1)C1CCN(CC1)c1ncc(Cl)cn1,6.557520231
CCN1CCN(Cc2ccc(Nc3ncc(F)c(-c4cc(F)c5nc6n(c5c4)C(C)(C)CC6)n3)nc2)CC1,5.195179321
CC(=O)N1N=C(C[C@@]1(CCCN1CCN(CC1)C(C)=O)c1ccccc1)c1cc(F)ccc1F,4.522878745
CC(=O)N1CCN(Cc2ccc3C[C@H](CCc3c2)N2CCN(CCc3ccc(F)cc3)CC2=O)CC1,4.602059991
Cc1cccc2c1nc(-c1ccc(OC3CCN(CC3)C3CCC3)cc1)n(C)c2=O,5.698970004
Clc1ccccc1C(=O)N(CC1CCC1)[C@H]1CCNC1,4.698970004
Clc1ccc(Cc2nn(C[C@H]3CCCN3CCCCc3ccc(OCCCN4CCCCCC4)cc3)c(=O)c3ccccc23)cc1,7.300162274
CCCCCOC(=O)N1CCN(CC1)C(=O)C(NC(=O)c1cc(cc(n1)c1ccccc1)N1CCC(CC1)C(=O)N1CCCC1)CCC(=O)O,4.045757491
CCCCC1(CCCN1)C(=O)c1ccc2c(c1)cn[nH]2,5
CC(C)(N)C(=O)N1CCn2c(C1)nc(c2Nc1ccc(F)cc1)-c1cccc(F)c1,5.244125144
COCCC(C1C(NC(=O)c2cc3c([nH]2)c(c(s3)Cl)Cl)Cc2c1cccc2)C(=O)O,4.522878745
NC(=O)c1cccc(c1)OC1CC2CCC(C1)N2Cc1ccc2c(c1)OCO2,6.207608311
Fc1ccc(CCN2C(C(=O)NCc3ccc(OC(F)(F)F)cc3)c3ccccc3C2=O)nc1,5.27572413
CCN(CCOCCOC(=O)C1(CCCC1)c1ccccc1)CC,5.522878745
FC(F)CN1C[C@@H]([C@H](C1)C(=O)Nc1ccc(cc1F)-n1ccccc1=O)C(=O)Nc1ccc(Cl)cn1,5
Cn1c(=O)sc2ccc(-c3ccc(C[C@@H](C#N)NC(=O)[C@@H]4CNCCCO4)cc3)cc21,4.638272164
CC1COc2c(O1)cnc(c2)CNC12CCC(CC1)(OC2)CC1(O)Cn2c3c1c(F)cnc3ccc2=O,4.22184875
CC(C)(C)c1cc(cc(c1)C(C)(C)C)C(=O)NCC1CCN(C1)C(=O)CCCCC(c1ccc(F)cc1)c1ccc(F)cc1,5.552841969
CCC(CC)N[C@@H]1C[C@H]2CCC[C@]2(C1)C(=O)N1CCc2ncc(cc2C1)C(F)(F)F,4.301029996
CCCOc1ccc(cc1N)C(=O)OCCN(CC)CC,5.599997654
O(C[C@H](O)C[NH2+]CCC)c1ccccc1C(=O)CCc1ccccc1,6.356547324
COc1ccc2nccc(CC[C@H]3OC[C@H](NCc4cc5c(cn4)OCCO5)CO3)c2c1,5.022276395
Cc1ccc(Cc2ccnc(COc3ccc(C)cc3)c2)cc1,9
O=C(Nc1ccc(cc1C1=CCCCC1)C1CCN(Cc2ccccn2)CC1)c1ncc([nH]1)C#N,5.113509275
Clc1ccc(c(c1)Cl)c1nc(nc2c1CNC(=O)N2c1c(Cl)cccc1Cl)N1CCN(CC1)C(C)C,6.698970004
CC1(C)Oc2ccc(NC(=O)c3ccc(cn3)C#N)cc2C2(COC(N)=N2)C11COC1,5
OC(=O)c1ccccc1CN1CCC(CN2CCC(CC2)Oc2ccc(Cl)c(Cl)c2)CC1,4.900001867
CC(Oc1ccc(S(C)(=O)=O)cc1C(=O)N1CCN(c2ncc(C(F)(F)F)cc2F)CC1)C(F)(F)F,4.698970004
CC1CCCN1CCCOc1ccc(cc1)c1ccc(=O)n(n1)C,4.886056648
CCN(CC)C(=O)c1ccc(cc1)C(=C1CCNCC1)c1ccccn1,4.48148606
Nc1nc2ccc(cc2n1CC(O)c1ccc(cc1Cl)C(F)(F)F)C(F)(F)F,4.978810701
COC1COCCC1NC1CCC(C1)(C(C)C)C(=O)N1CCN(CC1)c1ccnc(n1)C(F)(F)F,4.444905551
O=C1O[C@@]2(CN1c1ccccc1)CC[C@@H](CC2)c1nc2ccc(cc2[nH]1)C#N,5
O=C(Nc1ccccn1)[C@H](CN1CC(O)C1)Oc1ncnc2c1cnn2-c1c(F)cccc1Cl,4.100000128
O[C@]1(CC[C@@H](CC1)N[C@H]1CCN(C1)C(=O)CNC(=O)c1cccc(c1)C(F)(F)F)c1ccc(cn1)-c1cnccn1,4.522878745
Oc1ccccc1CC(c1ccccc1)N1CCNCC1,5
Clc1cccc(c1Cl)N1CCN(CC1)CCCCN1CCn2c(C1=O)cc1c2cccc1,6.698970004
CC1=CC(=O)c2ccccc2C1=O,4.420000453
O.OS(O)(=O)=O.C[C@@H](N1CCc2nc(sc2C1)-c1cncnc1)[C@](O)(Cn1cncn1)c1ccc(F)cc1F,4.397940009
N#Cc1cnccc1COc1cnc(N2CCN(C(=O)OCC(F)(F)F)CC2)nc1,5
Cc1n[nH]c(C)c1C(=O)N[C@@H]1CC(C)(C)Oc2nc(-c3ccc(Cl)cc3Cl)c(cc12)-c1ccc(Cl)cc1,5.795880017
Cn1c(SCCCN2C[C@@H]3[C@](C2)(C3)c2ccc(c(c2)Cl)Cl)nnc1c1ocnc1C,6
[NH+]1(C[C@H](CCC1)c1c2c([nH]c1-c1ccccc1)cccc2)Cc1ccccc1,6.537602002
O=c1n(Cc2ccccc2)c(nc2ccccc12)-c1ccc(OCCCN2CCCCC2)cc1,6.769551079
Fc1ccccc1C(=O)Nc1ccc(cc1)-c1nnc(NCCCN2CCCCC2)o1,5.102372909
CCc1nc2c3CCN(CCCSc4nnc(-c5ocnc5C)n4C)CCc3ccc2o1,5.301029996
CCCCCOc1cccc(CCNCC(=O)N(C)C)c1.Cl,5.744727495
NC(=O)c1ccc(N[C@H]2CCCNC2)c2cc(-c3ccc(Cl)cc3)[nH]c12,5.387216143
COc1cc(ccc1c1nnn(c1)[C@@H]1CCc2c(N(C1=O)CC(F)(F)F)cccc2F)n1cnc(c1)C,5.657577319
CC[C@@H]1CN2CCc3c([C@H]2C[C@H]1C[C@@H]1NCCc2c1cc(OC)c(c2)OC)cc(c(c3)OC)OC,4.669586227
COc1ccc(-c2cc3c(N[C@@H]4CC[C@](C)(N)C4(C)C)c(C(N)=O)cnn3c2)cn1,5.522878745
Cc1cccc(Nc2nc(NCCN)ncc2C(N)=O)c1,5.699991797
CC(C)(C)NC(=O)NCCN1CCC(O)(CNC(=O)c2cc(Cl)cc(Cl)c2)CC1,4.48148606
CN(c1ccc(-c2cc3ccccc3s2)nn1)C1CC(C)(C)NC(C)(C)C1,6.958607315
COc1ccccc1Oc1cccc(CN2CCC3(CC2)CCN(C(=O)c2ccc(Cl)cc2)CC3)c1,7
CO[C@@H]1CN(CCn2c3cc(OC)ccc3ncc2=O)CC[C@H]1NCc1ccc2OCC(=O)Nc2n1,4.568636236
CNCCOc1ccc(cc1)/C(=C(\c1ccccc1)/CC)/c1ccc(cc1)O,5.795880017
COc1ccc(cc1)-c1nnc(o1)C(=O)N1CCC(CC1)Oc1ccc(CN2CCCC2)cc1,4.958607315
Clc1ccc2c(c1)C1(NC(C)Cc3c1[nH]c1c3cccc1)C(=O)N2,4.522878745
COc1cc(F)ccc1-c1cncc(CNC(=O)C2CCC2)c1,4.730487056
CC(C(O)c1ccc2NC(=O)N(C)Cc2c1)N1CCC(O)(CC1)c1ccc(F)cc1,5.508638306
Cc1cc(ccc1[C@@]12CN(C[C@H]2C1)CCCSc1nnc(n1C)c1ocnc1C)C(F)(F)F,6.397940009
COc1ccc(cc1)c1noc(n1)C1=CC2(c3c1cccc3)CCN(CC2)CCS(=O)(=O)N,4.477555766
FC(F)Oc1ccc(cc1OC(C)C)[C@@H](C=1C=C[C@@H](NC=1)C(O)(C)C)c1ccc[n+]([O-])c1,4.349692477
CCCCNc1ncc2c(n1)n(CC1CCC(CC1)N)nc2c1ccc(cc1)F,5.769551079
CCN(CC)C(=O)c1ccc(cc1)C(=C1CCN(Cc2cscn2)CC1)c1ccccn1,4.795880017
COc1cnc2ccc(=O)n(CCN3CCC(CC3)c3nc4cc(Cl)ccc4[nH]3)c2c1,6
Fc1ccc(c(c1)C(C[C@](C(F)(F)F)(Cc1cc2c([nH]1)cncn2)O)(C)C)C,5.420216403
CCCC1(CCCN1)C(=O)c1cc(F)c2[nH]ccc2c1,5.229147988
Cc1ccccc1[C@H]1CCN(C[C@H]2C[C@H](O)c3ncccc3C2)C[C@@H]1O,4.301029996
Fc1cccc(c1)CN1CCC(CC1)NC(=O)C1=CC(=O)c2c(C1)cc(cc2)F,4.673664139
O=C1COc2ccc(CNC3CCN(CCN4C(=O)COc5ccc(cc45)-c4ccco4)CC3)nc2N1,5.886056648
Cc1cc(-n2cc3c(n2)CN(C(=O)c2cc(C#N)ccc2N2CCC(F)(F)CC2)C3)ccn1,5.161150909
S1[C@@H](NC=C1[C@H](c1cc(OC(C)C)c(OC(F)F)cc1)c1ccc[n+]([O-])c1)C(O)(C(F)(F)F)C(F)(F)F,4.408935393
Cc1ccc2c(c1)nc(C)n(-c1ccc(OCCCN3CCCC3)cc1)c2=O,5.173925197
CCN(C1CCN(CCC(N2CCN(CC2)c2cccc(F)c2)c2ccccc2)CC1)C(=O)Cc1ccc(cc1)S(C)(=O)=O,5.494850022
COc1cccc2c1OC(c1ccc(cc1)OCCCN1CCCC(C1)C)C(S2(=O)=O)C,5.602059991
CC(=O)Nc1nc(C)c(-c2cc3c(c(NS(C)(=O)=O)c2)C(=O)N([C@@H](C)C2CC2)C3)s1,4.700000504
CCCCOc1cc(ccc1N)C(=O)OCCN(CC)CC,5.740000205
S1c2c(N(c3c1cccc3)C[C@H](CN(C)C)C)cc(cc2)C#N,6.060480747
Cc1ccc2c(cccc2n1)-c1nnc(SCCCN2C[C@@H]3C[C@@]3(C2)c2ccc(cc2)C(F)(F)F)n1C,6.301029996
C[C@H](NC(=O)c1c(CN2CCC(N3CCCCC3)CC2)c(-c2cccc(C(F)(F)F)c2)nc2ccccc12)c1ccccc1,5.920818754
CC(C)N(C)[C@@H]1CC[C@@H]([C@H](CS(=O)(=O)C(C)(C)C)C1)N1CC[C@H](NC(=O)c2cccc(c2)C(F)(F)F)C1=O,4.096910013
N#C/N=C(/NCCSCc1nc[nH]c1C)\NC,3
Cc1nn2c(c1)[C@](N=C2N)(c1cccc(c1)c1cncnc1)c1ccccc1,5.065501549
O=C(NC1CN(C1)C1CCC(CC1)(O)c1cnc(s1)C)CNc1ncnc2c1cc(cc2)C(F)(F)F,4.301029996
O[C@@]1(CC23CCC(CC2)(CO3)NCOc2cc(F)ccc2F)Cn2c3c1c(F)cnc3ccc2=O,7.193820026
CC1(c2cccc(-c3cncnc3)c2)N=C(N)c2ccccc2O1,5.244125144
CCCCOc1ccc(cc1)C(=O)CCN2CCCCC2,5.690008071
n1ccccc1N(CC[NH+](C)C)Cc2ccc(cc2)OC,5.959991364
COc1cc(/C=C/c2nc3cc(C(F)(F)F)ccc3c(=O)[nH]2)ccc1-n1cnc(C)c1,6.060480747
[NH+](CC\C=C/1\c2c(CCc3c\1cccc3)cccc2)(C)C,5
Cc1cnc(NC(=O)[C@H](CN2CC(O)C2)Oc2ncnc3c2cnn3-c2c(Cl)cccc2Cl)cn1,4.207608311
Cc1nc2c(s1)CC[C@H]2C(=O)Nc1ccc(C[C@@H]2CC[C@H]([C@H](O)c3cccnc3)N2)cc1,4.920818754
COc1c(cc(cc1C(C)(C)C)C(=O)N1CCN(CCCCCC(c2ccc(F)cc2)c2ccc(F)cc2)CC1)C(C)(C)C,6.180456064
NC(=O)n1nc(NCC(=O)NC2CN(C2)[C@H]2CC[C@H](CC2)c2nccs2)c2cc(ccc12)C(F)(F)F,4.508638306
C1CCC(CC1)C1N[C@H](Cc2c1[nH]c1ccccc21)c1nc(c[nH]1)-c1cccnc1,6.721246399
Cc1ncoc1-c1nnc(SCCCN2CC3CC3(C2)c2ccc(Cl)c(Cl)c2)n1C,6.079198618
COc1cccc(CCN(C)CCN2CCN(C2=O)c2cccc(Cl)c2)c1,6.22184875
COc1cnc(nc1NCc1ccc(F)cc1C(F)(F)F)-c1ccccn1,4.602059991
CC(C)C(Cn1ccnc1)NC(=O)NC1CCN(Cc2ccn(c2)-c2ccc(cc2)C(F)(F)F)CC1,4.679853714
Cc1c(Cl)ccc(OC2CCN(C[C@H](O)CNC(=O)c3cn[nH]c3C(F)(F)F)CC2)c1Cl,5.699991797
O=C(C(C(F)(F)F)O)NC1CC(C)(C)Oc2c1cc(c1ccc(cc1)Cl)c(n2)c1ccc(cc1Cl)Cl,6.585026652
O=C1c2c(cccc2)C(=O)C(C)=C1C\C=C(\CCC[C@@H](CCC[C@@H](CCCC(C)C)C)C)/C,5.240332155
Oc1ccc(cc1F)[C@@]1(O)CC[C@@H](CC1)NC(=O)CCc1ccccc1,4.522878745
C[C@@H](O)CN(CCc1ccc(Cl)cc1)C1CCN(c2nc(N)n[nH]2)CC1,5.214670165
Clc1ccccc1OC1CCN(CC1)S(=O)(=O)c1ccc2c(c1)CCNCC2,5.537602002
C[C@@H]1CCCN1CCc1ccc2nc(ccc2c1)-c1cnn(c1C)-c1ccc(Cl)c(Cl)c1,6.22184875
N#Cc1cc(C(C)C)c2c(c1)nc(o2)c1ccc(cc1)C(=O)NCC1CCC(CC1)c1ccc(cc1)C(F)(F)F,4.522878745
COc1cc(\C=C\c2nc(NCc3ccccc3)c3c4CCCc4sc3n2)ccc1-n1cnc(C)c1,5.958607315
OC(C(N1CCCCC1)c1ccccc1)(c1cccnc1)c1cccnc1,4.853871964
CC(C)c1cc(cc2nc(oc12)-c1ccc(cc1)C(=O)NC[C@H]1CC[C@@H](CC1)c1ccc(cc1)C(C)(C)C)C#N,4.522878745
CC(C)c1cc(cc2nc(oc12)-c1ccc(cc1)C(=O)NC[C@H]1CC[C@H](CC1)c1ccc(cc1)C(C)(C)C)C#N,4.522878745
Fc1ccc2c(c1)onc2C1CCN(CC1)CCCNS(=O)(=O)c1cnc2n1cccc2,4.698970004
CCNC(=O)c1ccc(cc1)-c1ccc2C(=O)N(CCN3CCCC3)CCc2c1,4.795880017
CC(c1ccc(cc1)S(=O)(=O)Cc1ccc(cc1)C12CNCC2C1)C,5.886056648
N#Cc1ccc(cc1)N1N=C(CC1c1ccc(cc1)F)c1ccc2c(c1)oc(=O)[nH]2,7.537602002
COc1cnc(O[C@@H]2C[C@@H](C(=O)N[C@]3(C(=O)NS(=O)(=O)C4CC4)C[C@H]3C3CC3)N(C(=O)[C@@H](NC(=O)O[C@H](C)C(F)(F)F)C3CCCCC3)C2)c2cc(Cl)ccc12,4.903089987
COc1cc(\C=C\c2nc(N)c3ccccc3n2)ccc1-n1cnc(C)c1,7
O=C(N1CCC2(CCN(Cc3cccc(Oc4ccccc4)c3)CC2)CC1)c1ccncn1,5.782516056
COc1cc(F)ccc1-c1cncc(CNC2CCCCC2)c1,5.661543506
COCCc1nc(n(c1c1ccc(cc1)Cl)C(C)C)CNC1CCC(C1)F,4.795880017
Cc1cccc2C(=O)N(CCc3ccccn3)C(C(=O)NCc3ccc(OC(F)(F)F)cc3)c12,5.251811973
CCc1cc(Oc2ccc(F)cc2CNC)ccc1Cl,5.341035157
CN(C)c1ccc(-c2cc3nccnc3c(OC[C@@H]3CCCNC3)n2)cn1,4.900001867
O=C1OC2(CN1c1ccccn1)CCC(CC2)c1nc2c([nH]1)cc(cc2)C(F)(F)F,5.397940009
Oc1ccc(cc1)C1CC(=O)c2c(O1)cc(cc2O)O,4.710001025
COc1ccc(Nc2cc(N[C@@H]3CCCC[C@@H]3N)nnc2C(N)=O)nc1C(C)C,5.699991797
Cc1cc(cnc1c1ccc(cc1)C(=O)Nc1ccccc1N)CN1CCC1,4.602059991
CN1[C@H]2CCC[C@@H]1C[C@@H](NC(=O)c1cccc3oc(C4CC4)nc13)C2,6.698970004
CCN1CCC[C@H](C1)C(=O)N1CCN(CC1)C(=O)Nc1ccc(Cl)c(Cl)c1,5.301029996
CN(C(=O)c1ccc(cc1)Cn1c(C)nc2c1cccc2)C1CCN(C1)C1CCC1,4.522878745
C[NH2+]CCCN(c(c12)cccc1)c3c(CC2)cccc3,5.859995049
CC(C)(C)OC(=O)NCCCN(Cc1cncn1Cc1ccc(cc1)C#N)[C@H]1CCN(Cc2ccccc2)C1=O,7
Cc1ncc(cn1)c1cccc2c1CC(CO2)NC(=O)c1ccc(nc1)OCC(F)(F)F,5
Cc1cccc(c1)N=C(N)c1ccc(o1)-c1ccc(Cl)cc1,5.677780705
CC(C)C(=O)N(Cc1ccccc1-c1ccccc1)[C@H]1CCNC1,5.522878745
CC(C)CNc1nc(nc(N2CCOCC2)c1N)C#N,4
Cc1c2CCCN3CCCC[C@@H]3CNc3cc(ccc3C(N)=O)-n2c2CC(C)(C)CC(=O)c12,6.045757491
OCC(CNc1nc(C#N)c(c2c1ccc(c2)OC)c1ccccc1)O,4.823908741
COc1cnc2c(cn(Cc3ncnc(OC)c3C)c2c1)C(=O)NCCO,4.48148606
Nc1ccc(F)cc1NC(=O)c1ccc(CNC(=O)/C=C/c2cccnc2)cc1,4.494850022
C[C@@H]1NC(=N[C@@]1(c1ccc(F)cc1)c1ccc(F)nc1)c1cnccn1,5
FC(F)(F)c1ccc2ncnc(NCC(=O)NC3CN(C3)[C@H]3CC[C@H](CC3)c3ccccn3)c2c1,5.124938737
CS(=O)(=O)c1ccc(cc1Cl)[C@@H](CC1CCCC1)C(=O)Nc1cnccn1,5.13667714
Fc1cccc(c1)[C@@]12CN(C[C@H]2C1)CCCSc1nnc(n1C)c1ocnc1C,5.698970004
[NH2+]([C@@H](Cc1ccccc1)C)CCC(c1ccccc1)c1ccccc1,6.229147988
FC(F)(F)Cc1ccc(CNC(=O)C2N(CCc3ccccn3)C(=O)c3ccccc23)cc1,4.853871964
COc1ccc2c(Oc3ccc(CC(=O)Nc4cn(C)nc4C)c(OC)c3)ccnc2c1,4
COC(=O)c1ccc2OCC(=O)N(CCN3CCC(CC3)NCc3ccc4OCC(=O)Nc4n3)c2c1,4.829738285
Cn1cc(-c2ccc(OC3CCN(C(=O)Cc4ccc(OC(F)(F)F)cc4)CC3)c(C(N)=O)c2)cn1,5.346787486
CCc1n[nH]c(CC)c1Oc1cc(Cl)cc(c1)C#N,4.408935393
O=C(NCC1(CCCC1)N1CCCCC1)N1CCC(CC1)c1nc(no1)-c1ccc2ccccc2n1,5.236572006
CNC(=O)c1c(NCC2CCC3(CCC3)CC2)nc(nc1OCC1CCN(CC1)C(C)=O)C#N,4.522878745
CCN1CCN(c2cc3[nH]c(SC4(C)CCC(NC(=O)OC)C4)nc3cc2Cl)CC1,5.698970004
NC1=NC(c2ccncc2)(c2cccc(-c3cncnc3)c2)c2cccc(F)c21,5.244125144
Oc1ccc2CC3N(CC=C)CCC45C(Oc1c24)C(=NNC(=O)c6ccccc6)CCC35O,6.090016305
CCC(C)N(C)C(=O)c1cc2ccccc2c(n1)c3ccccc3Cl,5.250001023
COc1ncccc1C(=O)N1CCC(C1)NCc1cncn1Cc1ccc(cc1)C#N,4.677780705
COc1ccc(cc1)-c1csc(NC(=O)[C@H]2CCCCN2S(=O)(=O)c2ccc(C)cc2)n1,4.522878745
Cc1ncc(OC[C@]2(C[C@H]2C(=O)Nc2ccc(F)cn2)c2ccc(F)c(F)c2)c(C)n1,5.657577319
Clc1cccc(OC(C2CCNCC2)c2ccccc2)c1Cl,6.045757491
CCN([C@H]1CCNC1)C(=O)c1cccc(Cl)c1Cl,4.698970004
CCNC(=O)N[C@@H](Cc1ccc(c(c1)Cl)Cl)CCN1CC[C@H](CC1)c1c(CC)[nH]c2c1ccc(c2)F,8
Nc1ccc2[nH]ncc2c1,4.36999951
COCCOCC#Cc1cc(cs1)-c1[nH]nc-2c1Cc1cc(CN3CCN(C)CC3)ccc-21,5.036684489
CC[C@H]1OC(=O)[C@@H](C)C(=O)[C@@H](C)[C@@H](O[C@H]2O[C@H](C)C[C@@H]([C@@H]2O)N(C)C)[C@@](C[C@@H](C(=O)[C@H]([C@@H]2[C@@]1(C)OC(=O)N2C1CN(C1)Cc1c(O)cnc2c1nccc2)C)C)(C)OC,4.173925197
CCNC(=O)[C@H]1C[C@H](OC)[C@@]2(C)CC[C@@H]3c4ccc(OCCCN5CCC[C@H]5C)cc4CC[C@H]3[C@H]12,4.943095149
COc1cc(ccc1-n1cnc(C)c1)-c1cn(nn1)C1CC(CCNC1=O)C1CCCCC1,5.434152181
Fc1ccc2c(c1)oc(cc2=O)C(=O)NC1CCN(Cc2cc3OCOc3cc2Cl)CC1,9
CN1CCC(COCc2cc(cc(n2)C2CC2)C(F)(F)F)(CC1)c1cccc(F)c1,5.045757491
FC(F)(F)c1ccc(cc1)S(=O)(=O)Nc1ccc(cc1)[C@@]12C[C@@H]1CNC2,6.100015437
O=C(O)c1cnc2c(N3CCN(CCc4ccc(OCCCN5CCCCCC5)cc4)CC3)cccc2c1,4.700000504
FC(F)(F)c1ccccc1-c1noc(n1)C1CCN(CC1)C(=O)NC1CC1c1ccccc1,5.22184875
CCCCOC(=O)N1CCN(CC1)C(=O)[C@H](CCC(O)=O)NC(=O)c1cc(cc(n1)-c1ccccc1)N1CCC(CC1)C(=O)N1CCCC1,4.045757491
ONC(=O)C=Cc1ccc2c(c1)CN(C2)S(=O)(=O)c1ccccc1,4.522878745
COC(=O)c1ccc2c(c1)NC(=O)/C2=C(\Nc1ccc(N(C)C(=O)CN2CCN(C)CC2)cc1)c1ccccc1,8.585026652
COc1cccc(-c2cccc(C3(c4ccncc4)N=C(N)CS3)c2)c1,4.920818754
CCC(CC)CNc1c(C(N)=O)cnc2ccc(-c3cccnc3)cc12,6.173925197
COc1ccccc1[C@]12CO[C@@H](C)C[C@H]1CSC(N)=N2,4.067526235
Oc1ccc(cc1[C@H](CC[NH+](C(C)C)C(C)C)c1ccccc1)C,7.769551079
CN(C1CCN(C1)C(=O)c1ccc(cc1)Nc1ncc(c(n1)c1cnc(n1C(C)C)C)F)C,4.48148606
FC1CCN(C1)C(=O)C(C(C(=O)N(C)C)c1ccc(cc1)c1ccc2n(c1)ncn2)N,4.065501549
CC(C(O)c1ccc2NC(=O)NCc2c1)N1CCC(O)(CC1)c1ccc(F)cc1,5.13076828
Cn1ncc(NC(=O)c2nc(-c3c(F)cccc3F)sc2N)c1N1CC[C@@H](N)[C@H](F)CC1,5.568636236
Clc1cc2c(n(cc2C2CC[NH+](CC2)CCN2CCNC2=O)-c2ccccc2)cc1,4.055517328
C[C@H]1OC(=O)[C@@]2(CC(F)(F)[C@@H](C)[C@H](\C=C\c3ccc(cn3)-c3cccc4OC(F)(F)Oc34)[C@H]12)C(N)=O,4.812479279
C[C@H]1CCCN1CCCOc1ccc(N2CCN(C(=O)c3ccc(F)cc3F)CC2=O)cc1.O=CO,4.499999679
COc1cc(ccc1OCCN1CCCC1)-n1ccnc(CCCc2ccccc2)c1=O,5.13667714
CNCc1cc(F)c(Cl)cc1Oc1ccc(Cl)c(Cl)c1,5.494850022
CS(=O)(=O)N1Cc2nnc(C3CCN(CC3)c3ccccn3)n2-c2ccc(Cl)cc2C1,4.512861625
O=C1NCc2c(N1c1c(Cl)cccc1Cl)nc(nc2c1ccccc1Cl)NC1CC(C)(C)NC(C1)(C)C,5.346787486
Cn1c(N2CCC3(CC2)COC[C@H]3N)nc2[nH]nc(-c3cccc(Cl)c3Cl)c2c1=O,6.031517051
Cc1ncoc1-c1nnc(SCCCN2CC3CCN(c4ccccc4OC(F)(F)F)C3C2)n1C,6.200659451
OC(COc1ccc(cc1)NS(=O)(=O)C)CNCCc1ccc(c(c1)F)Cl,5.718966633
Brc1ccc2c(c1)CC(=CC2=O)C(=O)NC1CCN(CC1)Cc1ccc2c(c1)OCO2,5.602059991
CCOc1cc2ncc(c(c2cc1N1CCN(CC1)C)Nc1cc(C)ccc1F)C(=O)N,4.886056648
O(C[C@H](O)C[NH2+]C(C)C)c1c2c(ccc1)cccc2,5
CCN1CCN(C(C1)C)c1cc2[nH]c(nc2cc1Cl)SC(C)(C)C,5.004364805
CCO[C@H]1CC[C@H](CC1)N1CC(C1)NC(=O)CNc1n[nH]c2ccc(cc12)C(F)(F)F,5.346787486
CCCCN(C1CCN(C1=O)Cc1ccccc1)Cc1cncn1Cc1ccc(cc1)C#N,6.721246399
CN([C@@H]1CCN(C1)C1CCCC1)C(=O)c1ccc(cc1)-n1c(C)nc2ccccc12,5.638272164
Cc1ccc(OCCCc2cccc(C#CCOc3ccc(C)cc3)[n+]2C)cc1,5.537602002
COC(=O)C(CCCN1CCC(c2ccccc2OC)CC1)(c1ccc(Br)cc1)C(C)C,6.107905397
O[C@@]1(CC23CCC(CC2)(CO3)NCc2cc3OCCOc3nn2)Cn2c3c1c(F)cnc3ccc2=O,4.22184875
NC1=NC(c2ccnc(C(F)(F)F)c2)(c2ccc(F)c(-c3cncnc3)c2)c2cccc(F)c21,4.795880017
COc1cccc2[nH]c(cc12)-c1nc(N[C@@H]2CCOC[C@@H]2N)cnc1C(N)=O,4.657577319
O=C(C1CCS(=O)(=O)CC1)N[C@H](c1ccc(cc1)F)CCN1[C@@H]2CC[C@@H]1C[C@@H](C2)n1c(C)nc2c1cc(F)cc2,5
COc1cc(OC)cc(c1)C(=O)NCC1(CCN(CC2=Cc3ccccc3OC2(C)C)CC1)C#N,5.327902142
CCCCc1cc(OC2CCN(CCCCS(=O)(=O)NCCC)CC2)c2ncccc2c1,7.019996628
Cn1ccc2cc(ccc12)C1(Cc2ccccc2)CCNC1,5.15490196
CCS(=O)(=O)c1ccc(-c2cnc(N)c(-c3ccc(C(F)(F)F)nc3)n2)cc1,5.431798276
Cc1ncoc1-c1nnc(SCCCN2CC3CCN(c4cccc(C#N)c4)C3C2)n1C,6.100015437
C[C@@H](O)c1cn(-c2ccc(F)cc2)c2ccc(Cl)cc12,5.341988603
COc1cc(ccc1Nc1ncc(Cl)c(n1)-c1cnc2ccccn12)N1CCN(CC1)C(=O)N(C)C,4.795880017
Cn1cc(-c2ccc(OC3CCN(C(=O)Cc4ccc(OC(F)(F)F)cc4)CC3)c(C(N)=O)n2)cn1,5.27572413
CCc1ccc2c(c1)oc(cc2=O)C(=O)NC1CCN(Cc2ccc3OCOc3c2)CC1,9
NC(=O)c1cnc(N[C@H](C2CC2)C(F)(F)F)c2c3ccc(cc3[nH]c12)-c1cn[nH]c1,5.522878745
Cn1c(SCCCN2CC[C@]3(C[C@@H]3c3ccc(C(F)(F)F)cc3)C2)nnc1-c1cccc(C(N)=O)c1,5.54999737
ONC(=O)C=Cc1ccc2c(c1)CN(C2)S(=O)(=O)C1CC1,4.522878745
CN[C@H]([C@H]1[C@H](O)CC2([C@]1(C)CCC13[C@H]2CC[C@@H]2C3(C1)CC[C@@H](C2(C)C)NC)C)C,4.705533774
NC1=NC2(CO1)c1cc(ccc1OC(CCC(F)(F)F)C21COC1)-c1cncnc1,5
CCSc1ncccc1C(=O)N1CCC(C1)NCc1cncn1Cc1ccc(cc1)C#N,4.853871964
CNC1CCC(CC1)c1c[nH]c2c1cc(cc2)NC(=N)c1cccs1,4.408935393
Fc1ccc(cc1)C1CC(=NN1C(=O)Nc1cccc(F)c1)c1ccc(Br)cc1,5
Cc1nc(C)c(nc1C(N)=O)-c1ccc(cc1)[C@H]1CC[C@H](CC(O)=O)CC1,4.494850022
COc1ccc2c(c1)[C@@]13CCCC[C@@H]3[C@H](C2)N(CC1)C,5.292429824
CCC(CC)COc1c(C(N)=O)cnc2ccc(-c3cccnc3)cc12,5.677780705
Cc1nc2cc3CCN(CCCSc4nnc(-c5cccc6nc(C)ccc56)n4C)CCc3cc2o1,5
Clc1cc(Cl)cc(c1)N1CCC2C1CN(C2)CCCSc1nnc(n1C)c1ocnc1C,7
CNCc1cc(F)ccc1Oc1ccc(C)c(C)c1,4.698970004
O=C(N1CC(C1)Oc1ccc(CN2CC3(COC3)C2)cc1)c1nnc(o1)-c1ccccc1,4.552841969
FC(F)(F)c1ccc(NC(=O)N2CCC(CC2)c2nc(no2)-c2ccccn2)cc1,5.096910013
NC1=NC2(CO1)c1cc(Br)ccc1OC(Cc1ccccc1)C21COC1,5.048176965
CN(C[C@H]1CCc2c(C1)ccc(c2)NC(=O)c1ccc(cc1)c1ccc(cc1)F)C,5.853871964
Clc1c2[nH]c(-c3ccccc3)c(c2ccc1)[C@@H]1C[NH2+]CC[C@@H]1F,5.677780705
COc1cc(-c2cn(C3CCc4ccccc4N(CC(F)F)C3=O)nn2)ccc1-n1cnc(C)c1,5.04769199
CS(=O)(=O)c1ccc(cc1F)C(CC1CCCC1)C(=O)Nc1nccs1,4.638272164
Nc1ncccc1C(=O)N1CC[C@H](NCc2cncn2Cc2ccc(cc2)C#N)C1=O,4.301029996
Cn1c(SCCCN2CC[C@]3(C[C@@H]3c3ccc(C(F)(F)F)cc3)C2)nnc1C1CCCCC1,6.530030791
CN1C[C@@H]2CCCC[C@@]2(C1)c1ccc(Cl)c(Cl)c1,5.638272164
CCN1CCN(CC1)c1cc2[nH]c(S[C@@]3(C)CC[C@@H](CC3)c3nc(C)no3)nc2cc1Cl,6.420216403
Brc1ccc(cc1)N(C1CCN(Cc2ccncc2)CC1)C(=O)NCc1ccccc1,5.638272164
Cc1ccc(S(=O)(=O)N/N=C/c2cn(CC(=O)Nc3ccccc3)c3ccccc23)cc1,4.360314339
O=C(NC1CN(C1)C1CCC(CC1)(O)c1ccns1)CNc1ncnc2c1cc(cc2)C(F)(F)F,4.54668166
CN(C)C(=O)c1ccc(cc1)C1=CC2(CCNCC2)Oc2ccccc12,4.636952405
CCC1C[C@H](N2CCC(CN3CCC(CC3)Oc3ccc(CO)c(Cl)c3)CC2)C(=O)O1,1.550000452
CN1CCC(COCc2cc(cc(n2)C2(F)CC2)C(F)(F)F)(CC1)c1ccc(F)cc1,5.366531544
CC(NS(=O)(=O)c1cc(c(cc1F)Cl)C(=O)N1CCC(CC1)(CCN1[C@@H]2CC[C@@H]1C[C@@H](C2)n1c(C)nc2c1cccc2)c1cccc(c1)F)C,4.886056648
N[C@H]1CCCC[C@H]1Nc1cc2nc[nH]c(=O)c2c(Nc2cccc3c(Cl)c[nH]c23)n1,4.698970004
CN1CCC(COCc2cc(cc(C=C(C)C)n2)C(F)(F)F)(CC1)c1ccc(F)cc1,4.744727495
COCc1cnc(N2CCC([C@H]3C[C@H]3CCOc3cc(F)c(CC(=O)N4CCC4)c(F)c3)CC2)nc1,4.920818754
Cn1c(SCCCN2C[C@@H]3[C@](C2)(C3)c2ccc(cc2)OC(F)(F)F)nnc1c1ocnc1C,6.698970004
CNCCc1sc2c(c1C(c1ccccn1)C)cccc2,5.187086643
Fc1ccc(cc1)C(NC(=O)CC1CCN(Cc2ccn(c2)-c2ccc(cc2)C(F)(F)F)CC1)c1cccnc1,5.663540266
CCC(C)(C)Cc1cnc(CCc2ccc(cc2)-c2ccccn2)[nH]1,5.920818754
Clc1ccc(cc1)C(CS(=O)(=O)N)NC(=O)C1(N)CCCN(C1)c1ncnc2c1cc[nH]2,4.477555766
CC(C)Oc1cc([C@@](Cc2ccccc2)(NC[C@H](O)C(F)(F)F)c2cc(F)cc(OC(F)(F)C(F)F)c2)ccc1F,4.920818754
O=C(Nc1cccc2ccccc12)NS(=O)(=O)c1ccc(OCCCN2CCCC2)cc1,4
O=C(NC1CN(C1)C1CC[C@](CC1)(O)c1cncs1)CNc1n[nH]c2c1cc(cc2)C(F)(F)F,4.301029996
Cn1c(N2CCC(C)(CN)CC2)nc2[nH]nc(-c3cccc(Cl)c3Cl)c2c1=O,6.008773924
c1ccc(C2=Nc3ccccc3C2C2CCN(c3ccccc3)CC2)cc1,7.100179498
Cn1nc(NCC(=O)NC2CN(C2)[C@@H]2CC[C@@H](CC2)C2CCCCC2)c2cc(ccc12)C(F)(F)F,5.508638306
CC(C)Cc1ccc2nn(C)cc2c1NS(=O)(=O)c1ccc(CCCOC[C@H]2CN(C)CCO2)cc1,5.173925197
Fc1ccc(cc1)N1C[C@@]2(CC[C@@H](CC2)c2nc3ccc(cc3[nH]2)C#N)OC1=O,5.799998135
Cc1nc2ccc(Cl)cc2c(=O)n1-c1ccc(OC2CCN(CC2)C2CCC2)cc1,5.26760624
Cc1ccc2c(cccc2n1)-c1nnc(SCCCN2CCc3nc4ccc(Cl)cn4c3CC2)n1C,5.801342913
OP(=O)(O)C(N(Cc1ccccc1)c2ccccc2)C3=NCCN3,4.839999931
COCC1CCCN1S(=O)(=O)c1ccc(cc1)c1ccc(cc1)CCN1CCCC1C,5.721246399
C1Cc2c(CN1)[nH]c3ccccc23,4.620000528
Cc1ccncc1-c1cc2c(N[C@@H]3CC[C@](C)(N)C3(C)C)c(C(N)=O)cnn2c1,4.744727495
CC(O)(C(=O)NC1CC(C)(C)Oc2nc(-c3ccc(Cl)cc3Cl)c(cc12)-c1ccc(Cl)cc1)C(F)(F)F,6.22184875
CCc1nc2c(C)cc(C)nc2n1Cc1ccc(/C=C/CN2CCN(C(C)C)CC2)cc1,6
COc1ccc(CCN2CCC(Nc3nc4ccccc4n3CC3CCCCC3)CC2)cc1,8.48148606
Fc1ccccc1C(=O)Nc1ccc(cc1)-c1nnc(NCCCCN2CCCCC2)o1,4.900001867
OCCOc1ccc2ncc(F)c(C[C@H](O)C34CCC(CC3)(CO4)NCc3ccc4OCC(=O)Nc4n3)c2n1,4.527243551
CNC(=O)[C@@]12C[C@@H]1[C@H]([C@H](O)[C@@H]2O)n1cnc2c(NCc3cccc(Cl)c3)nc(nc12)C#Cc1ccc(F)c(F)c1,4.913640169
CNc1nn2c3CCN(C)Cc3cnc2c1S(=O)(=O)c1ccccc1,4.266000713
O=C(NC1CC1)c1cn(-c2cccc(c2)-c2cccnc2)c2ncccc2c1=O,4.468521083
COc1ccc(cc1)-c1cc(NC(=O)CCCCN2CCCN(CC2)C(C)=O)[nH]n1,4.616184634
Nc1n[nH]c(N2CCC(N3C[C@@H](O)C[C@@H]3Cc3ccc(Cl)cc3)CC2)n1,4.879426069
O=C(N1Cc2ccccc2C1)N1CCC[C@H]1CN1CCCC1,4.545742215
CC(NCC(c1ccc(c(c1)O)O)O)C,4.522878745
COc1cc(cc(OC)c1OC)[C@H]2[C@@H]3[C@H](COC3=O)[C@@H](O)c4cc5OCOc5cc24,5.40999458
COC(=O)C1(CNC(=O)c2cc(Cl)cc(Cl)c2)CCN(CC2=Cc3ccccc3OC2(C)C)CC1,4.860120914
COc1ccnc(c1)-c1nnc2CN([C@@H](C)Cn12)C(=O)c1cccc(Cl)c1Cl,5
Oc1ccc2C[C@H]3N(CC4CC4)CC[C@@]56[C@@H](Oc1c25)C(=C)CC[C@@]36O,4.700000504
CC(=O)NCCc1ccccc1-c1ccc([C@H]2CNCC[C@@H]2c2ccn(C)c(=O)c2)c(Cl)c1,5.236572006
FC(F)(F)c1ccc(COc2ccn(-c3ccc(OCCN4CCCC4)cc3)c(=O)c2)cc1,9
O=C(N1CCC(CC1)CNc1cccnc1)OCc1ccccc1,5.638272164
COc1cc(ncn1)N1C(=O)N(C(=O)C11CCN(Cc2ncccc2C)CC1)c1ccc(cc1)-c1ccc(cc1Cl)C(O)=O,4.22184875
COCC1CCCN1S(=O)(=O)c1ccc(cc1)-c1ccc(CCN2CCC[C@H]2C)cc1,5.721246399
CCCCN(CC)C/C=C/c1ccc(Cl)cc1,5.978810701
CCOC(=O)[C@@H]1CC[C@@H](CC1)N1CC(C1)NC(=O)CNc1noc2ccc(cc12)C(F)(F)F,5.251811973
CN(CCC1CCN(C(=O)OCc2cc(Cl)cc(Cl)c2)CC1)C(=O)c1c[nH]nn1,5.065501549
O=C(c1ccccc1C(C)C)N(C1CNCC1)CC1CCC1,4.739928612
COCC1CCCN1N1CCN(C1=O)c1cccc(c1)Cl,5.300162274
COCCN(CCc1ccc(Cl)cc1)C1CCN(c2nc(N)n[nH]2)CC1,5.552841969
CCCCc1ccc(cc1)S(=O)(=O)Nc1ccc2CCN(Cc3ccn[nH]3)CCc2c1,5.602059991
CC(C)CCOc1ccc2N[C@H](C3CCOCC3)[C@@H]3CCCO[C@@H]3c2c1,5
Cc1ccc(-c2cc3ncn(C)c(=O)c3c(NC[C@H]3CCCNC3)n2)cc1,4.599999383
Cc1cc2ncc3c(n2n1)CN([C@H]1CO[C@H](c2cc(F)c(F)cc2F)[C@@H](N)C1)C3,5.193820026
CN1CCN(CC1)Cc1ccc(cc1)C(=O)Nc1ccc(c(c1)Nc1nccc(n1)c1cccnc1)C,4.709965389
COc1ncc(cn1)-c1ccccc1C(F)(F)CNC(=O)c1ccc(COCC(F)(F)F)nc1,4.700000504
COc1ccc2ncc(F)c([C@@H]3OC(=O)O[C@H]3C34CCC(NCc5ccc6c(n5)NC(=O)CO6)(CC3)CO4)c2n1,5.30980392
CC(N(Cc1ccc(c(c1)Cl)Cl)CC1CNC1)C,5.259637311
Cc1cnc(cn1)-c1cccc2OC[C@H](Cc12)NC(=O)c1ccc(OCC(F)(F)F)nc1,4.500312917
C1CCN(CC1)[C@H]([C@@H](N1CCCCC1)c1ccccc1)c1ccccc1,4.500312917
N[C@@H]1CCCC[C@H]1Nc1cc2cc[nH]c(=O)c2c(n1)Nc1cccc2c1[nH]cc2C,5.086186148
NC1=N[C@@]2([C@H](C(S1)C)CC(OC2)c1onc(c1)C)c1ccc(cc1F)F,5.677780705
CC1=N[C@](Cc2ccccc2)(N=C1N)c1cccc(c1)-c1cncnc1,4.48148606
Cc1nnc(C(C)C)n1[C@H]1C[C@@H]2CC[C@H](C1)N2CC[C@H](NC(=O)C1CCC(F)(F)CC1)c1cccs1,5.455931956
COc1cccc(c1)C(=O)Cn1c(=O)n(C)c2c(C#N)c(N3CCCNCC3)n(CC=C(C)C)c2c1=O,5.958607315
O[C@H](CNC(=O)c1c[nH]c(=O)c2cc(ccc12)S(=O)(=O)N1CCC1)CN1CCC(CC1)Oc1ccc(Cl)c(Cl)c1,6
CCCCN1CCC[C@@H]1Cn1nc(Cc2ccc(Cl)cc2)c2cnccc2c1=O,7.300162274
CCC(CC)CNc1c(C(N)=O)cnc2ccc(-c3ccncc3)cc12,6.207608311
Cc1ncncc1-c1ccc2OC3(CCC3)C3(COC3)C3(COC(N)=N3)c2c1,5
CC[C@@H](C)Oc1cc2[C@@H](N(C(=O)Cc2cc1OC)c1ccc(cc1)N(C)C[C@H]1CC[C@@H](CC1)N(C)C)c1ccc(Cl)cc1,5.886056648
C[C@@H](c1ccc(Br)cc1)N1CC[C@](CCC(N)=O)(c2ccc(F)cc2)OC1=O,5.200659451
COc1ccc(cc1)[C@@H](C)N[C@@H]1CC[C@@H](C(=O)C2CCC(CC2)(c2nnc(C)s2)c2ccccc2)C(C)(C)C1,5
COc1cccc2nc(ccc12)C#Cc1cccnc1,4.185086819
ONC(=O)\C=C\c1ccc2CN(Cc2c1)S(=O)(=O)c1ccccc1,4.522878745
CNS(=O)(=O)Nc1ccc2ccc3ncc(cc3c(=O)c2c1)-c1cnn(C)c1,4.522878745
C[C@@H]1OCC2(CCN(c3nc4[nH]nc(-c5cccc(Cl)c5Cl)c4c(=O)n3C)CC2)[C@@H]1N,6.537602002
O=C(NC1CCN(C1)CCC1CCN(CC1)C(=O)c1cc(F)ccc1F)CNC(=O)c1cccc(c1)C(F)(F)F,5
CCNS(=O)(=O)c1ccc(cc1)c1ccc(cc1)CCN1CCCC1C,5.468521083
OC(=O)c1cccnc1N1CCC(CN2CCC(CC2)Oc2ccc(Cl)c(Cl)c2)CC1,4.500312917
CCOc1cc(CN2CCC(NC(=O)c3cncc(C)c3)CC2)cc(OCC)c1-c1ccc(F)cc1,5.772113295
Cc1cc(N2CC[C@H](N3CCC[C@@H]3C)C2)ccc1NC(=O)C1CCOCC1,4.723538196
CNS(=O)(=O)c1ccc2c(c[nH]c(=O)c2c1)C(=O)NC[C@@H](O)CN1CCC(CC1)Oc1ccc(Cl)c(Cl)c1,5.699991797
NC1=N[C@]2(COCC[C@H]2CS1)c1cc(NC(=O)c2ccc(OC(F)F)cn2)ccc1F,6.301029996
Fc1nccc2c3cnc(Nc4ccc(cn4)N4CCNCC4)nc3n(C3CCCC3)c12,6.15490196
CC(CC(C)(C)C)N1CCC(CNC(=O)c2cc(Cl)cc(Cl)c2)CC1,5.657577319
CO[C@@H]1C[C@@H]2C[C@H](C[C@@]2(C1)C(=O)N1CCc2ncc(cc2C1)C(F)(F)F)NC1CCOCC1OC,4.301029996
NC1(CCN(CC1)c1ncnc2[nH]ccc12)C(=O)NC(CO)c1ccc(Cl)cc1,4
NC(=O)c1c(NC(=O)Nc2ccc(Cl)cc2)sc2c1CCN(CCCNC(=O)CCc1c[nH]c3ccccc13)C2,4.696803943
O=S1(=O)CCC(CC1)C1N[C@H](Cc2c1[nH]c1ccccc21)c1nc(c[nH]1)-c1ccccc1,7
COc1ccc2[C@@H](C(C)C)N(CCc2c1)C(=O)CNCC1(O)CCCCC1,4
CC[C@H]1OC(=O)[C@H](C)[C@@H](O[C@@H]2O[C@@H](C)[C@@H]([C@](C2)(C)OC)O)[C@H](C)[C@@H](O[C@@H]2O[C@H](C)C[C@@H]([C@H]2O)N(C)C)[C@](C[C@H](CN([C@@H]([C@H]([C@]1(C)O)O)C)C)C)(C)O,4.639999555
FC1CCN(C1)C(=O)C(C(C(=O)N(C)C)C1CCC(CC1)N(C(=O)C)C)N,4.045757491
Cc1ccc(cc1C)C1CCN(CC1)CCC1CCOc2c1cccc2,7.698970004
OC(=O)CCCOc1ccc2ncc(F)c(CCC34CCC(CC3)(CO4)NCc3ccc4OCC(=O)Nc4n3)c2n1,4.22184875
CC1(NCCc2c1oc1cc(ccc21)S(=O)(=O)c1cccc(F)c1)C(F)(F)F,4.522878745
CCc1c(CC)n(C)c2CCCC(=NOC(=O)Nc3ccccc3)c12,4.522878745
COc1cc(C=Cc2nc(N)nc(n2)Nc2ccccc2)ccc1n1cnc(c1)C,6.522878745
Cc1cc(C)n(CC(NC(=O)NC2CCN(Cc3ccn(c3)-c3ccc(cc3)C(F)(F)F)CC2)c2ccccc2)n1,5.552841969
NC1(CCN(CC1)c1ncnc2[nH]ccc12)C(=O)NC(CCS(N)(=O)=O)c1ccc(Cl)cc1,4.477555766
Cc1c2CCCN3CC[C@@H](C3)CNc3cc(ccc3C(N)=O)-n2c2CC(C)(C)CC(=O)c12,6.397940009
Cc1noc([C@H]2C[C@@H]2C(=O)NCc2ccc(-c3cccc(OC(F)(F)F)c3)c3c2CN(C(=O)NC(C)(C)C)CC3)n1,5.630784143
Cc1ccc(F)cc1C(C)(C)CC(O)(Cc1cc2cc(ncc2[nH]1)-c1ccccc1)C(F)(F)F,5.420216403
COc1cccc2c3nc(CN4CCN(C[C@H]4C)c4sc(C)nc4C)nn3c(N)nc12,4.22184875
O=C(CN1C(OC(C1=O)(C)CC(F)(F)F)c1cccc(c1)Cl)Nc1ccc2c(c1)C[C@@]1(C2)C(=O)NC(=O)N1C,4.346787486
CC[C@H]1OC(=O)[C@@H](C)C(=O)[C@@H](C)[C@@H](O[C@H]2O[C@H](C)C[C@@H]([C@@H]2O)N(C)C)[C@@](C[C@@H](C(=O)[C@H]([C@@H]2[C@@]1(C)OC(=O)N2C1CN(C1)Cc1ccnc2c1nccc2)C)C)(C)OC,3.707743929
CC(c1ccc(cc1)CS(=O)(=O)c1ccc(cc1)C12CNCC2C1)C,5.494850022
CN(C)CCN1C2CCC1CC(OC(c1ccc(F)cc1)c1ccc(F)cc1)C2,5.084600165
CCOC(=O)C1CCN(CCCOc2ccc(cc2)S(N)(=O)=O)CC1,4.119186408
OC(=O)c1cccc(c1)C1CCN(CC1)C1CCC(C1)(C(C)C)C(=O)NCc1cc(cc(c1)C(F)(F)F)C(F)(F)F,5.554395797
CC#CCn1c(N2CCC[C@H](N)C2)c(C#N)c2n(C)c(=O)n(Cc3nccc4ccccc34)c(=O)c12,4.549750892
COc1cc(ccc1-n1cnc(C)c1)-c1cn(nn1)C1CC(CCNC1=O)C(F)(F)F,4.522878745
CN1[C@@H]2CC[C@H]1CC(C2)OC3c4ccccc4CCc5ccccc35,5.009998765
CNCCN(C)c1cc(OC)c(Nc2nccc(n2)-c2cn(C)c3ccccc23)cc1NC(=O)C=C,4.48148606
Cc1nc(sc1C)N1CCN(CC1)C(=O)[C@@H]1CCCC[C@H]1C(=O)NC1(CC1)C#N,4
OCCn1nc(NCC(=O)NC2CN(C2)[C@H]2CC[C@H](CC2)c2ccc3OCOc3c2)c2cc(ccc12)C(F)(F)F,5.119186408
C[S+]([O-])c1ccc(-c2cnc3ccc(Nc4cccc([S+](C)[O-])c4)nn23)cc1,4.739928612
CN1CCN(CC1)c1nc2ncc(Br)c(N3CCN(Cc4cc(C)on4)CC3)c2[nH]1,5.522878745
Nc1ccc(cc1)S(=O)(=O)Nc2ccnn2c3ccccc3,4.639999555
OCCn1nc(c(c1CC)Oc1cc(C#N)cc(c1)C#N)CC,3.397940009
CC(=O)Nc1ccc(CN2CCC(CC2)NC(=O)c2cc(=O)c3ccc(F)cc3o2)cc1,4.622511617
NCC(=O)N1CCn2c(C1C(C)C)nc(c2Nc1ccc(c(c1)Cl)F)c1ccc(cc1)F,4.853871964
CC(C)(O)[C@H]1CC[C@@H](CC1)Nc1ccn2ncc(-c3cccc(c3)C(F)(F)F)c2n1,4.522878745
COC[C@H](C)Oc1cc(Oc2ncc(C(=O)N3CCC3)cc2Cl)cc(C(=O)Nc2cnc(C)cn2)c1,4.744727495
O=C(O)C1CN(Cc2ccc(-c3noc(-c4onc(-c5ccccc5)c4C(F)(F)F)n3)cc2)C1,4.744727495
OC(CN(CCc1ccc(c(c1)Cl)Cl)C)COc1ccc(cc1)NS(=O)(=O)C,6.431798276
Cc1cc(-c2ccc3CCN(CCCSc4nnc(-c5cccc6cnc(C)cc56)n4C)CCc3c2)n(C)n1,5.699991797
OC(=O)[C@H]1C[C@@H]1COc1ccc2ncc(F)c(CCC34CCC(CC3)(CO4)NCc3ccc4OCC(=O)Nc4n3)c2n1,4.435333936
O[C@H](CNC(=O)c1cn[nH]c1C(F)(F)F)CN1CCC(CC1)Oc1ccc(Cl)c(Cl)c1,5.499996932
O[C@]1(CC[C@@H](CC1)N1CC(C1)NC(=O)CNC(=O)c1cccc(c1)C(F)(F)F)c1ccc(F)nc1,5
FCCN(Cc1ccc(cc1)C=CC(=O)NO)CCc1c(C)[nH]c2c1cccc2,5.238824187
Cc1cc(Oc2nccc3occc23)ccc1-c1c(C)ncc2nccn12,4.920818754
C[n+]1c(CCc2ccccc2)cccc1CCc1ccccc1,6.331614083
O=C([C@H]1C[C@@H](CN1)Oc1ccc(cc1)C#N)N1CCCN(CC1)C1CCC1,5
O[C@]1(CC[C@@H](CC1)N1CC(C1)NC(=O)CNC(=O)c1cccc(c1)C(F)(F)F)c1ccc(OCC(F)(F)F)nc1,5.15490196
COc1ccc(CC(=O)N2CCC3(CN(C3)[C@@H]3CCc4cc(ccc34)-c3ncccn3)CC2)cc1,5.537602002
Cn1cnc(c1)C(=O)N(Cc1cccc(c1)OC(F)(F)F)CC1C2C1CN(C2)CC1CC1,6.27572413
Nc1nc(N2CCC(N3Cc4cc(Cl)ccc4OC[C@@H]3Cc3ccc(Cl)cc3)CC2)n[nH]1,5.173925197
CCCCN1CCCC[C@@H]1C(=O)Nc1c(C)cccc1C,4.684029655
Cc1c2COC(=O)c2ccc1[C@H]1CN2CCN(C[C@@H]2CO1)C(=O)Cc1ccc(nc1)-n1cnnn1,4.272458743
COc1ncc(cc1F)-c1cccc2OC[C@H](Cc12)NC(=O)c1ccc(OCC(F)(F)F)nc1,4.600326279
COc1cncc(-c2cc(NC(C)=O)nc(-n3nc(C)cc3C)n2)c1,4.619788758
CCCCCCCN(CC)CCCCc1ccccc1,6.295849483
C[C@H](Nc1ccc2ncn(-c3cc([nH]n3)C3CC3)c2n1)c1ncc(F)cn1,4.494850022
ONC(=O)C=Cc1ccc2c(c1)CN(C2)C(=O)Cc1ccccc1,4.522878745
O=C1c2ccccc2C(Cc2ccnc(F)c2)(Cc2ccnc(F)c2)c2ccccc21,4.494850022
Cc1nccn1c1ncnc(c1)N1CCC(CC1)CNS(=O)(=O)N,5
O=C1OCc2c1ccc(CCN1CCN(C(=O)Cc3ccc(-n4cnnn4)cc3)CC1)c2F,4.508638306
Cc1nc2cccc(Cl)c2c(=O)n1-c1ccc(OCCCN2CCCC2)cc1,5.091514981
CCOc1cc(CN2CCC(C3CCN(S(=O)(=O)c4ccccc4)CC3)CC2)cc(OCC)c1-c1ccc(F)cc1,6.657577319
CC(C)NC(=O)NS(=O)(=O)c1ccc(OCCN2CCCC2)cc1,4
COc1nc2c(CCC34CCC(CC3)(CO4)NCc3ccc4OCC(=O)Nc4n3)ccnc2cc1F,9
O=C(CCCC(=O)c1cccc([N+](=O)[O-])c1)NC1CCCC1,4.69079582
OC(CN(Cc1ccccc1)CCc1ccc(c(c1)Cl)Cl)COc1ccc(cc1)NS(=O)(=O)C,6.366531544
Clc1cc(c-2c(c1)\C(\c1cc(Cl)ccc1-2)=C\c1ccc(Cl)cc1)[C@@H](O)C[NH+](CCCC)CCCC,5.091514981
COc1ccc(cc1)C1CN(CC1CNC(=O)c1cccc(c1)Cl)CCc1cccc(c1)OC,7.327902142
Fc1ccc(CCN2CCN([C@H]3CCc4cc(Cn5ccnc5)ccc4C3)C(=O)C2)cc1,5.397940009
FC(F)(F)COc1ccc(CNC(=O)C2N(CCc3ccccn3)C(=O)c3ccccc23)cn1,4.795880017
CC(=O)Nc1nc(-c2ccc(F)cc2)c(-c2ccnc(Nc3ccc(N4CCNCC4)cc3)n2)s1,4.420216403
CC1CN(CCc2ccc(cc2)[N+]([O-])=O)CCN1CCc1ccc(cc1)[N+]([O-])=O,9
Cc1ncoc1-c1nnc(SCCCN2CCC3CC3(CC2)c2ccc(cc2)C(F)(F)F)n1C,5.799998135
FC(F)(F)c1ccc(N2CCN(Cc3ccccn3)CC2)c(NC(=O)c2ccc(o2)-c2ccncc2)c1,6.522878745
COc1nc2ccc(Cl)cc2cc1C(c1ccccc1)C(O)(CCN(C)C)c1cccc2ccccc12,5.161150909
NC1=NC2(CO1)c1cc(ccc1OCC21CC1)-c1cncc(Cl)c1,5.537602002
CN(CCc1ccc(cc1)[N+](=O)[O-])CCOc1ccc(cc1)[N+](=O)[O-],8.508638306
O[C@@H]1CCCC[C@@H]1CNC(=O)NC1CCN(Cc2ccn(c2)-c2ccc(cc2)C(F)(F)F)CC1,5.402304814
FC(F)(F)COc1ccc(cn1)C(=O)N[C@@H]1COc2cccc(-c3cccnc3)c2C1,4.600326279
CN([C@@H]1CCN(Cc2nc3cc(F)ccc3s2)C[C@@H]1F)C(=O)Cc1ccc(cc1)S(C)(=O)=O,5.15490196
Cc1c(Cl)c(Cl)ccc1OC1CCN(CC2CCN(CC2)[C@@H](Cc2ccc(F)cc2)C(O)=O)CC1,4.300162274
CC(=O)SCC(=O)c1ccc(nc1)NS(=O)(=O)c1ccc2c(c1)COOC2,4.522878745
CCCCNc1nc(N)nc2c1CN(C(=O)c1cccs1)CC2,6.045757491
F[C@H]1CCN(C1)C(=O)[C@H]([C@H](c1ccc(cc1)c1ccc(cc1)F)C(=O)O)N,4.119186408
CN1[C@H]2CC[C@@H]1Cc1sc(NC(=O)Nc3ccc(Cl)cc3)c(C(N)=O)c12.Cl,5.251811973
O[C@H](CNC(=O)n1c2ccccc2[nH]c1=O)CN1CCC(CC1)Oc1ccc(Cl)c(Cl)c1,6.301029996
O(C(=O)C=1[C@H]2[NH+]([C@H](CC=1)CC2)C)C,3.770010908
Cc1c(cc(-c2cccnc2)n1C)C(=O)NCCCN1CCN(CC1)c1cccc(Cl)c1Cl,5.167491087
CNC[C@@H]1C[C@@H](c2ccc(Cl)c(Cl)c2)c2ccccc2C1,5.795880017
Cc1c(C(=O)NCCCN2CCN(c3cccc(Cl)c3Cl)CC2)cc(-c2ccccn2)n1C.Cl.Cl.Cl.Cl,5.769551079
OC(COc1ccc(cc1)NS(=O)(=O)C)CNCCOc1ccc(cc1)n1cncc1,6.397940009
CN1CCCN=C1COC(=O)C(O)(C2CCCCC2)c3ccccc3,4.359999833
CC1=NC(C)(N=C1N)c1cccc(c1)-c1cccnc1,4.48148606
O=C(N)[C@@](CC[NH+](C(C)C)C(C)C)(c1ccccc1)c1ncccc1,4.036212173
O=C(C(C(C(=O)N1CCC(C1)(F)F)N)C1CCC(CC1)c1ccc2n(c1)ncn2)N(C)C,4.045757491
Cc1ccc(Cn2cnc(=O)c3cc(Oc4ncccc4C(F)(F)F)ccc32)c(F)c1,4.853871964
[O-][N+](=O)c1ccc(CCN2CCN(CCc3ccc(cc3)-c3cccc4C(=O)OCc34)CC2)cc1,7
Cc1c2COC(=O)c2ccc1[C@@H](O)CN1CCN(CC(O)c2ncc(cc2Cl)C#N)CC1,4.964570262
CC(C)(C)Oc1cccc2nc(N)nc(N)c12,4.694648631
O=C(C1=CC(=O)c2c(C1)cccc2)NC1CCN(CC1)Cc1ccc2c(c1)OCO2,5.173925197
COc1ccc2nc(OC)cc(CCC34CCC(CC3)(CO4)NCc3ccc4OCC(=O)Nc4n3)c2n1,9
CN([C@@H]1CCN(Cc2nc3ccccc3s2)C[C@@H]1F)C(=O)Cc1ccc(cc1)S(C)(=O)=O,4.795880017
Cc1nc2ccccc2n1C1CC2CCC(C1)N2CCC1(CCN(CC1)C(=O)c1cccc(c1)C(=O)NO)c1ccccc1,4.100179498
C[C@H]1OC(=O)[C@@]2(CC(F)(F)[C@@H](C)[C@H](\C=C\c3ccc(cn3)-c3ccccc3C#N)[C@H]12)NCC(N)=O,4.329754147
NC(=O)c1cccc(O[C@H]2C[C@@H]3CC[C@H](C2)N3CC(=O)Nc2ccccc2)c1,9
CC[C@@H](NC(=O)c1cc(C(=O)N2CCC[C@@H]2C(F)(F)F)n2CCOCc12)c1ccc(nc1)C(F)(F)F,5
C[C@](O)(COc1ccc(F)cc1)C(=O)N1CCc2c1cccc2C#N,4
CSc1cc(CCN2CCN(CCc3ccc4C(=O)OCc4c3)CC2)ccc1C#N,6.337242168
CS(=O)(=O)NC(=NC(=O)c1nc(Cl)c(N)nc1N)Nc2ccccc2,5.350003493
CNCCCC1c2ccccc2C=Cc2c1cccc2,5.928117993
CC(C)N1CCN(c2ccc(/C(=C(/CCCO)c3ccccc3)c3cccc(O)c3)cc2)CC1.Cl.Cl,4.609064893
COc1ccc(cn1)[C@]1(O)CC[C@@H](CC1)N1CC(C1)NC(=O)CNC(=O)c1cccc(c1)C(F)(F)F,4.431798276
O[C@@]1(CC23CCC(CC2)(CO3)NC\C=C\c2ccccc2)Cn2c3c1c(F)cnc3ccc2=O,7.193820026
O[C@@]1(CC23CCC(CC2)(CO3)NCc2cc3c(OCCS3(=O)=O)cn2)Cn2c3c1c(F)cnc3ccc2=O,4.22184875
COc1ccccc1-c1nc2c(cccc2o1)C(=O)NC1C[C@H]2CCC[C@H](C1)N2C,6.397940009
CC(=O)c1nn(-c2ccccc2)\c(=N\c2nc(cc(-c3ccccc3)c2C#N)-c2ccccc2)s1,4.4867824
CC(C)n1c(C)ncc1-c1ccnc(Nc2ccc(cc2)C(=O)NC2CC2)n1,5.15490196
CN1CCCC1c1cccnc1,3.609999985
CNCc1ccc(Cl)cc1Oc1ccc(C)c(Cl)c1,5.974694135
O=C1COc2ccccc2N1CCN1CCC(CC1)NCc1cc2OCCOc2cn1,4.698970004
C[C@@H]1CCCN1CCc1ccc2nc(ccc2c1)-c1cc[nH]n1,4.397940009
Cc1ccc(cc1C)C(CCC(N)C(O)=O)(c1ccccc1)c1ccccc1,4.602059991
COc1cccc(-c2cc3c(N[C@@H]4CC[C@](C)(N)C4(C)C)c(C(N)=O)cnn3c2)c1,5.142667504
COc1ccc2nccc([C@@H](O)CC[C@@H]3CCN(CCSc4cccs4)C[C@@H]3C(O)=O)c2c1,4.705533774
CC(C)c1c(CNC2CCCC2)nc(-c2ncccc2Cl)n1-c1ccc(C)nc1,5.004364805
CN1CCN(CC1)C(c2ccccc2)c3ccccc3,4.749999856
COc1ccc(cc1)[C@H](N[C@@H]1CC[C@@H](C(=O)N2CCC(CC2)(C(=O)N2CCCC2)c2ccccc2)C(C)(C)C1)C(F)F,5
FC(F)(F)c1ccc2[nH]nc(NCC(=O)NC3CN(C3)[C@@H]3CC[C@@H](CC3)OCC=C)c2c1,5.13076828
Cc1ccc(C(=O)Nc2ccc(CN3CCC4C=NNC4C3)c(Cl)c2)cc1C#Cc1cnc2cccnn12,5.299296283
CCCCN1CCC[C@H]1Cn1nc(Cc2ccc(cc2)Cl)c2c(c1=O)cccc2,7.795880017
COC(=O)CN1Cc2c(nc(C)c(CN)c2-c2ccc(Cl)cc2Cl)C1=O,4.096910013
Cc1cccc(CCN2C(C(=O)NCc3ccc(OC(F)(F)F)cc3)c3ccccc3C2=O)n1,5.180456064
Cc1ccc2c(cccc2n1)-c1nnc(SCCCN2CCc3ccc4nc(oc4c3CC2)C(F)(F)F)n1C,6
CCc1nn(CCOCC(F)(F)F)c2c(Nc3ccncn3)nc(nc12)N1CCN[C@H](C)C1,5.853871964
Fc1ncc2c(c1)CO[C@@]12CCN(CC1)Cc1ccc(cc1)[C@](c1ccc(c(c1)F)F)(O)C,6.27572413
CC(=O)N1CC2CC1CN2CCc1ccc(Oc2nc3ncccc3s2)cc1,5
Cc1nc2n(c(=O)c1CCN1CCN(c3cccc4sccc34)CC1)CCCC2(F)F.Cl,5.236572006
C(CC(c1ccccc1)c1ccccc1)NCCc1ccccc1,5.554395797
COc1ccc(cc1)-c1noc(CSc2nnc(C)n2-c2ccc(OC)cc2)n1,4.522878745
CCC[C@@H](CCO)Nc1nc(N)nc2cc(C)ccc12,5.091514981
CC(C)Oc1ccc(cc1C#N)-c1nc(no1)-c1ccc2CN(CCc2c1C)C(CO)CO,4.889999849
O=C(NC1CC1c1ccccc1)N1CCC(CC1)c1nc2ccccc2o1,5.086186148
O=C(C(n1c(nc2c1cc(F)c(c2)F)c1ccc(cc1)Cl)C1CCCCC1)Nc1ccc(cc1F)c1nnn[nH]1,5
Cc1ncc(OC[C@]2(C[C@H]2C(=O)Nc2ccc(F)cn2)c2ccc(F)cc2)c(C)n1,5.657577319
Clc1cc(Cl)cc(CNC(=O)N(C2CCN(CC2)C2CCCC2)c2ccc(Br)cc2)c1,7.214670165
COc1ccc(cc1)-c1nnc(o1)C(=O)N1CC(C1)Oc1ccc(CN2CCN(C)CC2)c(F)c1,4.48148606
O=C(c1ccccc1)N1CCc2oc(-c3ccc(F)cn3)nc2C1,4.193820026
Cc1nnc(n1C1CC2CCC(C1)N2CCC(c1ccccc1)CNS(=O)(=O)c1ccccc1)C(C)C,5
CN1C2CCCC1CC(C2)NC(=O)c1cccc2c1nc(o2)C1CC1,6.698970004
F[C@H]1CCN(C1)C(=O)[C@H]([C@H](c1ccc(cc1)c1cccc(c1)c1[nH]oc(=O)n1)C)N,4.552841969
COCCOCC#Cc1cc(cs1)-c1[nH]nc-2c1Cc1ccc(Cn3cncn3)cc-21,4.966576245
FC1=NN([C@H](C1)c1ccc(cc1)c1ccc2c(c1)oc(=O)[nH]2)c1ccc(cc1)C(=O)O,4.522878745
Cc1cnn(C)c1-c1cccc([C@H](CC(=O)O)CN2CC[C@@H](CCc3ccc4c(n3)NCCC4)C2)c1,4.499999679
Cn1c(SCCCN2CC3CCN(c4ccc(C#N)cc4)C3C2)nnc1-c1cnccn1,6.602059991
CCn1cc(cc(C)c1=O)C1(N=C(N)c2c1cccc2F)c1cccc(c1)-c1cncnc1,4.823908741
COc1ccc(Cn2ccc3nc(N)nc(NCc4cc(C)on4)c32)nc1OC,6.15490196
O=C(N1CC[C@H](NCc2cncn2Cc2ccc(cc2)C#N)C1=O)c1ccc[nH]c1=S,4.958607315
FC(F)(F)c1nc(NCc2ccccn2)c2c(-c3ccccc3)cccc2n1,5
CCCCN1CCCC[C@@H]1C(=O)Nc1c(C)cccc1C.Cl,3.120330794
C[C@](N)(CF)c1nc(-c2ccc(OC(F)(F)F)cc2)c[nH]1,4.853871964
Cc1noc(n1)C(=C\c1cccc(c1)-n1cc(C(=O)Nc2c(Cl)cncc2Cl)c(=O)c2cccnc12)\c1ccc(cc1)S(C)(=O)=O,6.167491087
Clc1cnc(nc1)N1CCC(CC1)[C@H]1C[C@H]1CCOc1ccc(cc1)-n1ccnn1,4.721246399
OCCN(c1nc(N2CCCCC2)c2c(n1)c(nc(n2)N(CCO)CCO)N1CCCCC1)CCO,4.096910013
Cc1onc(c2ccccc2)c1c3ccc(cc3)S(=O)(=O)N,4.860001342
Cc1nc2ccccc2c(=O)n1-c1ccc(OCCCN2CCCCC2)cc1,5.083546051
CC/N=C(\N1CCCc2c1ccc(c2)C1=NN(C(=O)SC1)C)/c1ccc(cc1)NS(=O)(=O)C,6.301029996
Clc1cc2oc(cc(=O)c2cc1Cl)C(=O)NC1CCN(Cc2ccc3OCOc3c2)CC1,9
FC(F)(F)Oc1ccc(CNC(=O)C2N(CCc3cccnc3)C(=O)c3ccccc23)cc1,5.259637311
Clc1ccc(CNc2nc(nc3ncccc23)N2CCN(CC2)C(=O)[C@@H]2CCCCN2)c(Cl)c1,4.522878745
CN(CCc1sc2c(c1C(c1ncccc1C)C)cccc2)C,6.040958608
O=C1N(C[C@H](N1C1CCN(CC1)Cc1ccc(cc1)Oc1ccc(cc1)C(=O)O)c1ccccc1)C1CCOCC1,4.397940009
COc1ccc2ncc(F)c([C@@H](O)CC[C@@H]3CCN(C4CC(c5cc(F)cc(F)c5)C4)C[C@@H]3C(=O)O)c2c1,4.850780887
O=C(CCCCCCC(=O)Nc1ccccc1)NOC(c1ccccc1)(c1ccccc1)c1ccccc1,4.016734647
CC1(C)N(CCn2c(Nc3ccc(F)cc3)c(nc12)-c1ccc(F)cc1)C(=O)CN,4.872895202
CC(C)Oc1nc(C2CCNCC2)ncc1Nc1ncc(Cl)c(Nc2ccccc2S(=O)(=O)C(C)C)n1,6.397940009
Cc1ccccc1C(=O)N(C1CNCC1)CC1CCC1,4.698970004
Cc1cnnc(c1)-c1ccc2OC3(CCC3)C3(COC3)C3(COC(N)=N3)c2c1,5
COc1ccc(cn1)[C@H]1CC[C@@H](CC1)N1CC(C1)NC(=O)CNC(=O)c1cccc(c1)C(F)(F)F,5.552841969
COc1cc(NCC2CCNCC2)nc2n(nnc12)-c1cccc(c1)N(C)C,4.500312917
Cc1nc2c3CCN(CCCSc4nnc(-c5cccc6nc(C)ccc56)n4C)CCc3ccc2o1,5.602059991
Cc1nc2c3CCN(CCCSc4nnc(-c5ocnc5C)n4C)CCc3ccc2o1,4.900001867
CCc1nc2ccc3CCN(CCCSc4nnc(-c5ocnc5C)n4C)CCc3c2s1,5.500312917
Clc1cc(ccc1)CN1CC[C@@H]([NH+](Cc2n(cnc2)Cc2ccc(cc2)C#N)CCC[NH3+])C1=O,6.318758763
CC#Cc1ccc2nc(OC)c(C(c3ccccc3)C(O)(CCN(C)C)c3cccc4ccccc34)cc2c1,5.102372909
FC(F)(F)c1ccccc1CN([C@H]1CCNC1)C(=O)C1CCC1,5.124938737
CC(C)n1c(C)ncc1-c1ccnc(Nc2ccc(cc2)C(N)=O)n1,4.769551079
CCN1CCc2cc3nc(N)sc3cc2CC1,4.537602002
CCCCc1oc2c(c1C(=O)c1cc(I)c(c(c1)I)OCCN1CCCC1)cccc2,7.301029996
C(CN1CCCCC1)Nc1cn(Cc2ccccc2)nn1,5
Nc1ccc2ncc(F)c(CCC34CCC(CC3)(CO4)NCc3ccc4OCC(=O)Nc4n3)c2n1,9
COc1ccc(CCCN2[C@H](CN(NS(C)(=O)=O)C2=O)c2ccc(OC)cc2)cc1,4.850780887
CC(C)C(=O)N1CCc2c(C1)nc(C)n2[C@@H]1C[C@@H]2CC[C@H](C1)N2CC[C@H](NC(C)=O)c1cccc(F)c1,4.920818754
CN(C[C@@H]1COCCO1)S(=O)(=O)Nc1ccc2ccc3ncc(cc3c(=O)c2c1)-c1cnn(C)c1,4.522878745
O[C@H]1CC[C@@H](CC1)Nc1ccn2ncc(-c3cccc(OC(F)(F)F)c3)c2n1,4.522878745
CN1[C@H]2CCC[C@@H]1C[C@@H](NC(=O)c1cccc3oc(N4CCOCC4)nc13)C2,5.853871964
ONC(=O)C=Cc1ccc2c(c1)CN(C2)CCc1cnn2c1cccc2,5.283996656
O=C(Cc1ccc(cc1)-n1cnnn1)N1CCN(CCc2ccc3C(=O)OCc3c2)CC1,5.346787486
Cc1nc2cc(ccc2c(=O)n1-c1ccc(OCCCN2CCCC2)cc1)C(F)(F)F,5.585026652
CCCC1(CCCN1)C(=O)c1ccc(N)c(Cl)c1,5
NC[C@H](Oc1noc2ccc(-c3ccccc3Cl)cc12)c1ccccc1,4.638272164
CC(C)C[C@H](NC(=O)[C@H](CCc1ccccc1)NC(=O)CN1CCOCC1)C(=O)N[C@@H](Cc1ccccc1)C(=O)N[C@@H](CC(C)C)C(=O)[C@@]1(C)CO1,4.03574037
COc1ccc(CCN2CCC(Nc3nc4ccccc4n3Cc3ccc(F)cc3F)CC2)cc1,6.749579998
O=C(N1CCC(CC1)Oc1ccc(CN2CCCC2)cc1)c1nnc(o1)-c1ccccc1,4.958607315
CCOC(=O)N1[C@H]2CC[C@@H]1C[C@@H](CN1CC[C@@H](C1)N1C(=O)Cc3ccccc13)C2,5.619788758
CC1(C)[C@H](Nc2c(C(N)=O)cnn3cc(-c4ccc(C#N)cc4)cc23)CC[C@]1(C)N,4.920818754
COc1ccc2ncc(F)c([C@@H](O)CC[C@@H]3CCN(C4CC(c5ccccc5)C4)C[C@@H]3C(=O)O)c2c1,4.651695137
O=C1OCc2cc(CCN3CCN(C(=O)Cc4ccc(-n5cnnn5)cc4)CC3)c(F)cc21,4.585026652
Fc1cccc(c1)-n1cc(NCCN2CCCCC2)nn1,5.283996656
O=C1CSC(c2cc(C(F)(F)F)cc(S(=O)(=O)N3CCN(C(=O)[C@@H]4C[C@H]4c4ccc(C(F)(F)F)cc4)CC3)c2)=N1,5.397940009
NC(=O)c1cccc(c1)OC1CC2CCC(C1)N2Cc1cccs1,6.366531544
CCOCc1nnc(N2C[C@@H]3C[C@]3(c3ccc(F)cc3Cl)C2)n1-c1ccc(OC)nc1,5.214670165
ONC(=O)C=Cc1ccc2c(c1)CN(C2)S(=O)(=O)c1ccc(cc1)OC,4.522878745
Cc1nccc(n1)N1C(=O)N(C(=O)C11CCN(Cc2ncccc2C)CC1)c1ccc(cc1)-c1ccc(cc1C)C(O)=O,4.657577319
OC(Cc1cccnc1-c1cccc(C(F)(F)F)c1)(c1cccnc1F)c1cccnc1F,5
Cc1cccc(c1)S(=O)(=O)N1Cc2ccc(\C=C\C(=O)NO)cc2C1,4.522878745
COc1cc(C=Cc2nc3c([nH]2)cccc3)ccc1n1cnc(c1)C,6.167491087
O[C@@]1(CC23CCC(CC2)(CO3)NCc2cc3SCOc3cn2)Cn2c3c1c(F)cnc3ccc2=O,4.473660723
CN(C)CCOc1ccc(cc1)-n1ccc(OCc2ccccc2)cc1=O,9
C[C@]12CCCC[C@H]1C[C@@H](N1CCC[C@@H](N)C1)[C@@H]2Oc1ccc(C#N)cc1,5.113509275
OC1(CNCC(=O)N2CCc3ccccc3C2C2CCCCC2)CCCC1,4.104577454
CCCC1Oc2ccc(cc2C2(COC(N)=N2)C11COC1)-c1cncnc1,5
O=C(NCCCCN1CCN(CC1)c1ccccc1)c1ccc2ncccc2c1,5
N[C@@H](CC(=O)N1CCn2c(C1)nnc2C(F)(F)F)Cc1cc(F)c(F)cc1F,3.832682665
COC1COCCC1N[C@@H]1C[C@H]2CCC[C@]2(C1)C(=O)N1CCc2ccc(Cl)cc2C1,4.372634143
COc1ccc(cc1)N(Cc1cnccc1C)C1CCN(CC1)[C@H](C)CCNC(=O)c1c(C)cc(Cl)nc1C,6.698970004
COc1ccc2[nH]c3c(c2c1)C[C@H]1c2cc4c(cc2CCN1C3)OCO4,4.879426069
C[C@@H]1CN(CCN1c1ncc(OCc2ccc(C[S+](C)[O-])cc2F)cn1)c1nc(no1)C(F)(F)F,4.552841969
Fc1cccc(c1)C1(CCN2[C@@H]3CC[C@@H]2C[C@@H](C3)n2c(C)nc3c2cccc3)CCN(CC1)C(=O)c1cc(NS(=O)(=O)C)c(cc1Cl)F,4.494850022
Clc1cccc(CN2CCN(CCN3Cc4ccccc4C3)C2=O)c1,5.602059991
CC[C@H]1CN2CCC1C[C@H]2[C@H](O)c3ccnc4ccc(OC)cc34,5.199998172
CS(=O)(=O)NCC1CCC(CC1)Nc1sc2c(n1)c1ccccc1SCC2,5
C[C@@H]1CCCN1CCCOc1ccc(cc1)C1=NNC(=O)C2CC12,4.522878745
CO[C@H]1CN(CCn2c3cc(ccc3ccc2=O)C#N)CC[C@H]1NCc1cc2OCCOc2cn1,3.759450752
COc1ccc2ncc(F)c([C@H]3OC(=O)O[C@@H]3C34CCC(NCc5ccc6c(n5)NC(=O)CO6)(CC3)CO4)c2n1,4.950781977
O=C(Nc1ccc(cc1)-c1nnc(NCCCN2CCCCC2)o1)C1CCCCC1,4.700000504
CC1(C)COCc2sc(nc12)N1CCN(CC1)C(=O)[C@@H]1CCCC[C@H]1C(=O)NC1(CC1)C#N,4
OC(C1CC[NH+](CC1)CCC[C@@H](O)c1ccc(cc1)C(O)(C)C)(c1ccccc1)c1ccccc1,3.337242074
CCCCc1cc(OC2CCN(CCCCNS(C)(=O)=O)CC2)c2ncccc2c1.Cl.Cl,7.701146924
CN(C)CCC1=C(Cc2cccnn2)c2ccc(F)cc2C1,6.050609993
CC(C)(C)NC(=O)c1c[nH]c2ncc(nc12)-c1nn(C2CCNCC2)c2cc(F)ccc12,5.522878745
FC(F)(F)c1cccc(c1)C(=O)NCC(=O)N[C@@H]1CCN(CCN2CCN(CC2)C(=O)c2ccccc2)C1,5
C[C@H]1COCCN1c1cc(CS(C)(=O)=O)nc(n1)-c1ccc2[nH]ccc2c1,4.494850022
COc1cc(CCN2CCN(CC(C)c3ccc4C(=O)OCc4c3C)CC2)ccc1C#N,5.552841969
Cn1cnc(c1)C(=O)N(Cc1cccc(OC(F)(F)F)c1)[C@@H]1C[C@@H]2CNC[C@@H]2C1,4.879426069
O=C(C1CC(Oc2ccc(F)cc2)CN1)N1CCCN(C2CCCC2)CC1,5.337242168
COC(=O)c1ccc(/C=C/CN(C)Cc2ccc3c(c2)OCCC3)cc1.Cl,5.187086643
Cc1ccc(OCC#Cc2cccc(C#CCOc3ccc(C)cc3)[n+]2C)cc1,5
CN1CCC[C@@H]1Cn1nc(Cc2ccc(Cl)cc2)c2cnccc2c1=O,5.602059991
CC1CN(CC(N1)C)Cc1ccc(cc1)c1cccnc1C(=O)N1CCC(CC1)Nc1ccc(cc1)F,4.494850022
Cc1c2COC(=O)c2ccc1[C@@H](O)CN1CCN(CC(O)c2cc(c(cn2)C#N)C(F)(F)F)CC1,5.13076828
CCSc1ncccc1C(=O)N1CC[C@H](NCc2cncn2Cc2ccc(cc2)C#N)C1=O,4.853871964
CCCNS(=O)(=O)c1ccc(cc1)c1ccc(cc1)CCN1CCCC1C,5.853871964
O=C(N1CCC(CC1)Nc1ncccn1)OCc1ccc(cc1)C,5
Cc1ccccc1C(=O)Nc1ccc(cc1)-c1nnc(NCCCN2CCCCC2)o1,5.102372909
O=C(N1Cc2ccccc2C1)N1CCN(CC1)C1CCCC1,4.913640169
O=C(Nc1ccc(cc1C1=CCCCC1)C1CCN(CC1)C(=O)c1cccnc1)c1ncc([nH]1)C#N,5
CSc1ncccc1C(=O)N1CCC(C1)NCc1cncn1Cc1ccc(cc1)C#N,5.107905397
Cc1ccc2c(-c3nnc(SCCCN4CC5CC5(c5ccc(Br)cc5)C4)n3C)cccc2n1,6.89997427
CC(C)(C)NC(=O)C1N(Cc2ccccc2-c2ccccc2)C(=O)c2cc(O)ccc12,4.346787486
CN1CCC[C@@H]1Cn1nc(Cc2ccc(Cl)cc2)c2ncccc2c1=O,6.799970733
O=C(C(C(c1onc(n1)c1ccc(cc1Cl)S(=O)(=O)C)C)N)N1CCCC1,4.431798276
CC(CN(C(=O)c1ccccc1Oc1ccccc1)C1CNCC1)C,5.966576245
Cc1cc(C)nc(n1)N1C[C@@H]2CN(C[C@@H]2C1)C(=O)c1ccc(F)cc1-n1nccn1,5
CC(N1CCN(CC1)Cc1cnc(c(c1)F)c1ccc(cc1)C(=O)Nc1ccccc1N)C,4.508638306
CCCOCCn1c2cc(ncc2nc(N2CCN(CC2)[C@@H](C)[C@@H](C)O)c1=O)-c1ccc(OC)nc1,7.26760624
COCC[C@H](Oc1ncnc2n(ncc12)-c1ccccc1Cl)C(=O)Nc1ccc(C)cn1,4.657577319
CSc1nc(-c2ccc(F)cc2)c(-c2ccnc(Nc3ccccc3)c2)[nH]1,5.559090918
NCC(=O)N1CCn2c(C1)nc(c2Nc1ccc(F)cc1)-c1cccc(F)c1,4.522878745
CC(N(C(=O)c1ccccc1C(F)(F)F)C1CNCC1)C,4.698970004
CN1C(=O)[C@@H](NC(=O)c2n[nH]c(Cc3ccccc3)n2)COc2ccccc21,3.709965389
CN1C2CCCC1CC(C2)NC(=O)c1nn(C)c2ccccc12,5.43062609
CNC(C)(C)C(=O)N1CCN(CC1)C(=O)c1cc(Cc2c[nH]c(=O)c3cc(Cl)c(Cl)n23)ccc1F,4.958607315
OC(=O)C(F)(F)F.Clc1cccc(CN(CC2CNC2)c2ccccc2)c1Cl,5.725842151
CC[C@@H]1Sc2ccccc2O[C@@H]1c1ccc(OCCCN2CCCC2)cc1,9
Cc1cnc(NC(=O)[C@H](COC2CCC2)Oc2ncnc3c2cnn3-c2ncccc2Cl)cn1,4.400000186
CCOC[C@H]1[C@@H]2CNC[C@]12c1ccc(Cl)c(Cl)c1,5.37675071
CCC[C@@H](CCO)Nc1nc(N)nc2ccc(C)cc12,5.142667504
O=C(NC(c1ccc(Cl)cc1)c1ccc(Cl)cc1)[C@@H]1CC[C@@H](N2CCOCC2)C[C@H]1c1ccc(Br)cc1,7.408935393
C[C@@H](O)c1nc2cnc3[nH]ccc3c2n1[C@H]1CC[C@H](CCC#N)CC1,4.698970004
C[C@@H]1CCCN1CCc1ccc2nc(ccc2c1)-c1cnn(C)c1C,4.397940009
CNCC[C@@H](Oc1cc(Cl)ccc1C#N)c1ccccc1.Cl,5
Cc1nc([C@]2(c3cnn(C)c3)N[C@@H](c3nc(-c4ccccn4)c[nH]3)Cc3c2[nH]c2ccccc32)no1,5.259400487
O[C@@]1(CC23CCC(CC2)(CO3)NCc2ccc3OCC(=O)Nc3n2)Cn2c3c1c(F)cnc3cc(F)c2=O,4.22184875
O=C(CN1C(O[C@](C1=O)(C)C(C)C)c1cccc(c1F)F)Nc1ccc2c(c1)C[C@@]1(C2)C(=O)NC(=O)N1C,4.22184875
CCC[C@@H]1C[C@@H](CC[C@@H]1N1CC[C@H](Nc2ncnc3ccc(cc23)C(F)(F)F)C1=O)N(C)C(C)C,5.744727495
Fc1ccccc1C(=O)Nc1ccc(cc1)-c1nnc(NCCCCN2CCOCC2)o1,4.334419009
O=C1OC2(CN1c1ccccn1)CCC(CC2)c1nc2c([nH]1)cc(cc2)OC(F)(F)F,5.602059991
Cn1c(SCCCN2CC3C(C2)N(CC3)c2cccc(c2)C(F)(F)F)nnc1c1nccnc1,7
Cc1ncoc1-c1nnc(SCCCN2CC[C@@]3(C[C@H]3c3ccc(F)cc3F)C2)n1C,6.119987162
CN1CCN(CC1)c1cccc2OC[C@H](Cc12)NC(=O)c1nn(nc1C)-c1ccccc1,5.102372909
CO[C@]1(CC23CCC(CC2)(CO3)NCc2ccc3OCC(=O)Nc3n2)Cn2c3c1c(F)cnc3ccc2=O,4.610833916
CN1CCN[C@H](C1)C(=O)N1CCN(CC1)C(=O)Nc1ccc(Cl)c(Cl)c1,4.698970004
OCCCC(c1ccc(cc1)Cl)NC(=O)C1(N)CCCN(C1)c1ncnc2c1cc[nH]2,4.236572006
CCN(CC)Cc1ccc2C[C@H](CCc2c1)N1CCN(CCc2ccc(Cl)cc2)CC1=O,5.48148606
COC[C@H]1CCCN1CCn1ncc2cc(ccc12)-n1ccc(OCc2ccccc2)cc1=O,6.096910013
Fc1ccc(cc1)C1(COCc2cc(cc(Cl)n2)C(F)(F)F)CCNCC1,4.698970004
Cc1ncc(CNC2CCN(CCn3c4cc(Oc5ccc(cc5)S(N)(=O)=O)cnc4ccc3=O)CC2)cc1C#N,4
COc1cc(ccc1-n1cnc(C)c1)-c1cn(nn1)[C@H]1C[C@H](CCN(CC(F)(F)F)C1=O)C(F)(F)F,4.496209317
OC(=O)C1CN(C1)C1CC[C@@]2(C1)Cc1ccccc1Cc1ccccc21,4.300162274
CCCCCCCN1CCC(CC1)C(=C)c1ccc(cc1)Cl,7.236572006
ONC(=O)C=Cc1ccc2c(c1)CN(C2)S(=O)(=O)c1ccc(cc1)C(F)(F)F,4.522878745
C[C@@H]1NC(c2cc(Cl)ccn2)=N[C@@]1(c1ccc(F)cc1)c1ccc(F)nc1.Cl,5.107905397
Cn1c(SCCCN2CC3CCN(c4ccc(F)cc4)C3C2)nnc1C1CCCCC1,7
FC(c1nc(NCc2ccc3c(c2)OCO3)nc(c1)Nc1ccccc1)(F)F,3.869666232
OC1(CNCC(=O)N2CCc3ccccc3[C@@H]2C2CCCCC2)CCCCC1,4.008773924
F[C@H]1CCN(C1)C(=O)[C@H]([C@H](c1ccc(cc1)c1cccc(c1)c1nnn[nH]1)C)N,4.229147988
COc1ccc(cc1)N1CCN(CC1)CC(COc1ccc(cc1)C(F)(F)F)O,5.389339837
CC(C)Oc1ccc(cc1C#N)-c1nc(no1)-c1cccc2CN(CCOc12)C(CO)CO,5.170001911
COc1cc(-c2cn(C3CCc4ccccc4N(Cc4ccccc4)C3=O)nn2)ccc1-n1cnc(C)c1,5.995678626
Cn1c(SCCCN2CC[C@]3(C[C@@H]3c3ccc(C(F)(F)F)cc3)C2)nnc1-c1ccc(C(N)=O)nc1,6.179995693
CC(N1CCC(CC1)n1c(C)nnc1C(C)C)CC(c1ccccc1)NC(=O)C1CC(C1)(F)F,5.657577319
OC1(CC23CCC(CC2)(CO3)NCc2ccc3OCC(=O)Nc3n2)Cn2c3c1c(F)cnc3c(Cl)cc2=O,4.22184875
ONC(=O)C=Cc1ccc2c(c1)CN(C2)C(=O)C(C)(C)C,4.522878745
O=C1COc2c(N1)nc(cc2)CNC12CCC(CC1)(OC2)CC1(O)Cn2c3c1c(F)c(Cl)nc3ccc2=O,4.22184875
O=C([C@@H](c1cnc(cc1C)n1cnnn1)C)N1CCN(CC1)CCc1ccc2c(c1C)COC2=O,4.37675071
CCOC(=O)C1=C(CN2CC[S+]([O-])CC2)NC(c2nccs2)=NC1c1ccc(F)cc1Br,5.241088108
C[C@H]1N(CCn2c1nnc2-c1nc(C)ns1)C(=O)c1ccc(F)cc1F,4.15490196
Clc1ccccc1C(=O)N(C1CNCC1)CC1CCC1,4.698970004
Cc1c(Cl)ccc(OC2CCN(CC2)C2CCN(CC2)S(=O)(=O)NC(=O)c2ccccc2)c1Cl,5.399996913
O=c1ccc(OCCCN2CCCCC2)nn1-c1ccc(Cl)c(Cl)c1,5.197910742
O=C(NC1CC1c1ccccc1)N1CCC(CC1)c1nc(no1)-c1nccc2ccccc12,5.15490196
Fc1cc(ccc1NC(=O)c1ccccc1F)-c1nnc(NCCCN2CCCCC2)o1,5.200659451
S(CC)c1ncccc1C(=O)N1CC[C@@H]([NH2+]Cc2n(cnc2)Cc2ccc(cc2)C#N)C1=O,4.853871964
N#Cc1cccc(Cl)c1-n1ncc2c(O[C@@H](CN3CC(O)C3)C(=O)Nc3ccc(F)cn3)ncnc21,4.300000202
Cn1c(SCCCN2CC3[C@@](C2)(C3)c2ccc(cc2)C(F)(F)F)nnc1c1ccccc1,6.200659451
CCN(CC)CCOC(=O)C(O)(c1ccccc1)c2ccccc2,5.309998953
Fc1cnc2c3c1C(O)(Cn3c(=O)cc2)CC12CCC(CC1)(CO2)N/C=C/c1ccccn1,7.193820026
CS(=O)(=O)c1ccc(cc1)-c1cnc2ccc(nn12)-c1cccc(c1)S(=O)(=O)C1CC1,6.397940009
C[C@@H]1CCCN1CCc1ccc2nc(ccc2c1)-c1sc(nc1C)-c1cnccn1,4.494850022
O=C(NC1CCN(C1)CCN1CCN(CC1)C(=O)c1ccccc1Cl)CNC(=O)c1cccc(c1)C(F)(F)F,5
COc1cccc(CN2CCC(CNC(=O)c3cc(CC(C)C)n(n3)-c3ccccc3)(CC2)C#N)c1,5.823908741
CC(C)(N)C(=O)N1CCn2c(C1)nc(c2Nc1ccc(Cl)cc1)-c1ccc(F)cc1,5.638272164
CN(C)c1ccc(\C=C\c2c(F)cccc2F)cc1,4.493494968
CNCC[C@@H](c1cccs1)Oc1ccc2c(c1)cccc2,6.522878745
Clc1cnc(nc1)N1CCC(CC1)[C@H]1C[C@H]1CCOc1ccc(cn1)-n1ccnn1,4.356547324
O=C(Nc1cccc(C(F)(F)F)c1)n1ccc2cc(Oc3ncnc4c3CCNC4)ccc21,5.050609993
Cl.N=C(N)N/N=C/c1ccc(-c2ccc(/C=N/Nc3ccccc3Br)cc2)cc1,6.356547324
CN(C)c1ccc(cn1)[C@]1(O)CC[C@@H](CC1)N1CC(C1)NC(=O)CNC(=O)c1cccc(c1)C(F)(F)F,4.647817482
c1cccc(c1=2)=[NH+]c3c(cc(Cl)cc3)NC2N4CC[NH2+]CC4,5.350003493
COc1ccc(cc1)-c1nnc(o1)C(=O)N1CC(C1)Oc1ccc(CN2CCOCC2)c(OC)c1,5.008773924
O=C1OC2(CN1c1ccccc1)CCC(CC2)c1nc2c([nH]1)cc(cc2)OC(F)(F)F,5.602059991
O=C(CN1C(OC2(C1=O)CCOCC2)c1cccc(c1)Cl)Nc1ccc2c(c1)C[C@@]1(C2)C(=O)NC(=O)N1C,4.22184875
CC(N1[C@H]2CC[C@@H]1C[C@H](C2)Oc1cccc(c1)C(N)=O)c1ccncc1,9
CC(=O)NC1CCN(CC1)Cc1ccc(cc1)OCCCc1ccc(nn1)c1ccc(cc1)F,5
CCC(CC)CNc1c(C(N)=O)cnc2ccc(-c3cnn(C)c3)cc12,5.920818754
CC(=O)Nc1cc(Nc2cc(NC3CCC3)n3ncc(C#N)c3n2)ccc1C,4.958607315
CN[C@@H](C)C(=O)N[C@@H]1C(=O)N(Cc2c(C)ccc3ccccc23)c2ccc(C#N)cc2N(C(C)=O)[C@H]1C.Cl,4.452225295
Cc1c(cc(n1C)C(C)(C)C)C(=O)NCCN1CCN(CC1)c1cccc(C)c1C,4.928117993
Fc1ccccc1OC(CC1CNC1)c1ccc(Cl)c(F)c1,5.853871964
O=C1N(CC[C@@H]1[NH2+]Cc1n(cnc1)Cc1ccc(cc1)C#N)Cc1ccccc1,5.142667504
C1CC(CO1)C1N[C@H](Cc2c1[nH]c1ccccc21)c1nc(c[nH]1)-c1ccccc1,9
Cc1ccc(-c2cc3nccnc3c(NCCCCN)n2)cc1,4.800000875
Cn1c(SCCCN2CC[C@]3(C[C@@H]3c3ccc(C(F)(F)F)cc3)C2)nnc1-c1ccc(C(N)=O)cc1,6.090016305
O=C(c1ccc(cc1)OC1CC(C1)N1CCCCC1)N1CCCCC1,4.522878745
O=c1ccc2ccc(cc2n1CCN1CCC(CC1)NCc1cc2OCCOc2cn1)C#N,4.373317876
N#Cc1ccc(CN2CCN(c3ccc4nnc(C(F)(F)F)n4n3)CC2)cc1,5.650004101
Fc1ccc(cc1)[C@@H](NC(=O)c1ccc(cc1)[S@+](C)[O-])CCN1[C@@H]2CC[C@@H]1C[C@@H](C2)n1c(C)nc2c1cncc2,5
Cn1cc(-c2ccc(O[C@@H]3CCN(C(=O)Cc4ccc(OC(F)(F)F)cc4)C3)c(C(N)=O)n2)cn1,5.167491087
CC(C)c1ccccc1C(=O)N(C1CCCC1)[C@H]1CCNC1,4.732828272
CO[C@H]1C[C@@H](n2c(=O)n(C)c3cnc4cc(F)c(-c5ccc(CS(C)(=O)=O)nc5)cc4c32)C1,4.853871964
CN1CC2C(C1)C2CN(C(=O)c1ncn(c1)C)Cc1cccc(c1)OC(F)(F)F,5.420216403
C[C@]1(COc2ccc(OC(F)(F)F)cc2)Cn2cc([N+](=O)[O-])nc2O1,4.978810701
O[C@]1(CC[C@@H](CC1)N1CC(C1)NC(=O)CNC(=O)c1cccc(c1)C(F)(F)F)c1cncs1,4.301029996
Clc1cc2CN3CC[C@@H](NCc4cncn4Cc4ccc(C#N)c(Oc(c1)c2)c4)C3=O,6.698970004
Cc1ccc(-c2ncc(OC[C@H]3CCNC3)cc2-c2ccc(C#N)cc2)cc1,5.494850022
C[C@H](N)C(=O)N1CCc2c(C)c3c(CC(C)(C)CC3=O)n2-c2ccc(C(N)=O)c(N[C@@H](C)[C@H](C)C1)c2,4.48148606
N#Cc1ccc(cc1)Cn1cncc1CNC1CCN(C1=O)Cc1ccccc1,5.142667504
COc1ccccc1-n1nc(C2CC(C)(C)OC(C)(C)C2)cc1-c1csc(Cl)c1,4.585026652
CC1=NC(N=C1N)(C1CCCCC1)c1cccc(c1)-c1cccnc1,4.540607512
FC(F)(F)c1cccc(c1)-c1cc(CCCN2CCCCC2)nc(n1)C#N,6.795880017
CO[C@@H]1COCC[C@@H]1N[C@@H]1CC[C@](C1)(C(C)C)C(=O)N1CCN(CC1)c1cccc(n1)C(F)(F)F,5.408935393
Cc1c[nH]c2c(Nc3nc(N[C@@H]4CCCC[C@@H]4N)cc4nc[nH]c(=O)c34)cccc12,4.522878745
Cc1c(CN2CCOCC2)cc(-c2ccc(C(C)C)cc2)n1C1CCC1,5.096910013
O=C(O[C@H]1C[C@H]2C[C@@H]3C[C@@H](C1)N2CC3=O)c1c[nH]c2ccccc12,5.045757491
CS(=O)(=O)c1ccc(-c2ccc3ncc(-c4cccc(S(C)(=O)=O)c4)n3n2)cc1,5.397940009
O=C(NC[C@@H]1CC[C@H](CCOc2ccccc2)CC1)c1cn[nH]c1,4.522878745
N#CCN1CCN(C(C1)C)c1cc2[nH]c(nc2cc1Cl)SC(C)(C)C,5
CN1CCCN(CC1)C(c2ccccc2)c3ccc(Cl)cc3,6
CN(C/C=C/c1ccc(C(F)(F)F)cc1F)Cc1ccc2c(c1)OCCC2.Cl,5.494850022
O=C(CCCCCN1C(=O)c2ccccc2N(Cc2ccccc2)C(=O)[C@@H]1Cc1ccccc1)NO,5.65200685
CC(C)CN([C@H]1CCNC1)C(=O)c1ccc(Cl)c(Cl)c1,4.764471553
COC[C@@]12CN(CC)C3[C@]4(C2[C@@H](OC)[C@@H]3[C@@]2(C3C4C[C@@]([C@@H]3OC(=O)c3ccccc3)(C(C2O)OC)O)OC(=O)C)C(C[C@H]1O)OC,4.869666232
CNC(=O)c1ccc(cc1F)-c1cc(F)c2ncc(Cc3ccc4ncccc4c3)n2c1,4.028909787
CCN(Cc1cc(ccc1-c1cc(CC(O)=O)ccc1OC)C(F)(F)F)C(=O)OCc1ccccc1,4.522878745
CC(=O)NCCc1ccccc1-c1ccc([C@@H](CN)Cc2ccc(OCCOc3c(Cl)cc(C)cc3Cl)cc2)c(C)c1,9
CC1CCC(CCCCN2CCC(CC2)C(O)(c2ccccc2)c2ccccc2)CC1,4
COc1ccc(-c2cc3c(N[C@@H]4CC[C@](C)(N)C4(C)C)c(C(N)=O)cnn3c2)cc1,4.860120914
Cc1nc(c(s1)c1nnc(n1C)CCCCN1CC2[C@@](C1)(C2)c1ccc(cc1)C(F)(F)F)C,5.698970004
CC(C)Cc1cc(cc(COCC2(CCN(C)CC2)c2ccc(F)cc2)n1)C(F)(F)F,4.920818754
Cc1cc(N2CCC(N3CCCC3C)C2)ccc1NC(=O)c1cc(F)ccc1C,6.318758763
C[C@@H]1CCCN1CCc1ccc2nc(ccc2c1)-c1ccc(C)nc1C,4.698970004
O=C1[C@H](CCN1Cc1ccccc1)N(CCN1CCNCC1)Cc1cncn1Cc1ccc(cc1)C#N,5.958607315
Cc1cc(CCN2CCN(C(=O)Cc3ccc(-n4cnnn4)cc3)CC2)cc2c1C(=O)OC2,5
FC(F)(F)Oc1ccc(CNC(=O)C2N(CCc3ncccn3)C(=O)c3ccccc23)cc1,4.795880017
C[C@H](c1c(CCN(C)C)sc2ccccc12)c1ccccn1,5.853871964
Cc1nc(CNC2CCN(CCn3c4cc(ccc4ccc3=O)C#N)CC2)ccc1C#N,5.27572413
CCCC[C@@H](CCO)Nc1nc(N)nc2ccc(OC)cc12,5.22184875
COc1ccc(-c2cnn3c(N)c(-c4ccccc4)c(NC4CC(C)(C)N(C)C(C)(C)C4)nc23)cc1OC,5.920818754
Cc1ccc(OCC#Cc2cc(N)cc(n2)C#CCOc2ccc(C)cc2)cc1,5
CC(C)COc1ccc(Cl)cc1-c1ccccc1-c1cccc(n1)C([O-])=O,4.500312917
CC(c1ccc(cc1)OS(=O)(=O)C(F)(F)F)C(=O)O,5
C[C@@H](C[C@@H](CS(=O)(=O)N1CCN(CC1)c1ccc(F)cc1)N(O)C=O)c1ncc(F)cn1,4.585026652
COc1cc(ccc1-n1cnc(C)c1)-c1cn(nn1)[C@H]1C[C@H](CCN(CC23CC4CC(CC(C4)C2)C3)C1=O)C(C)(C)C,6.060480747
CCOc1ccccc1C[C@@H](N1CCNCC1)c1ccccc1,5.158015195
Cc1cnc(nc1)N1CCC(CC1)[C@H]1C[C@H]1CCOc1nc(C)cc(n1)C#N,5.397940009
Brc1ccc(cc1)N(C1CCN(Cc2ccnnc2)CC1)C(=O)NCc1ccccc1,4.860120914
COc1ccc(cc1Nc1ncc(Cl)c(n1)-c1cnc2ccccn12)C(=O)N1CCOCC1,5.886056648
CC[C@@H](CC(=O)NCC1CCCCC1)n1c(N)nc2cc(Cl)ccc12,5.124938737
Cc1ccc(Cn2c(nc3ccccc23)[C@H]2CNCCO2)cc1,5.638272164
Fc1ccc(cc1)Cn1c2c(nc1NC1CC[NH+](CC1)CCc1ccc(O)cc1)cccc2,7.522878745
CN1C[C@H](Cc2ccc(Cl)cc2)N(C2CCN(c3n[nH]c(N)n3)CC2)Cc2cc(Cl)ccc21,6.096910013
CCN(CC)CCN(C)c1ccc(cc1)-n1ccc(OCc2ccccc2)cc1=O,9
CN(C)c1ccc(-c2cc(NC[C@H]3CCCNC3)c3cccnc3c2)cn1,4.400000186
COc1ccc(-c2cc(=O)c3c(O)cc(O)cc3o2)cc1,4.48945499
O[C@H](COc1ccc(cc1)C(F)(F)F)CN1CCN(Cc2c(F)cccc2Cl)CC1,4.854803594
C=CCOc1cc(F)c(F)cc1C1CC1CN.Cl,5.040958608
O=C(c1ccc(F)cc1)N1CCN(c2ccc(OC3CCN(C4CCCC4)CC3)cc2)C(=O)C1.O=CO,4.700000504
O[C@]1(CC[C@@H](CC1)N1CC(C1)NC(=O)CNc1ncnc2ccc(cc12)C(F)(F)F)c1ccns1,4.54668166
COc1c(Nc2ncc(Cl)c(Nc3ccccc3N3CCCS3(=O)=O)n2)ccc2c1CCCC(N1CCN(CCO)CC1)C2,5.568636236
FC(F)(F)c1ccc(cc1)-n1ccc(CN2CCC(CC(=O)N3CCCC(C3)C(=O)N3CCCC3)CC2)c1,4.508638306
CN(C)c1ncc(\C=C\c2c(F)cccc2F)cn1,4.392544977
Clc1ccc(cc1)c1nnc(n1C)CCCCCN1CC2[C@@](C1)(C2)c1ccc(cc1)C(F)(F)F,7.397940009
NC1CN(CCC1c1cc(F)c(cc1F)F)c1ccncn1,4.585026652
Cn1c(SCCCN2CC[C@]3(C[C@@H]3c3ccc(C(F)(F)F)cc3)C2)nnc1-c1nccs1,6.349984048
COc1ccc(/C=C/CN(C)Cc2ccc3c(c2)OCCC3)c(F)c1.Cl,5.508638306
Cc1ncoc1-c1nnc(SCCCN2CC3CC3(c3ccc(C(C)(C)C)cc3)C2)n1C,6.199970641
[2H]C([2H])(O)CN1CCN(c2cnc3cc(C(F)(F)F)cc(NCc4cccc([N+](=O)[O-])c4)c3c2)CC1,6.795880017
Cc1ccc(Cc2cccc(COc3ccc(C)cc3)n2)cc1,9
NCc1ccc(-n2cc(-c3ccc4cc[nH]c4c3)c(C(F)(F)F)n2)cc1,5.397940009
COc1ccccc1c1oc2c(n1)c(ccc2)C(=O)NC1CC2CCCC(C1)N2C,6.397940009
COc1ccc(cc1)-c1nnc(o1)C(=O)N1CC(C1)Oc1ccc(CN2CC3(C2)CCOC3)cc1,4.795880017
NC(=O)c1cc(Cl)c2c(Cl)c(C#CC3COCCO3)n([C@H]3CCCNC3)c2n1,8.853871964
CO[C@@H]1COCC[C@@H]1N(C)[C@@H]1CC[C@](C1)(C(C)C)C(=O)N1CCN(CC1)c1cc(cnn1)C(F)(F)F,4.277366077
C[C@@H]1CN(CCN1c1ncc(OCc2ccc(OS(C)(=O)=O)cc2F)cn1)c1nnc(o1)C(F)(F)F,4.769551079
COc1nccnc1CC1=C(CCN(C)C)Cc2cc(Cl)ccc12,6.698970004
Clc1ccc(CN(C2CC2)C2CNC2)cc1Cl,5.327902142
OC[C@H]1CCCN1CCn1ncc2cc(ccc12)-n1ccc(OCc2ccccc2)cc1=O,5.638272164
Cc1ncoc1-c1nnc(SCCCN2CC3CC3(C2)c2cccc(Cl)c2)n1C,5.971957705
CN1CCN(c2ccc(Nc3nccc(-c4sc(C5CCNCC5)nc4-c4ccc(F)cc4)n3)cc2)CC1,4.879426069
Cc1nn(c(c1c1nnc(n1C)CCCCN1CC2[C@@](C1)(C2)c1ccc(cc1)C(F)(F)F)C)C,5.301029996
Cc1nc2ccccc2c(=O)n1-c1ccc(OCCCN2CCCCCC2)cc1,5.180456064
C[C@H](CN(C)C)Oc1nc(Nc2cc3cccc(Cl)c3cn2)cnc1C#N,5.301029996
CCN(CCNC(=O)c1ccc(cc1)NS(=O)(=O)C)CC,4.301029996
Cn1cc(Cn2cc(-c3ccc(Cl)c(OC(F)F)c3)cn2)cn1,4.280668713
COc1ccc2c(c1)n(CCN1CCC(C(C1)F)NCc1ncc3c(c1)OCCO3)c(=O)cn2,4.124938737
C[C@@H]1CN(CC2(CC2)C(N)=O)CCN1S(=O)(=O)c1ccc(cc1)[C@@](C)(O)C(F)(F)F,4
CN(CCC1CCN(CC1)c1nc2ccccc2c(c1)C(=O)NCC1CCC(CC1)CNC(=O)OC(C)(C)C)C,4.48148606
CC1(C)[C@H](Nc2c(C(N)=O)cnn3cc(-c4ccnc(F)c4)cc23)CC[C@]1(C)N,4.387216143
CN(Cc1nc(no1)-c1ccccc1)Cc1nc2ccccc2c(=O)[nH]1,4.583359493
O=C1CCc2cc(OCCCCc3nnnn3C4CCCCC4)ccc2N1,6.059981845
Cc1ccccc1CN1[C@H]2CC[C@@H]1C[C@H](C2)Oc1cccc(c1)C(N)=O,9
COc1ccc(CN(CC(=O)N2CCC(CN)CC2)c2ccc(C#N)cc2)cc1F,4.906578315
C[C@@H](N[C@@H]1CC[C@@H](C(=O)N2CCC(CC2)(C(=O)N2CCCC2)c2ccccc2)C(C)(C)C1)c1ccccc1,5
Fc1ccc(cc1)C(CCCCC(=O)N1CC[C@H](CNC(=O)c2cc(cc(c2)C(F)(F)F)C(F)(F)F)C1)c1ccc(F)cc1,6.124938737
CCCN1CCC[C@H](C1)c2cccc(O)c2,5.270001453
COc1ccc2c(n1)c(CC[C@]13CC[C@](CC1)(CO3)NCc1ccc3c(n1)NC(=O)[C@@H](O3)C)c(cn2)F,6.096910013
CN1CCCC1\C=C\c1nc2cc(C)c(C)cc2n1Cc1ccc(Cl)cc1,6
COc1ccsc1CNCC[C@@]1(c2ccccn2)CCOC2(CCCC2)C1,5.207608311
CCn1cc(cn1)C1(NC(Cc2c1[nH]c1ccccc21)c1nc(c[nH]1)-c1ccc(F)cn1)c1nn(C)c(=O)o1,4.567030709
Clc1ccc(-c2c[nH]c([C@H]3Cc4c([nH]c5ccccc45)[C@@H](C4CCOCC4)N3)n2)nc1,6.332547047
CSc1ccccc1C(=O)N(C1CCNC1)C1CCCC1,4.728158393
C[C@@H](Oc1cccc2ncnc(Nc3ccc4n(Cc5ccccn5)ncc4c3)c12)C(=O)N(C)C,4.602059991
CC(C)n1c(C)ncc1-c1nc(Nc2ccc(cc2)N2CCOCC2)ncc1F,4.958607315
O=C(NC1CN(C1)C1CC[C@](CC1)(O)c1cccnc1)CNc1n[nH]c2c1cc(cc2)C(F)(F)F,4.443697499
CN(C1CCN(Cc2ccc(cc2)C(F)(F)F)CC1)C(=O)Cc1ccc(cc1F)S(C)(=O)=O,5.585026652
COc1ccccc1Oc1ccccc1CN1CCC2(CC1)CCN(CC2)C(=O)c1ccncc1,9
FCCCCCCC[N+](CCCCc1ccc(cc1)Cl)(CC)CC,7.361510743
Cc1cccc(CCN2CCC(C(=O)c3ccc(NS(C)(=O)=O)cc3)CC2)n1.Cl.Cl,5.168770306
CN(C)S(=O)(=O)Nc1ccc2ccc3ncc(cc3c(=O)c2c1)-c1cnn(C)c1,4.522878745
COc1ccc2c(c1)[nH]c1c2CCN2[C@@H]1C[C@H]1[C@@H](C2)C[C@H]([C@@H]([C@H]1C(=O)OC)OC)OC(=O)c1cc(OC)c(c(c1)OC)OC,5.721246399
CC(C)CNC(=O)c1cn(-c2cccc(Br)c2)c2ncccc2c1=O,4.49757288
O=C(Nc1ccccc1)NS(=O)(=O)c1ccc(OCCCCN2CCCC2)cc1,4
CCN(CC)C(=O)c1ccc(cc1)C1CC2(CCNCC2)Oc2ccccc12,5.292941059
CC(C)Oc1ccccc1N1CCC2CN(CCCSc3nnc(-c4cnccn4)n3C)CC21,5.699991797
C[C@@H]1CN(CCC#N)CCN1c1cc2[nH]c(SC(C)(C)C)nc2cc1Cl,5
COc1cc(ccc1Oc1ccc(Cl)cc1NS(=O)(=O)c1ccc(Cl)c(c1)C(F)(F)F)C(=O)NCCN1CCCC1,4.602059991
CC(Cc1ccncc1)c1nc2cc(C)c(C)cc2n1Cc1ccc(Cl)cc1,5.055517328
CC(N1CCC(CC1)Nc1nc(c2ccccc2Cl)c2c(n1)N(C(=O)NC2)c1c(Cl)cccc1Cl)C,5.193820026
Clc1ccc(cc1Cl)[C@]12CNC[C@H]1CCCC2,5.443697499
CC(C)NS(=O)(=O)c1cc(C(=O)N2CCC(CCN3C4CCC3CC(C4)n3c(C)nc4ccccc34)(CC2)c2cccc(F)c2)c(Cl)cc1F,4.889999849
O=C(C1CN(CC1C(=O)Nc1ccc(cn1)Cl)C(C)C)Nc1ccc(cc1F)n1ccccc1=O,4.920818754
C=CC(=O)Nc1cccc(Oc2nc(Nc3ccc(N4CCN(C)CC4)cc3)nc3[nH]ccc23)c1,6
Fc1ccc(cc1)CNC(=O)c1nc2[C@H](CCCCn2c(=O)c1O)N(C(=O)C(=O)N(C)C)C,5
CC(C)n1nc(C(=O)NCC2CCN(CCc3ccc(cc3)C(O)=O)CC2)c2ccccc12,4
COc1ccc(cc1Nc1ncc(Cl)c(n1)-c1cnc2ccccn12)N1CCOCC1,5.292429824
Cc1nc2c(cccc2n1-c1ccc(s1)C(=O)NC1CC1)C#N,4.27572413
COc1ccccc1Oc1ccccc1CN1CCC2(CC1)CCN(C(=O)c1cc(N)ccn1)CC2,2.210000001
O=C(NC1CC1)c1ccc(F)cc1OC[C@@H](O)CN1CCC2(CC1)Cc1cc(Cl)ccc1O2,7.420216403
COc1ccccc1-n1nc(C2CC(C)(C)OC(C)(C)C2)cc1-c1ccc(Cl)cc1,4.698970004
CC(C)(N)C(=O)N1CCn2c(C1)nc(c2Nc1ccc(F)c(F)c1)-c1ccc(F)cc1,5.318758763
O=C(N(C)C)NC1CCC(CC1)CN1[C@@H]2CC[C@H]1C[C@H](C2)Oc1cccc(c1)C(=O)N,4.48148606
CCOC(=O)N(Cc1ccccc1-c1ccccc1)[C@H]1CCNC1,5.302770657
COc1ccc2ncc(F)c(CC(C)(O)C34CCC(NCc5ccc6c(n5)NC(=O)CO6)(CC3)CO4)c2n1,5.214670165
CCN1CCO[C@@H](CN2CCN(CC2)C(=O)Nc2ccc(Cl)c(Cl)c2)C1,5.102372909
CN1CC=CCC(C1)c1cc2ccccc2o1,4.823908741
CCCC[C@@H](CCO)Nc1nc(N)nc2ccc(C)cc12,5.26760624
CN(C(CN1c2ccccc2Sc2c1cccc2)C)C,5.835647144
Cc1nc2ccccc2c(=O)n1c1ccc(cc1)OC1CCC(CC1)N1CCCC1,5.096910013
CCn1c(nc2cnc(cc12)C(F)(F)F)[C@@H](C)NS(=O)(=O)c1ccc(nc1)C#N,3.698970004
CCO/N=C1\CCc2cc(OCCCCCN3CCN(c4ccnc(N)c4)S3(=O)=O)ccc21,5.22184875
O=C(Cc1ccc([N+](=O)[O-])cc1)N1CCN(CCc2ccc([N+](=O)[O-])cc2)CC1,7.337242168
Cl.N=C(N)N/N=C/c1ccc(-c2ccc(/C=N/Nc3ccccc3Cl)cc2)cc1,5.943095149
Cc1ncoc1-c1nnc(SCCCN2C[C@H]3C[C@]3(C2)c2ccc(cc2)C(C)(C)C)n1C,6.400007822
Cc1cccc(NC(=O)c2ccc(o2)-c2ccc(cc2)C#N)c1,5.236572006
CCN(CC)C(=O)c1ccc(s1)C1=CC2(CCNCC2)Oc2ccccc12,5.899629455
CN1Cc2nnc(C3CCN(CC3)c3ccccn3)n2-c2ccc(Cl)cc2C1,4.747146969
CC(S(=O)(=O)Nc1ccc2c(c1)[nH]c(n2)Cc1ccc(cc1)Oc1ccccc1)C,5.721246399
NC(=O)c1cnc(NC(C2CC2)C2CC2)c2c3ccc(cc3[nH]c12)-c1cn[nH]c1,6.004364805
O1[C@@H]2[C@H]([C@H](C)C1=O)[C@H](O)C[C@]1(C2=C(C)C(=O)C=C1)C,3.958607315
CCC1Oc2ccc(Br)cc2C2(COC(N)=N2)C11COC1,5
N#Cc1ccc(cc1)[C@@]12CN(C[C@H]2C1)CCCSc1nnc(n1C)c1cccc2c1ccc(n2)C,6.200659451
Cc1cc(-n2cc3c(n2)CN(C(=O)c2cc(C#N)ccc2O[C@@H](C)C(F)(F)F)C3)ccn1,5
O=C(c1ccc(cn1)C(C(C)(C)C)c1ccc(cc1)OCc1ccccn1)NCC(O)(C)C,4.698970004
NC(=O)c1cnc2c(Cl)cc(-c3cccnc3)cc2c1NC1CCOCC1,5.958607315
ONC(=O)C=Cc1ccc2c(c1)CN(C2)CCC1CCCCC1,4.657577319
COc1ccc(-c2cc(=O)c3cc(C)ccc3o2)cc1,4.237321436
COc1ccc2c(n1)c(C(CN1CCC(CC1)NCc1ncc3c(c1)OCCO3)O)c(cn2)F,5.301029996
CC(N1CCC(CC1)c1nnc(o1)CN(C)C)CC(c1ccccc1)NC(=O)C1CCC1,5.508638306
CC(=O)Nc1cccc(C2CCN(Cc3ccc(C(=O)c4nc5ccccc5n4C4CCOCC4)cc3)CC2)c1,5.920818754
Cn1c(SCCCN2CC3C(C2)N(CC3)c2ccc(cc2)OC(F)(F)F)nnc1c1nccnc1,7
C[C@@H](c1ccc(-c2ccc(O)nc2)cc1)[C@H](N)C(=O)N1CC[C@H](F)C1.O=C(O)C(F)(F)F,5.080921908
CC(C)(C)NC(=O)C1N(Cc2ccccc2-c2ccccc2)C(=O)c2ccc(cc12)C#N,4.48148606
O=C1CS\C(=N/c2nc(cc(-c3ccccc3)c2C#N)-c2ccccc2)N1c1ccccc1,4.341988603
Cc1ccc(s1)C(N1C2CCC1CC(C2)Oc1cccc(c1)C(=O)N)C,5.721246399
CN1CCC(Cn2nc(-c3ccc4cc(OCC5CC5)ccc4c3)c3c(N)ncnc32)CC1,6.045757491
COc1cc(NC(=O)c2ccccc2F)ccc1-c1nnc(NCCCCN2CCCCC2)o1,4.801342913
CCC1C2CC3C4N(C)c5ccccc5C44CC(C2[C@H]4O)N3C1O,6
CSc1cc(Nc2cnc(C#N)c(O[C@H](C)CN(C)C)n2)ncc1-c1cnn(C)c1,5.096910013
Cc1cc(C)nc(n1)N1C[C@@H]2CN(C[C@@H]2C1)C(=O)c1c(C)cccc1-n1nccn1,5.161150909
N#Cc1cccc(c1)[C@]1(O)CCC(CC1)N1CC(C1)NC(=O)CNC(=O)c1cccc(c1)C(F)(F)F,5.823908741
FC(F)(F)c1ccc(O[C@H](CC[NH2+]C)c2ccccc2)cc1,6.337242168
O=S(=O)(Nc1cscn1)c1cc(Cl)c(OCC2NCCC=C2c2ccc(F)cc2)cc1F,4.987162775
FC(F)(F)Oc1cccc(CNC(=O)C2N(CCc3ccccn3)C(=O)c3ccccc23)c1,4.677780705
CNc1nc(NCCCN(C)C)c2sc(-c3ccc4nonc4c3)cc2n1,5.698970004
CS(=O)(=O)c1cc(-c2ccccc2)cc(S(=O)(=O)c2ccc(CN)s2)c1,4.602059991
COc1cnc(nc1NCc1ccccc1F)-c1ccccn1,4.602059991
O=C(N(C)C)NC1CCC(CC1)CCN1[C@@H]2CC[C@H]1C[C@H](C2)Oc1cccc(c1)C(=O)N,4.48148606
C[C@H]1Cc2c(ncnc2Oc2ccc3c(ccn3C(=O)Nc3cc(C4(C)CC4)[nH]n3)c2)CN1,4.562249437
S=C(Nc1ccccc1)Nc1nc(cc(-c2ccccc2)c1C#N)-c1ccccc1,4.315154638
FC1CCN(C1)c1nnc(c2c1nn(c2C)c1ccc(cc1)OCC(F)(F)F)C,6.494850022
O=C(CN1C(O[C@]2(C1=O)CCOC[C@H]2F)c1cccc(c1)Cl)Nc1ncc2c(c1)C[C@@]1(C2)C(=O)Nc2c1cccn2,4.721246399
CC1(C)[C@H](Nc2c(C(N)=O)cnn3cc(-c4ccccc4F)cc23)CC[C@]1(C)N,5.017728767
Cc1ccc2c(cccc2n1)-c1nnc(SCCCN2CC3CC3(C2)c2ccc(Cl)cc2)n1C,5.897326229
COc1cc(F)ccc1-c1cncc(CNC2CCCC2)n1,4.795880017
Fc1ccc(cc1)S(=O)(=O)N1CCc2c(C1)ccc(n2)OC1CCN(CC1)C1CCC1,6.167491087
COCCCS(=O)(=O)c1ccc(cc1)-c1ccc(CCN2CCC[C@H]2C)cc1,4.958607315
Cc1cnc(NC(=O)c2cc(Oc3ccc(C(=O)N4CCC4)cc3)cc(O[C@@H](C)CO)c2)cn1,4.420216403
Cc1c(CCC2CCN(C(=O)Cc3ccc(-n4cnnn4)cc3)CC2)ccc2c1COC2=O,5.229147988
CN([C@@H]1CCN(Cc2ccc(cn2)C(F)(F)F)C[C@@H]1F)C(=O)Cc1ccc(cc1)-n1cnnn1,5
COC(=O)C1C(C(C(=O)OC)=C(C)N=C1C)c1ccccc1[N+]([O-])=O,3.89997427
FC1CCC(CC1)[C@]1(O)CCCC[C@@H]1N1CCC2(CC1)[C@@H](CNC2=O)c1ccccc1,5.744727495
C[C@@H]1CCCN1CCc1ccc2nc(ccc2c1)-c1cn[nH]c1C,4.754487332
CC1Cc2c3cc(F)c(cc3[nH]c2C2(N1)C(=O)Nc1c2cc(Cl)cc1)Cl,4.522878745
C(N1CCN(Cc2ccccc2)CC1)c1nnc(o1)-c1ccccc1,4.563837353
OC(=O)C1CCN(CC1)C1CC[C@@]2(C1)Cc1ccccc1Cc1ccccc21,4.199970641
Cc1cc(cc(C)n1)C1(N=C(N)c2c1cccc2F)c1cccc(c1)-c1cncnc1,5.193820026
C[C@@]1(c2cc(CNC3(C#N)CC3)c(F)cc2F)CCSC(N)=N1,4.54668166
O=C(c1ccccc1C(F)(F)F)N(c1ccccc1)C1CNCC1,4.698970004
COc1cc(ccc1-n1cnc(C)c1)-c1cn(Cc2cccc(c2)C(F)(F)F)nn1,5.920818754
O=C1S/C(=C\c2ccc3c(cnn3Cc3ccc(Cl)cc3C(F)(F)F)c2)C(=O)N1[C@@H]1CCNC[C@H]1F,4.677780705
O=C(NC1CC1c1ccccc1)N1CCC(CC1)n1ccnn1,4.522878745
COc1cc(ccc1n1cnc(c1)C)c1nnn(c1)C1C[C@H](CCN(C1=O)CC(C)(C)C)C(C)(C)C,5.677780705
C[C@@H]1CCCN1CCCOc1ccc(cc1)C1=NNC(=O)C(C)(C)C1,4.698970004
CCN(CC)CCCCNc1ncc2cc(c(NC(=O)NC(C)(C)C)nc2n1)c3cc(OC)cc(OC)c3,5.20999648
CN(CCCC(=O)NCC#N)C(=O)c1ccc2n(C)c3CC[C@H](Cc3c2c1)C1CCOCC1,4.48148606
C(CCN1CCN(CC1)c1ccccc1)CCCN1CCN(CC1)c1ccccn1,4.886056648
COc1ncc(cn1)-c1cccc2OC[C@H](Cc12)NC(=O)c1ccc(OCCC(F)(F)F)nc1,4.900001867
O[C@]1(CC[C@@H](CC1)N1CC(C1)NC(=O)CNC(=O)c1cccc(c1)C(F)(F)F)c1nncs1,4.301029996
Cc1ccc(cc1)CCCC(=O)N1CCC(CC1)C(c1ccccc1)(c1ccccc1)O,4
Cc1nc(SCc2cc(cc(NCC#N)n2)N2CCOCC2)sc1C,5
COc1ccc2ncc(F)c([C@@H](O)CC[C@@H]3CCN(C4CC(c5c(F)cccc5F)C4)C[C@@H]3C(=O)O)c2c1,4.343901798
C(Oc1ccccc1)C#Cc1cc(cs1)-c1[nH]nc-2c1Cc1ccccc-21,5
Fc1ccc(Cn2cc(NCCN3CCCCC3)nn2)cc1,5
O=C(c1ccccc1C(F)(F)F)N(C1CCNC1)C1CCC1,5
O=C(NC(c1ccccc1)c1ccccc1)[C@@H]1CC[C@@H](N2CCOCC2)C[C@H]1c1ccc(Br)cc1,6.27572413
CNC[C@@H](O)CCN1c2ccccc2N(c2cc(F)ccc2F)S1(=O)=O,4.886056648
N#Cc1ccc(cc1)Cn1cncc1CN(C1CCN(C1=O)Cc1ccccc1)Cc1cccnc1,6.060480747
CC1=C[C@@](CF)(c2cc(NC(=O)c3ccc(C#N)cn3)ccc2F)N=C(N)O1,5.408935393
COC(=O)[C@H]1[C@H](CC2N(C1CC2)C)OC(=O)c1ccccc1,5.142667504
Clc1cccc(O[C@@H]2CN[C@H](C2)C(=O)N2CCCN(CC2)C2CCC2)c1,5.142667504
COc1cc(F)ccc1-c1cncc(CNC(=O)C2CC2)c1,4.48148606
CC(C)N(C)[C@@H]1CC[C@H](NC(=O)CNC(=O)c2cccc(c2)C(F)(F)F)[C@H](COc2ccccc2)C1,5.27572413
CS(=O)(=O)Cc1cc(nc(n1)-c1cnc2[nH]ccc2c1)N1CCOCC1,4.494850022
CCC(=O)[C@]1(C)Oc2ccc(nc2NC1=O)CN[C@]12CC[C@](CC1)(OC2)CCc1c(F)cnc2c1nc(OC)cc2,5.619788758
O=C(NC1CN(C1)C1CCC(CC1)c1ccccc1O)CNc1ncnc2c1cc(cc2)C(F)(F)F,5.180456064
ONC(=O)C=Cc1ccc2c(c1)CN(C2)S(=O)(=O)c1cccs1,4.522878745
CC(C)(CO)Oc1ccc(C(N)=O)c(O[C@@H]2CCN(C(=O)Cc3ccc(OC(F)(F)F)cc3)C[C@@H]2F)c1,4.455931956
NCCCCN(Cc1nccc2c3ccccc3n(CC(O)=O)c12)[C@H]1CCCc2cccnc12,5.568636236
Cc1c(C#N)cccc1[C@@H]1CN2CCN(C(=O)Cc3ccc(-n4cnnn4)cc3)C[C@H]2CO1,4.829738285
CC(C)(C)C1(C)Cc2c(O1)cccc2CN1CCC2(CC1)CCN(CC2)C(=O)c1ccc(N)cn1,4.6767479
Cc1c([C@@H](O)CN2CCC3(CC2)CC(=O)N(c2ccc(=O)n(C)n2)C3)ccc2c1COC2=O,4.438898616
COc1ccc(cc1)c1csc(n1)NC(=O)[C@H]1CCCCC1S(=O)(=O)c1ccc(cc1)C,4.522878745
CC(Oc1ccc(cc1C(=O)N1CCN(CC1)c1ccc(cc1)C#N)S(C)(=O)=O)C(F)(F)F,5.920818754
O[C@@]1(CC23CCC(CC2)(CO3)NCc2cc3OCCOc3c(Cl)c2Cl)Cn2c3c1c(F)cnc3ccc2=O,4.500312917
O=S(=O)(CC1CC1)NC1CN(c2ccc3c(c2)[C@@H](Cc2ccccc2)[C@@H](N2CCC2)CC3)C1,5.356547324
C[C@H](Oc1cccc2ncnc(Nc3ccc(OCc4ccccn4)c(Cl)c3)c12)C(=O)N(C)CCO,4.958607315
O[C@]1(CC[C@@H](CC1)N1CC(C1)NC(=O)CNc1nccc2ccc(cc12)C(F)(F)F)c1cncs1,4.482804102
CC(C)S(=O)(=O)NCCN1CC2CN(C[C@H](O)COc3ccc(C#N)cc3)CC(C1)O2,5.719991047
OCCN1CCC(CC1)N(C(=O)NCc1ccc(F)cc1)c1ccc(Br)cc1,5.103473783
CCOc1cc(CCN2CCN(CCc3ccc4C(=O)OCc4c3)CC2)ccc1C#N,6.173925197
CCc1nc2c(C)cc(C)nn2c1Cc1ccc(/C=C/CN2CCN(C(C)C)CC2)cc1,5.638272164
[O-][N+](=O)c1ccc2c(c1)[nH]c(n2)Cc1ccc(cc1)Oc1ccccc1,6.113509275
CC1CCCN1CCc1ccc(cc1)c1ccc(cc1)S(=O)(=O)NC1CCOCC1,4.89279003
NC(=O)c1ccc(N[C@H]2CCCNC2)c2cc(-c3ccc(F)cc3)[nH]c12,5.173925197
CC(C)n1c(CNC2CCCC2)nc(C)c1-c1ccc(Cl)cc1,5.494850022
[NH3+][C@H]1CN(CC[C@@H]1c1cc(F)c(F)cc1F)c1ccc2nc(nn2n1)C(F)(F)F,5.091514981
COc1cnc(OC)c(C(O)(CCN(C)C)C(c2cc3cc(Br)ccc3nc2OC)c2cccc(OC)c2F)c1,5.537602002
COc1ccc(cc1C(F)(F)F)[C@@]12CN(C[C@H]2C1)CCCSc1nnc(n1C)c1ocnc1C,5.899629455
NC(=O)[C@@H]1CC[C@H](c2ccc(OCc3ccccc3F)cc2F)N1,4.900001867
COc1ccccc1CNC[C@H]1C[C@@H]1c1cc(F)ccc1OC.Cl,5.853871964
[O-][S@@+]1CC[C@H](CC1)C(=O)N[C@H](c1ccc(cc1)F)CCN1[C@@H]2CC[C@@H]1C[C@@H](C2)n1c(C)nc2c1cccc2,5
CCN1CCCC(CN2CCN(C(=O)Nc3ccc(Cl)c(Cl)c3)CC2)C1,5.366531544
C(CN1CCOCC1)Nc1cn(nn1)C12CC3CC(CC(C3)C1)C2,5
Cc1cccc(Nc2nc(NC[C@@H]3CCCN3)ncc2C(N)=O)c1,6
Nc1nc2cc3CCNCCc3cc2s1,4.48148606
CC(=O)N1CCN(CCOc2ccc(C3CCN(c4ccc5nnc(C(F)(F)F)n5n4)CC3)cc2)CC1,5.698970004
C[C@@]1(c2cc(CNC3CC3)c(F)cc2F)CCSC(N)=N1,4.308034897
O=C(NC1CN(C1)C1CC[C@](CC1)(O)c1ccc(nc1)C)CNc1n[nH]c2c1cc(cc2)C(F)(F)F,4.568636236
Oc1csc(=O)n1CCCOc1ccc(CN2CCC(CC2)NC(=O)c2cc(=O)c3ccc(F)cc3o2)cc1F,5.070581074
CCN(CC)C(=O)c1ccc(cc1)C(=C1CCN(Cc2ccc(F)cc2)CC1)c1ccc(NC(C)=O)cc1,5.886056648
Cl.CC1(C)[C@@H]2CC[C@@]1(C)[C@H](C2)NC(=O)[C@H](CC1CCCCC1)NS(=O)(=O)N[C@@H](CCCCN)C(O)=O,5
FC(F)(F)Oc1ccc(CNC(=O)C2N([C@H]3CC[C@@H](CC3)C#N)C(=O)c3ccccc23)cc1,4.48148606
CN1CCC(COCc2cc(cc(n2)N2CCC(C2)C#N)C(F)(F)F)(CC1)c1ccc(F)cc1,5.080921908
O=C1COc2c(N1)nc(cc2)CNC12CCC(CC1)(OC2)CCc1c(F)cnc2c1nc(OCC1CC(C(C1)O)O)cc2,5.568636236
o1nc2c(n1)cccc2[C@@H]1C(C(OC(C)C)=O)=C(NC(C)=C1C(OC)=O)C,4.300000202
CC(N1CCC(C1)N(C(=O)c1ccc(cc1)n1c(C)nc2c1cccc2)C)C,4.346787486
CN(C)c1ccc(NC(=O)NS(=O)(=O)c2ccc(OCCCN3CCCC3)cc2)cc1,4
COc1cc(ccc1n1cnc(c1)C)c1nnn(c1)C1C[C@H](CCN(C1=O)CC(F)(F)F)C(F)(F)F,4.496209317
COc1ccc(cc1)[C@H]1CN(CCCC2CCNCC2)C[C@@H]1CNC(=O)c1cccc(Cl)c1,4.692503962
CN(C)C(=O)c1ccc(cc1)C(=C1CCN(Cc2cscn2)CC1)c1ccccn1,4.744727495
COC1COCCC1NC1CCC(C1)(C(C)C)C(=O)N1CCN(CC1)c1nccc(n1)C(F)(F)F,5.30980392
Clc1cc(ccc1)CN1CC[C@@H]([NH+](Cc2n(cnc2)Cc2ccc(cc2)C#N)CC[NH+]2CC[NH2+]CC2)C1=O,5.958607315
Nc1ncc(cc1-c1ccc(nc1)C(F)(F)F)-c1ccc(cc1)C(=O)N1CCOCC1,4.694648631
CC(C)c1ccccc1C(=O)N(CC1CCC1)[C@H]1CCNC1,4.739928612
COc1cc(ccc1Nc1ncc(Cl)c(n1)-c1cnc2ccccn12)N1CCN(CC(=O)N(C)C)CC1,4.920818754
Clc1cc(Cl)cc2c1cc(c1c2cc(cc1)C(F)(F)F)[C@@H](O)CCNCCCC,7.144480844
Cc1cnc(Nc2ccnn2C)nc1-c1cn2c(n1)C(=O)N(Cc1ccc(F)c(F)c1)CC2,4.638272164
COc1ccc2ccc(=O)n(CCN3CCC(CC3)NCc3cc4OCCOc4cn3)c2c1,4.468521083
CC1(COc2ccc(OC(F)(F)F)cc2)CCn2cc([N+](=O)[O-])nc2O1,5.420216403
N#Cc1ccc(Oc2ccc(S(=O)(=O)Nc3ccc(F)cn3)cc2C#N)cc1Cl,4.173925197
CCN(CC)CCOC(=O)C(c1ccccc1)c2ccccc2,5.749994972
CC#Cc1cncc(c1)-c1cc2c(OCC3(CC3)C22COC(N)=N2)cc1F,5.366531544
Cc1cccc(Nc2nc(N[C@@H]3CCCNC3)ncc2C(N)=O)c1,5.602059991
CC1(C(=O)N2CC[C@@H](c3nc(-c4ccc(C(=O)Nc5cc(C(F)(F)F)ccn5)cc4)c4c(N)nccn34)C2)COC1,5.602059991
COc1ccc2c(c1)nc(C)n(-c1ccc(OCCCN3CCCC3)cc1)c2=O,5
COc1cccc(NC(=O)c2cnc([C@]34CO[C@@H](C)C[C@H]3CSC(N)=N4)s2)n1,5.318758763
COc1cccc(c1)-c1cccc(c1)C1(C)N=C(C)C(N)=N1,4.777283529
Fc1ccc(OCCCN2CCC(CC2)n2c3ccccc3[nH]c2=O)cc1,7.100179498
C[C@H]1Cc2c([nH]c3cc(Cl)ccc23)[C@@]2(N1)C(=O)Nc1ccc(Cl)cc21,4.522878745
O=C(NC1(CC1)C#N)[C@@H]1CCCC[C@H]1C(=O)N1CCN(CC1)c1nc2ccccc2s1,5.102372909
Clc1ccc(NC(=O)N2CCN(CC2)C(=O)[C@H]2CN(CCN2)C2CC2)cc1Cl,4.721246399
CC(C)(C)NC(=O)CN1CCC(CNC(=O)c2cc(Cl)cc(Cl)c2)CC1,5
Cc1c([C@@H](O)CN2CCC3(CC2)CCN(c2ccc(=O)n(C)n2)C3=O)ccc2c1COC2=O,4.665546249
Fc1cc(F)cc(c1)c1nnc(n1C)CCCCN1CC2[C@@](C1)(C2)c1ccc(cc1)C(F)(F)F,6.200659451
Cc1cc(C)n(Cc2ccc(C(=O)NCC3(c4nc(-c5ccccc5)cs4)CCOCC3)cc2)n1,4.347753659
C[C@H]1Cn2c(CN1C(=O)c1cccc(c1Cl)C(F)(F)F)nnc2-c1ccc(F)cc1,5
NC1CCC(CC1)N1CC(C1)NC(=O)CNc1nn(c2c1cc(cc2)C(F)(F)F)C,4.301029996
O=C1OC(CC)[C@](O)(C)[C@H](O)[C@@H](C)[C@@H]([N+])[C@H](C)C[C@@](O)(C)[C@H](O[C@H](O[C@H](C)C[C@H]([N@@H+](C)C)[C@@H](O)2)2)[C@@H](C)[C@H](O[C@H](O[C@@H](C)[C@H](O)[C@@](OC)(C)C2)2)[C@@H](C)1,3.562407968
Cc1ccc(CCOCCCc2cccc(CCCOCCc3ccc(C)cc3)[n+]2C)cc1,6.43062609
CC1(C)Cc2c(O1)cccc2CN1CCC2(CC1)CCN(CC2)C(=O)c1ccc(N)cn1,4.83120798
C1CCN(C1)[C@H]([C@@H](N1CCCC1)c1ccccc1)c1ccccc1,4.500312917
CCN(CC)C(=O)c1ccc(cn1)C1=CC2(CCNCC2)Oc2ccccc12,4.355561411
C[C@@H](C[C@@](C)(CS(=O)(=O)N1CCC(CC1)OCc1ccc(Cl)cc1Cl)N(O)C=O)c1ncc(F)cn1,5.096910013
O[C@H]1CC[C@H](CC1)N1CC(C1)NC(=O)CNc1n[nH]c2ccc(cc12)C(F)(F)F,4.522878745
CN(CCN1CCN(C1=O)c1ccc(F)cc1)C[C@@]12CC[C@@H](CC1)C2(C)C,5.500312917
CC(=O)NC1CCN(C1)C(=O)NC1CCN(Cc2ccn(c2)-c2ccc(cc2)C(F)(F)F)CC1,4.500312917
CCOC(=O)CNc1cc(cc(CCc2nc(C)c(CC)o2)n1)N1CCOCC1,6.045757491
O=C1[C@H]2CCN1c1cccc3ccc(Oc4cc(Cn5cncc5CCN2)ccc4C#N)cc13,6.698970004
Clc1ccc(cc1)[C@H](OC1CN(C1)C(=O)N1CCCCC1)c1cccnc1Cl,4.511449283
Fc1cc(ccn1)-c1cc2sc(nc2cn1)N1CCC(CC1)N1CCCCC1,5.753329114
COc1cc(ccc1n1cnc(n1)C)c1nnn(c1)[C@@H]1CCc2c(N(C1=O)CC(F)(F)F)cccc2F,4.823908741
CSc1ccccc1C(=O)N(C1CCC1)[C@H]1CCNC1,4.698970004
CC[C@@H](NC(=O)c1cc(C(=O)N2CCC[C@@H]2C)n2CCOCc12)c1ccc(C#N)c(Cl)c1,5
CCN1CCN(CC(=O)Nc2ccc(-c3cccc4c3oc(cc4=O)N3CCOCC3)c3sc4ccccc4c23)CC1,4.698970004
O=S1(=O)CCC(CC1)Oc1ccc2OC3(CCN(CC3)C3CCC3)CCc2c1,5.15490196
CC(C1(CCC(C1)N1CCC(CC1)c1ccncn1)C(=O)NCc1cc(cc(c1)C(F)(F)F)C(F)(F)F)C,6.886056648
COC(=O)c1ccc(cc1)CCCCN1CCC(CC1)C(c1ccccc1)(c1ccccc1)O,6.522878745
Cc(c1)sc(c12)Nc3c(cccc3)N=C2N4CC[NH+](C)CC4,6.742321425
FC(F)Oc1ccc(cc1OC(C)C)[C@@H](C=1C=NC(=O)CC=1)C=1C=C[C@@H](NC=1)C(O)(C)C,4.252588192
CN1CCCC1CCc1nc2cc(C)c(C)cc2n1Cc1ccc(Cl)cc1,6.522878745
COc1ccccc1CC(N1CCNCC1)c1ccccc1F,4.396855627
C[C@H]1CN(CC[C@H]1Nc1c(cnc2[nH]ccc12)C(N)=O)c1ccc(cn1)C#N,4.542118103
Cn1c(SCCCN2C[C@@H]3C[C@@]3(C2)c2ccc(cc2)C(F)(F)F)nnc1-c1ccnnc1,5.647817482
NC(=O)c1ccn(-c2cccc(OC(=O)NCCN3CCN(c4ccccc4)CC3)c2)c1,5.27572413
Cc1ncnc(C)c1C(=O)N1C[C@@H]2CN(CCC(C3CCN(CC3)S(C)(=O)=O)c3cccc(F)c3)C[C@@H]2C1,4.812479279
CCn1ccc(NC(=O)c2cc(Oc3ccc(C(=O)N4CCC4)cc3)cc(O[C@@H](C)CO)c2)n1,4.26760624
CCOC(=O)C1=C(CN2CCOCC2)NC(n2cncn2)=NC1c1ccc(F)cc1Br,6.15490196
COc1cc(Nc2nc3n(cnc3cc2F)[C@@H](CO)c2ccc(F)cn2)[nH]n1,4.494850022
Cc1ccc(cc1)-c1nc(C)c(Cl)c(OCCCN2CCCCC2)n1,9
Cn1c(SCCCN2C[C@@H]3[C@](C2)(C3)c2cccc(c2)OC(F)(F)F)nnc1c1ocnc1C,6.200659451
Cc1nc(C(N)=O)ccc1-c1nnc(SCCCN2CC[C@]3(C[C@@H]3c3ccc(C(F)(F)F)cc3)C2)n1C,5.560004526
CNS(=O)(=O)c1cccc(c1)C(=O)N1CCC(CC1)(CCN1[C@@H]2CC[C@@H]1C[C@@H](C2)n1c(C)nc2c1cccc2)c1ccccc1,4.200659451
C[C@H]1OC(=O)[C@@]2(CC(F)(F)[C@@H](C)[C@H](\C=C\c3ccc(c(C)n3)-c3ccccc3C#N)[C@H]12)C(N)=O,4.22184875
CN(C)C(=O)C(CO)N(C)Cc1ccc2C[C@H](CCc2c1)N1CCN(CCc2ccc(F)cc2)CC1=O,4.602059991
OC1CCN(CC1)c1ccc(cn1)-n1cnn2cc(cc2c1=O)-c1ccc(Cl)cc1,4.346787486
N#Cc1cnccc1COc1cnc(N2CC3CCC(C2)N3C(=O)OCC(F)(F)F)nc1,4.886056648
CC(C)(N)c1nc(-c2cccc(OC(F)(F)F)c2)c[nH]1,5.045757491
o1c(ccc1C)-c1nc(NC(=O)CCN(C)C)cc(n1)-n1nccc1C,6.187086643
O=C(Cc1ccccc1)NCCN(c1ccccc1)c1ccccc1,5.104577454
Fc1ccc2c(c1)oc(cc2=O)C(=O)NC1CCN(Cc2ccc3OCCOc3c2)CC1,9
CCCCCCCc1[nH]c2ccc([N+](=O)[O-])cc2c(=O)c1CO,4.890421453
O=C(NC1CCCCC1)NS(=O)(=O)c1ccc(OCCN2CCCC2)cc1,4
CN1CCC(CNc2ccn3ncc(-c4cccc(OC(F)(F)F)c4)c3n2)CC1,5.721246399
Cc1cccc(Nc2nc(NC3CNC3)ncc2C(N)=O)c1,5.799998135
Clc1c(OCCNCc2cccs2)ccc2c1cccc2,5
COc1cccc(c1)N1CCN(Cc2nc3c4cccc(OC)c4nc(N)n3n2)[C@H](C)C1,4.677780705
Fc1ccc(cc1)[C@@H](NC(=O)c1ccc[n+](c1)[O-])CCN1[C@@H]2CC[C@@H]1C[C@@H](C2)n1c(C)nc2c1ccc(c2)F,5.280668713
O=C(c1cccc(c1)S(=O)(=O)N)N1CCC(CC1)(CCN1[C@@H]2CC[C@@H]1C[C@@H](C2)n1c(C)nc2c1cccc2)c1ccccc1,4.200659451
CC(O)(CS(=O)(=O)c1ccc(F)cc1)C(=O)Nc2ccc(C#N)c(c2)C(F)(F)F,4.959999286
COc1cc(OC2CCNCC2)ccc1Nc1ncc(Cl)c(n1)-c1cnc2ccccn12,5.318758763
C[S+]([O-])c1cccc(-c2ccc3ncc(-c4cccc([S+](C)[O-])c4)n3n2)c1,5.073143291
Cc1c([C@@H](O)CN2CCC3(CC2)CCN(c2cnn(C)c(=O)c2)C3=O)ccc2c1COC2=O,4.920818754
CCN1CCN(CC1)c1cc2[nH]c(S[C@@]3(C)CC[C@@H](CC3)NC(C)=O)nc2cc1Cl,5
CC(C)N1CCN(CCN2CCN(C2=O)c2cccc(Cl)c2)CC1,5.200659451
Clc1ccc2c(c1)oc(cc2=O)C(=O)NC1CCN(Cc2ccc3OCOc3c2)CC1,9
COc1ccc2ncc(C)c(CCC34CCC(CC3)(CO4)NCc3ccc4OCC(=O)Nc4n3)c2n1,5.974694135
Cn1c2CCC(Cc2c2cc(ccc12)C(=O)NCCCC(=O)NC1CC1)C1CCOCC1,4.508638306
CN(C)CCNC(=O)[C@@H]1c2ccccc2C[C@H]1NC(=O)c1cc2ccccc2[nH]1,4.900001867
COc1ccc(cc1)CN1CCC(CC1)NC(=O)C1=CC(=O)c2c(C1)cc(cc2)F,5.26760624
C(CNCCN(c1ccccc1)c1ccccc1)Cc1ccccc1,6.236572006
Nc1c(cnc2ccnn12)-c1ccc(cc1)[C@H]1CC[C@H](CC(O)=O)CC1,3.522878745
CCn1cc(cn1)[C@]1(N[C@H](Cc2c1[nH]c1ccccc21)c1nc(c[nH]1)-c1ccc(F)cn1)c1nnc(NC)o1,5.958607315
N#CC1CCC(CC1)N1CC(C1)NC(=O)CNc1nn(c2c1cc(cc2)C(F)(F)F)C,4.619788758
Cc1cc(CN2C[C@H](N)[C@@H](C2)C(=O)C2CCC[C@H]2C#N)ccc1C#N,4.707743929
Cc1nc2ccccc2n1C1CC2CCC(C1)N2CCC1(CCN(CC1)C(=O)c1cccc(c1)-c1nnn[nH]1)c1ccccc1,4.500312917
N#C[C@H]1CCOC[C@@H]1n1cc(C(N)=O)c(Nc2ccc(-n3ccnn3)cc2)n1,4.879426069
N#Cc1cc(CC(=O)N2CCN(CCc3ccc4c(c3)COC4=O)CC2)ccc1-n1cnnn1,5.148741651
CO[C@@H]1COCC[C@@H]1N[C@@H]1C[C@H]2CCC[C@]2(C1)C(=O)N1CCc2ncc(cc2C1)C(F)(F)F,4.301029996
C[C@H]1CN(CC[S+]([O-])C(c2ccc(F)cc2)c2ccc(F)cc2)C[C@@H](C)N1CC(O)Cc1ccccc1,7.038578906
[NH3+][C@H]1CN(CC[C@@H]1c1cc(F)c(F)cc1F)c1ccncn1,4.583359493
CN(C/C=C/c1ccc(C(F)F)cc1)Cc1ccc2c(c1)OCCC2.Cl,5.721246399
C[C@H](Nc1c(C(N)=O)cnc2ccc(-c3cccnc3)cc12)c1ccn(C)n1,4.958607315
C[n+]1c(CCCOc2ccc(Cl)cc2)cccc1CCCOc1ccc(Cl)cc1,9
COc1c(cc(cc1C(C)(C)C)C(=O)N1CCN(CC1)C(=O)CCCCC(c1ccc(F)cc1)c1ccc(F)cc1)C(C)(C)C,5.045757491
COc1ccc2ncc(F)c(CCN3CCC(CC3)NCc3cc4OCCOc4cn3)c2c1,5.259637311
CCN=C(NS(=O)(=O)c1cccc(Cl)c1)N1CC(C)(C)C=N1,5
Clc1cc(CSc2nnc(s2)c2cc(c(c(c2)C(C)(C)C)O)C(C)(C)C)ccc1Cl,4.096910013
COc1ccc2nc(CN3CCC[C@H]3CO)n(Cc3ccc(Cl)cc3)c2c1,5.301029996
O=C1OCc2cc(CCN3CCN(CCc4ccc(C#N)c(OC5CC5)c4)CC3)ccc12,6.327902142
Cc1cccnc1CN1CCC2(CC1)N(C(=O)N(C2=O)c1ccc(cc1)-c1cnc(=O)[nH]c1)c1cc(=O)[nH]cn1,4.22184875
OCCC(C(C(=C1CCCC1)F)N)c1onc(n1)c1ccc(cc1Cl)S(=O)(=O)C,4.327902142
O=C(Nc1ccc(Cl)c(Cl)c1)Nc1nccnc1OCc1ccccc1,4.946921557
Nc1n[nH]c(N2CCC(N3C[C@H](O)C[C@@H]3Cc3ccc(Cl)cc3)CC2)n1,4.259637311
Cc1ccc2[nH]c(C(=O)N[C@@H]3Cc4ccccc4[C@H]3NC(=O)CCN(C)C)cc2c1,5.599997654
COc1ccccc1Oc1ccccc1CN1CCC2(CC1)CCN(CC2)C(=O)c1cc[n+]([O-])cc1,6.698970004
COc1ccc2c(n1)c(ccn2)CC[C@@H]1CC[C@H](CO1)NCc1ccc2c(n1)NC(=O)CS2,6.301029996
CC#Cc1ccnc(c1)-c1ccc2OCC3(COC3)C3(COC(N)=N3)c2c1,5
OC(=O)[C@H](Cc1ccccc1F)N1CCC(CN2CCC(CC2)Oc2ccc(Cl)c(Cl)c2)CC1,4.500312917
ONC(=O)\C=C\c1ccc2CN(CCc3c[nH]c4ccccc34)Cc2c1,4.522878745
O=C(c1ccc(cc1)NS(=O)(=O)C)C1CCN(CC1)CCCc1ccccc1,7.017728767
COCc1c(Cl)ccc2c1CCC2c1ncc[nH]1,5
CNC(=O)Nc1ccc(O)cc1OC[C@@H](O)CN1CCC2(CC1)Cc1cc(F)ccc1O2,4.882728704
O=C(O)C1CN(Cc2ccc(OCc3ccc(Cl)c(Cl)c3)cc2)C1,4.113509275
CCO[C@H]1CN(C[C@@H]1NC(=O)CNC(=O)c1cccc(c1)C(F)(F)F)[C@H]1CC[C@](O)(CC1)c1ccc2OCOc2c1,4.886056648
C[C@@H](NC(=O)Cc1ccc(cc1)N1CC[C@H](F)C1)c1ccc(OCC(F)(F)F)cn1,5
CCN(CC)C(=O)c1ccc(cc1)C1=CC2(CCCNC2)Oc2ccccc12,4.897806492
COc1ccc(CN(C)C)c(Oc2ccc(Cl)c(Cl)c2)c1,6.698970004
CCOc1nc(NC(=O)C2(CCC2)NC(=O)c2ccc3n(C4CCCCC4)c(c(C)c3c2)-c2ccc(F)cn2)ccc1\C=C\C(O)=O,5.853871964
Cn1c(CCCCN2CC3[C@@](C2)(C3)c2ccc(cc2)C(F)(F)F)nnc1c1scnc1C,5.600326279
COc1cc(ccn1)-c1cc2sc(nc2cn1)N1CCC(CC1)N1CCCCC1,6.004803708
Cc1cn2cc(ccc2n1)-c1ccc2OC3(CCC3)C3(COC3)C3(COC(N)=N3)c2c1,5
N#Cc1c2c(n(c1N1CCCC(C1)N)Cc1ccccc1)c(=O)n(c(=O)n2C)C,5.366531544
NC1=NC2(CO1)c1cc(ccc1OCC21CC1)-c1cc(Cl)cnc1F,5.494850022
Cc1cccnc1CN1CCC2(CC1)c1ccccc1N(C2=O)c1ccc(cc1)c1ccccc1,6.910094889
COc1ccc2ncc(=O)n(CCN3CC[C@H](NCc4cc5OCCOc5cn4)[C@H](O)C3)c2c1,4.48148606
O=C(Cc1ccc(OCC[C@@H]2C[C@@H]2C2CCN(c3ncc(Cl)cn3)CC2)cc1F)N1CCC1,5.48148606
C[C@@H]1CN(CCN1C(=O)C(=O)c1c[nH]c2cnccc12)C(=O)c1ccccc1,4.096910013
C[C@@H](O)CN(C)C1CCN(CC1)c1ccc(Nc2ncc3c4ccncc4n([C@H]4CC[C@H](C)CC4)c3n2)nn1,6.045757491
CO[C@H]1COCC[C@H]1N[C@@H]1C[C@H]2CCC[C@]2(C1)C(=O)N1CCc2ncc(cc2C1)C(F)(F)F,4.301029996
COc1cc(OC(C)C)cc(c1)S(=O)(=O)c1ccc2[C@@H]3CCNC[C@@H]3Oc2c1,5.48148606
O=C(c1ccccc1)NCC(c1ccccc1)CCN1C2CCC1CC(C2)n1c(C)nnc1C(C)C,5
FC1CCN(C1)C(=O)C(C(C1CCC(CC1)N(C(=O)C1CC1)C)C)N,4.408935393
COc1cccc(-c2cccc(C3(C)CCSC(N)=N3)c2)c1,5.119186408
CCO/N=C(\c1ccc(c(c1)F)F)/c1ccc(cn1)CN1CC[C@]2(CC1)OCc1c2cn(C)c(=O)c1,5
Cc1c2C(=O)N(Cc3ccccc3-c3ccccc3)C(C(=O)NC(C)(C)C)c2ccc1OC(F)F,4.657577319
O=C(c1ccccc1Oc1ccccc1)N(C1CNCC1)CC1CCC1,6.119186408
CNc1ccc(\C=C\c2c(F)cccc2Cl)cn1,4.701146924
FC(F)Oc1ccccc1CC(N1CCNCC1)c1ccc(F)cc1,5.040958608
O=C(c1ccc(C[C@@H]2CC[C@H]([C@H](O)c3ccccc3)N2)cc1)N1CCC2(CCOC2=O)CC1,4.337242168
COc1ccc2ncc(F)c(CCC34CCC(CC3)(CO4)NCc3ccc4OCC(=O)N(C)c4n3)c2n1,6.096910013
Nc1nc2ccccc2n1CC(O)c1ccc(Cl)cc1Cl,4.987162775
CC1c2ccc(C#N)c(Oc3cccc(CN4CC[C@@H](NCc5cncn15)C4=O)c3)c2,4.847711656
N[C@H]1Cn2c(nc3cnc(F)cc32)C[C@@H]1c1cc(F)c(F)cc1F.O=C(O)C(F)(F)F.O=C(O)C(F)(F)F,4.091514981
CCNC(=O)c1cnc(N)c(O[C@H]2CN(C(=O)Cc3ccc(OC(F)(F)F)cc3)CC2(F)F)c1,4.366531544
COc1ncccc1C(=O)N1CC[C@H](NCc2cncn2Cc2ccc(cc2)C#N)C1=O,4.677780705
OC1(Cc2ccc(F)cc2)CCN(CCNC(=O)Nc2ccnc3ccsc23)CC1,5.301029996
CC(=O)N1CCC(CC1)c1[nH]nc(c1-c1ccncc1)-c1ccc(F)cc1,6.102372909
Nc1cnc(cn1)-c1cnc2nc(sc2c1)N1CCC(CC1)N1CCCCC1,4.397940009
CC#Cc1cncc(c1)-c1ccc2OCC3(CC3)C3(COC(N)=N3)c2c1,5.468521083
CC(=O)N[C@@H](CCN1[C@H]2CC[C@@H]1C[C@@H](C2)n1c(C)nc2CN(CCc12)c1ccncn1)c1cccc(F)c1,9
CC\C(=C(/c1ccccc1)c1ccc(OCCN(C)C)cc1)c1ccccc1,7
NC1=NC(c2cccc(F)c12)(c1cccc(c1)-c1cncc(c1)C#N)c1ccnc(c1)C(F)(F)F,5.769551079
Clc1cccc(OC([C@H]2CCNC2)c2ccccn2)c1Cl,5
Cc1nc2c(Cl)cccc2c(=O)n1-c1ccc(OC2CCN(CC2)C2CCC2)cc1,5.48148606
O=c1cc(OCc2ccccc2)ccn1-c1ccc2n(CCN3CCOCC3)ncc2c1,4.522878745
O=C1OCc2cc(C3CN4CCN(C(=O)Cc5ccc(-n6cnnn6)cc5)CC4CO3)ccc21,4.675717545
Cc1cc(OC2CCN(CC3CCN(CC3)[C@@](C)(Cc3ccc(F)cc3)C(O)=O)CC2)ccc1Cl,4
Cc1ccc2nc3CCN(CCCSc4nnc(-c5cccc6nc(C)ccc56)n4C)CCc3n2c1,5.602059991
O=C(N1CCC(CC1)c1onc(n1)c1ccccn1)NC1CC1c1ccccc1,4.522878745
Cc1ncoc1-c1nnc(SCCCN2CC[C@]3(C[C@@H]3c3ccccc3)C2)n1C,5.330004774
Cc1n[nH]c2ncc(nc12)-c1cc(OC[C@@H](N)Cc2c[nH]c3ccccc23)c(N)nc1-c1ccoc1C,4.982966661
O[C@]1(CC[C@@H](CC1)N1CC(C1)NC(=O)CNc1ncnc2ccc(cc12)C(F)(F)F)c1ccccc1,4.772113295
COc1cc(N2CCC3(CCN(C[C@H](O)c4ccc5c(c4C)COC5=O)CC3)C2=O)ccn1,5.420216403
CN(C)C(=O)c1ccc(cc1)-c1ccc2C(=O)N(CCN3CCCC3)CCc2c1,4.958607315
NC1CCCN(C1)c1c(cccc1Cl)/C=C\1/SC(=O)NC1=O,4.522878745
CN(C)C(=O)Cc1c(nc2ccc(C)cn12)c3ccc(C)cc3,4.820000358
Oc1ccccc1C[C@@H](N1CCNCC1)c1ccccc1,5
Cc1cnc(Nc2cc(NC3CCN(c4ccc(C#N)cn4)CC3)c(C(N)=O)cn2)cn1,5.318758763
Cc1c([C@@H](O)CN2CCC3(CC2)CN(c2ccns2)C3)ccc2c1COC2=O,5.346787486
N[C@H]1CC[C@H](CC1)N1CC(C1)NC(=O)CNc1n[nH]c2ccc(cc12)C(F)(F)F,4.301029996
Fc1ccc(cc1)C(=O)C2CCN(CCN3C(=S)Nc4ccccc4C3=O)CC2,6.33003263
Fc1ccc(cc1)C1CC(=NN1C(=O)Nc1ccccc1)c1ccc(Br)cc1,5
COCc1ccc(-c2cc3c(N[C@@H](C)c4ccn(C)n4)c(C(N)=O)cnc3cc2F)cn1,4.657577319
O=C(C1(CCC(C1)N1CCC(CC1)c1cncnc1)C(O)(C)C)NCc1cc(cc(c1)C(F)(F)F)C(F)(F)F,6.075720714
CNCCC=C1c2ccccc2C=Cc3ccccc13,4.420000453
COc1cc(ccc1-n1cnc(C)c1)-c1cn(CC(=O)N(C2CCCCC2)C2CCCCC2)nn1,5.8569852
CCN1C[C@H](NS(=O)(=O)C(C)C)[C@H](C1)c1ccc(cc1)-c1cccc(NS(C)(=O)=O)c1,5.602059991
Cc1cc(Cl)ccc1-c1nc2OC(C)(C)CC(NC(=O)C(O)C(F)(F)F)c2cc1-c1ccc(Cl)cc1,6.455931956
Fc1cc2[nH]c(C(=O)Nc3ccccc3)c(c2cc1)[C@@H]1C[NH2+]CC[C@@H]1F,6.031517051
Fc1cc2COC3(CCN(Cc4ccc(cc4)C(=O)c4ccc(F)c(F)c4)CC3)c2cn1,9
COC(=O)c1ccc2ncc(F)c(CCC34CCC(CC3)(CO4)NCc3ccc4OCC(=O)Nc4n3)c2n1,9
CCN1C[C@H]2CCCC[C@]2(C1)c1ccc(Cl)c(Cl)c1,5.327902142
Cc1cc(C)cc(NC(=O)c2cncc(c2)-c2ccc(cc2)C#N)c1,4.795880017
O=C1NCc2c(N1)ccc(c2)[C@@H]([C@H](N1CC[C@](CC1)(O)c1ccc(cc1)F)C)O,5.13076828
N[C@H]1CCCC[C@H]1Nc1ncc(C(N)=O)c(Nc2cccc3cc[nH]c23)n1,4.522878745
CO[C@@H]1OC2(CCN(Cc3ccccc3)CC2)c2cnn(c12)-c1ccccc1,9
[NH+]1(CCC[C@@H]1c1cccnc1)C,3.610834093
O=c1cc(OCc2ccccc2)ccn1-c1ccc(OCCN2CCOCC2)cc1,9
O=C(c1ccc(nc1)N1CCC2(CC1)CCN(C2)S(=O)(=O)C)Nc1cc(ccc1N)c1cccs1,5.48148606
O=C(C(n1c(nc2c1cc(F)c(c2)F)c1ccc(cc1)Cl)C1CCCCC1)NC1CCC(CC1)C(=O)O,5.119186408
C[C@@H]1Nc2cc(ccc2C(N)=O)-n2c3CC(C)(C)CC(=O)c3c(C)c2CCCN2CCCC[C@H]12,5.823908741
CC(=O)N[C@@H](CCN1[C@H]2CC[C@@H]1C[C@@H](C2)n1c(C)nc2CN(CCc12)c1cnccn1)c1cccc(F)c1,6
COc1cccc2c1nc(C)n(-c1ccc(OC3CCN(CC3)C3CCC3)cc1)c2=O,5
CC(C)N1CCC[C@H](Cn2c(C)nc3ccc(Oc4ccc5OCOc5c4)nc3c2=O)C1,4.866499413
N[C@@H]1CCCN(C1)c1c(Cl)cccc1C=C1SC(O)=NC1=O,4.522878745
CC1(C)CC(Nc2ccc(-c3cc4ccccc4s3)nn2)CC(C)(C)N1,6.22184875
Cn1c(SCCCN2C[C@@H]3[C@](C2)(C3)c2ccc(c(c2)F)C(F)(F)F)nnc1c1ocnc1C,6.397940009
CCN(C1CCN(CC[C@H](C2CCN(CC2)S(C)(=O)=O)c2cccc(Cl)c2)CC1)C(=O)Cc1ccc(cc1)S(C)(=O)=O,5.102372909
N[C@H]1CCCC[C@H]1Nc1cc(Nc2ccc3CCCc3n2)c(nn1)C(N)=O,5.102372909
OCCc1cc(cc(c1)S(=O)(=O)N1CCN(CC1)C(=O)[C@@H]1C[C@H]1c1ccc(cc1)C(F)(F)F)C(F)(F)F,6.045757491
O=C(CN(c1ccccc1OCCOc1ccccc1N(CC(=O)OCOC(=O)C)CC(=O)OCOC(=O)C)CC(=O)OCOC(=O)C)OCOC(=O)C,5.882728704
CC(=O)c1cccc(c1)c1ccc(cc1)[C@H]1COC[C@@H]1NS(=O)(=O)C(C)C,4.200659451
CN1CC[C@H](C1)N(Cc1ccccc1C(F)(F)F)c1ccc(C#N)c(Cl)c1,6.107905397
CO/N=C1\CC[C@@]2(C)[C@@H](C1)C[C@@H](N1CCC[C@@H](N)C1)[C@@H]2Oc1ccc(C#N)cc1,4.602059991
CC(NC(=O)C1N(CCc2ccccn2)C(=O)c2ccccc12)c1ccc(OCC(F)(F)F)cc1,5.13667714
CCOc1cc2ncc(C(N)=O)c(Nc3ccc(F)cc3F)c2cc1N1CCC(O)CC1,4.769551079
CC(C)C1OC2(CCN(CCc3ccccc3)CC2)CN(c2ccccc2)C1=O,5.920818754
CCOc1ccc2cc(-c3nn(CC4CNC4)c4ncnc(N)c34)ccc2c1,5.769551079
CS(=O)(=O)O.O=C(O)c1ccccc1-c1ccc(CN2CCC(COC(=O)c3c4n(c5ccccc35)CCCO4)CC2)cc1,4.32330639
O=C(c1ccc(C[C@@H]2CC[C@H]([C@H](O)c3ccccc3)N2)cc1)N1CCN(Cc2ncn(CC(F)F)n2)CC1,4.468393368
Cc1ccc2c(cccc2n1)-c1nnc(SCCCN2C[C@H]3C[C@]3(C2)c2ccc(Br)cc2)n1C,6.886056648
COc1cc(ccc1OC)C(NC(=O)C1(N)CCCN(C1)c1ncnc2c1cc[nH]2)C,4
O=C(/C=C/c1ccc2c(c1)C(=O)CC1(CCN(Cc3ccc(F)cc3)CC1)O2)NO,5.623423043
N#Cc1ccnc(c1)c1ccc2c(c1)cc(o2)CCN1CCC[C@H]1C,5.950781977
O=C(C1CCC(CC1)(F)F)N[C@H](c1ccccc1)CCN1C2CCC1CC(C2)n1nc(nc1C(C)C)C,5.373659633
Oc1cccc(c1)C1CC(=NN1C(=O)C)c1cc(F)ccc1F,4.578396073
COCC(=O)N1CCC(CC1)n1ncc(c1)c1cnc(c(c1)c1nc2c(o1)cccc2)N,4
COc1ccc2c(c1)ncnc2N1CCC(CC1)CNS(=O)(=O)N,5
CCN(C1CCN(CC[C@H](N2CCN(CC2)S(=O)(=O)C(F)(F)F)c2ccccc2)CC1)C(=O)Cc1ccc(cc1)S(C)(=O)=O,5.494850022
COc1cc(C=Cc2nc(N)c3c(n2)sc2c3CCCCC2)ccc1n1cnc(c1)C,6.408935393
Nc1ncc(-c2nc(NCc3ccccn3)c3c(-c4ccccc4)cccc3n2)cn1,4.096910013
CCOC(=O)[C@@H]1CC[C@@H](CC1)N1CC(C1)NC(=O)CNc1nn(C(N)=O)c2ccc(cc12)C(F)(F)F,4.698970004
Cn1c(SCCCN2CC[C@]3([C@@H](C2)C3)c2ccccc2)nnc1c1ocnc1C,5.300162274
O=C1Nc2ncccc2C2(O1)CCN(CC2)C(=O)N[C@@H]1CC[C@H](Cn2c1ncc2C(OCC(F)(F)F)(C)C)c1cccc(c1F)F,5.397940009
Cc1ccc(N(C)C(=O)c2ccc3c(c2)CC(c2ccc(Cl)cc2)OC3=O)cc1C,5.534617149
NC1=NC(SCC1)(C)c1cccc(c1)c1cncnc1,4.48148606
Cc1ncoc1-c1nnc(SCCCN2CCc3nc4ccc(cn4c3CC2)C(F)(F)F)n1C,5.699991797
Fc1ccc(c(c1)c1nc(N[C@@H]2CNCC2)c2c(n1)cccc2)O,5.522878745
Cc1ncoc1-c1nnc(SCCCN2CCC3(CC3C2)c2cccc(c2)C(F)(F)F)n1C,6.7000571
COc1ccc2nccc([C@@H](O)CC[C@@H]3CCN(C4CC(c5ccccc5)C4)C[C@@H]3C(=O)O)c2c1,4.603800653
CC(=O)NC1CCN(Cc2ccc(NCCCc3ccc(Oc4ccccc4)nn3)cc2)CC1,5
COc1cc(C=Cc2nc3ccccc3c(=O)n2C)ccc1n1cnc(c1)C,6.508638306
Cc1ccc(Cc2cc[n+](C)c(COc3ccc(C)cc3)c2)cc1,6.522878745
CNCc1cc(ccc1Oc1ccc(C)cc1)C(F)(F)F,4.982966661
NC(=O)c1cnc2ccc(-c3cccnc3)cc2c1NCC1CCOCC1,5.638272164
C[C@@H]1O[C@@H](C)CN(C1)c1nc2nc(cnc2c(n1)N1CCOC[C@H]1C)c1ccccc1,4.879426069
Cc1nc2C(=O)N(CCO)Cc2c(c1CN)-c1ccc(Cl)cc1Cl,4.096910013
COc1cc(C=Cc2nc3sc(C)c(C)c3c(=O)[nH]2)ccc1-n1cnc(C)c1,5
CN(c1ccc(-c2ccc(F)cc2O)nn1)C1CC(C)(C)NC(C)(C)C1,5.657577319
C[C@@H]1NCCC[C@@H]1Nc1ncc(C(N)=O)c2sc(-c3ccccc3)cc12,5.229147988
Cc1cc(C)nc(Nc2cc(N[C@@H]3CS(=O)(=O)CC[C@@H]3N)cnc2C(N)=O)c1,4.537602002
FC(F)(F)c1ccccc1CN([C@H]1CCNC1)C1CCOCC1,5.958607315
CNc1cc(Nc2cnc(C#N)c(O[C@@H]3CCNC3)n2)ncc1C(=O)OC,4.795880017
Cc1c(cccc1[C@@H]1CN2CCN(C[C@@H]2CO1)C(=O)Cc1ccc(nc1)-n1cnnn1)C#N,4.829738285
CC(C)n1c(C)ncc1-c1ccnc(Nc2ccc(cc2)C(=O)N(C)C)n1,4.744727495
CCNC1CCC(CC1)c1c[nH]c2c1cc(cc2)NC(=N)c1cccs1,4.638272164
Cn1cc(cn1)[C@]1(N[C@H](Cc2c1[nH]c1ccccc21)c1nc(c[nH]1)-c1ccc(F)cn1)c1noc(O)n1,5.920818754
CCCC[C@@H](CCO)Nc1nc(N)nc2ccccc12,5.568636236
CCCCOc1cccc(CCNCC(=O)N(C)C)c1.Cl,5.026872146
COc1ccc(cc1)[C@H]1CN(CCCC2CCOCC2)C[C@@H]1CC(=O)Nc1cccc(Cl)c1,6.431798276
COc1ccc(cc1CO)-c1ccc2c(nc(nc2n1)-n1ccnc1)N1CCOC[C@@H]1C,4.494850022
Cc1cc(-n2cnnn2)cnc1CC(=O)N1CCN(CCc2ccc3c(c2C)COC3=O)CC1,4.283996656
NC1(CCN(CC1)c1ncnc2[nH]ccc12)C(=O)N[C@H](CCO)c1ccc(Cl)cc1,4
NC(=O)c1cccc(c1)C(=O)N1CCC(CCN2CCC(CC2)N(C(=O)NCc2ccc(cc2)C#N)c2cccc(F)c2)(CC1)c1cccc(F)c1,4.698970004
O=C(C1CC12CCN(C1CCCCC1)CC2)N1CCN(C2CCCCC2)CC1,4.681936665
CC(NC(=O)C1(N)CCN(CC1)c1ncnc2[nH]ccc12)c1ccc(F)cc1,4.569328441
CC(=O)NCCc1ccccc1-c1ccc([C@H]2CNCC[C@@]22OCc3cc(F)c(F)cc23)c(C)c1,5.292429824
CCN1CCN(CC1)c1cc2[nH]c(S[C@@]3(C)CC[C@@H](CC3)c3nnc(C)o3)nc2cc1Cl,5
COc1cc(ccc1-n1cnc(C)c1)-c1cn(Cc2ccccc2F)nn1,5.603800653
Oc1ccc(Oc2ccnc3cc(-c4cnn(C5CCNCC5)c4)ccc23)cc1,5.559090918
Cc1cnc(CCC(=O)N[C@H]2CC[C@@H](CC2)c2ccc(O)cc2)s1,5
O=CN(C(CS(=O)(=O)N1CCC(CC1)CCc1c(C)noc1C)(CC(c1ncc(cn1)F)C)C)O,4.187086643
CNC(=O)c1nccc(c1)Oc1ccc2c(c1)sc(n2)NC(=O)Nc1ccc(c(c1)Cl)Cl,4
Cc1ccc(cc1)S(=O)(=O)NC(=O)N1CCC(CC1)N1CCC(CC1)Oc1ccc(Cl)c(Cl)c1,4.795880017
O=c1[nH]ccc2nc(-c3ccc(CN4CCC(CC4)c4nc(n[nH]4)-c4ncccn4)cc3)c(cc12)-c1ccccc1,5
CC1=NC(N=C1N)(c1ccc(F)cc1)c1cccc(c1)-c1cccnc1,4.48148606
CN(C)CCCn1ncc2cc(ccc12)-n1ccc(OCc2ccccc2)cc1=O,5.853871964
COc1cc(CCN2CCN(CCc3ccc4C(=O)OCc4c3)CC2)ccc1C#N,5.795880017
c1cc(C#Cc2ccccc2)cc(c1)C#Cc1ccccc1,5
CCN(CC)CCNC(=O)c1ccnc(-c2cnn3ccc(-c4cccs4)nc23)c1,5.931814138
CN(C)S(=O)(=O)c1ccc2c(c[nH]c(=O)c2c1)C(=O)NC[C@@H](O)CN1CCC(CC1)Oc1ccc(Cl)c(Cl)c1,6
COc1cc(CC(C)N2CCN(CCc3ccc4C(=O)OCc4c3C)CC2)ccc1C#N,5.886056648
Cc1ncoc1-c1nnc(SCCCN2CC3CN(c4ccc(C(F)(F)F)cc4)C3C2)n1C,6.200659451
FC(F)(F)c1ccc(cc1)[C@@H]1C[C@H]1C(=O)N1CCN(CC1)S(=O)(=O)c1cc(cc(c1)C(F)(F)F)-c1c[nH]nn1,5.455931956
O=C(C1CCC1)NC(c1ccccc1)CC(N1CCC(CC1)c1[nH]ncc1c1ccncc1)C,6.931814138
CC(C)c1ccc(CS(=O)(=O)c2ccc(cc2)[C@@]23C[C@@H]2CNC3)cc1,5.499996932
COC(=O)c1ccc2[nH]c(NCCCNC(=O)c3cc(Cl)cc(Cl)c3)nc2c1,4.300162274
N#Cc1ccc(O[C@H]2CN(S(=O)(=O)c3ccc(Cl)cc3Cl)C[C@@]2(O)CN)cc1F,5.522878745
NC1=NC(c2ccccc12)(c1cccc(c1)-c1cncnc1)c1ccnc(c1)C(F)(F)F,5.259637311
COc1cc(OC)c(\C=C\S(=O)(=O)Cc2ccc(OC)c(N)n2)c(OC)c1,4.602059991
Cc1cc(SCCN2CCOCC2)nn1-c1ccc(Cl)c(Cl)c1,5
CC(=O)N1CCOc2cc3CCN(CCCSc4nnc(-c5cccc6nc(C)ccc56)n4C)CCc3cc12,5
C[C@@H]1CN(CC2(CC2)C(N)=O)CCN1S(=O)(=O)c1ccc(cc1)C(C)(O)C(F)(F)F,4
COC[C@@H]1CCCN1N1CCN(C1=O)c1cccc(Cl)c1,5.301029996
COC1COCCC1N[C@@H]1C[C@H]2OCC[C@]2(C1)C(=O)N1CCc2ncc(cc2C1)C(F)(F)F,4.301029996
NC[C@]1(c2cccc(Cl)c2)CC[C@H](N2CCc3c(nc(C(F)(F)F)nc3C3CC3)C2=O)CC1,6.585026652
COc1cc(CC(=O)Nc2cc(nc(n2)-c2ccc(C)o2)-n2nc(C)cc2C)cc(OC)c1,5.522878745
COc1cccc(c1)CN(c1cccc2c1cc[nH]2)C1CCNCC1,5
O=C(Cc1ccc(nc1)-n1cnnn1)N1CCN2C[C@H](OC[C@@H]2C1)c1ccc2nonc2c1,5
C[Si]1(C)CCN(Cc2cc(-c3ccc(C(F)(F)F)cc3)n(-c3ccc(F)cc3)n2)CC1,5.899629455
C[C@@H]1CN(CCN1c1ncc(OCc2ccc(cc2F)C#N)cn1)c1nnc(o1)C(F)(F)F,4.958607315
O=C1CN(CCN1c1ccc(cc1)OCCCN1CCCCC1)C(=O)C(C)(C)C,4.200659451
COc1cc(ncn1)N1C(=O)N(C(=O)C11CCN(Cc2ncccc2C)CC1)c1ccc(cc1)-c1ccccc1C(O)=O,5.619788758
CCCCN(CC)CCCCCc1ccc(Cl)cc1,5.602059991
CN1CCN(CC1)c1cccc2c1CC(CO2)NC(=O)c1ccc(cc1)OC(F)(F)F,5.102372909
COc1cccc(c1)-c1cc(NC(=O)CCCN2CCCCC2)[nH]n1,5.511449283
Cc1ccc(Cc2cc[n+](C)c(COc3ccc(C)cc3)c2)cc1.O=S(=O)([O-])C(F)(F)F,6.460923901
C[C@@H](C[C@@](C)(CS(=O)(=O)N1CCC(CCc2c(C)noc2C)CC1)N(O)C=O)c1ncc(F)cn1,4.187086643
Fc1ccc(cc1Cl)N1CCN(CCN2Cc3ccccc3C2)C1=O,5.301029996
CCN1CCN(CC1)c1cc2[nH]c(nc2cc1Cl)S[C@]1(C)CCC(CC1)c1nnc(o1)C,5
O[C@H]1CN(CCn2c3cc(ccc3ccc2=O)C#N)CC[C@H]1NCc1ccc2OCC(=O)Nc2n1,3.477555766
Cc1ncoc1-c1nnc(SCCCN2CC3CC3(C2)c2ccc(Cl)cc2)n1C,6.279840697
O[C@]1(CC[C@@H](CC1)N1CC(C1)NC(=O)CNC(=O)c1cccc(c1)C(F)(F)F)c1cccs1,4.568636236
OCC[C@@]1(CCCNC1)c1cc2ccccc2o1,4.48148606
O[C@@]1(CC23CCC(CC2)(CO3)NCc2cc3NC(=O)COc3cn2)Cn2c3c1c(F)cnc3ccc2=O,4.680893941
O=C(C(n1c(nc2c1cc(Cl)c(c2)F)c1ccc(cc1)Cl)C1CCCCC1)NC1CCCCC1,5.795880017
CCOc1ccc(-c2cc3c(N[C@@H]4CC[C@](C)(N)C4(C)C)c(C(N)=O)cnn3c2)cn1,4.769551079
NC(=O)c1ccc(O[C@@H]2C[C@@H]3CC[C@H](C2)N3Cc2ccccc2)c(F)c1,5.853871964
CN(C)CCC1=C(Cc2cccnn2)c2ccc(Cl)cc2C1,6.698970004
Clc1ccc(cc1)C[C@@](O)([C@H](CN(C)C)C)C,5.537602002
COc1ccc2cc(ccc2c1)-c1cc(nn1[C@@H](C)c1ccc(cc1)C(=O)NCCC(O)=O)-c1cc(Cl)cc(Cl)c1,5
C[C@]12CC[C@H]3[C@@H](CCC4=C(O)C(=O)CC[C@]34C)[C@@H]1CCC2=O,4.809999052
Cn1cc(Nc2nc(N)nc(-c3cccc(-n4ccc5cc(C6CC6)cc(F)c5c4=O)c3CO)n2)cc1C#N,5.585026652
CC(C)(O)COc1ccc(C(N)=O)c(O[C@H]2CCN(C(=O)Cc3ccc(OC(F)(F)F)cc3)C[C@H]2F)c1,4.37675071
O=C(NC1CCC(CC1)c1ccc(cc1)O)CCc1ccccc1,4.522878745
CN1c2ccccc2C(=N[C@@H](NC(=O)Nc2ccc(C)cc2)C1=O)c1ccccc1,5.301029996
O=C(c1ccc(nc1)N1CCC2(CC1)CNCC2)Nc1cc(ccc1N)c1cccs1,5
Cc1nc(N)n(CC(O)c2ccc(Cl)cc2Cl)c1C,4.477555766
c1ccc(cc1)CCCN1CCC(CC1)Cc1ccccc1,7.698970004
O[C@]1(CC[C@@H](CC1)N1CC[C@H](C1)NC(=O)CNC(=O)c1cccc(c1)C(F)(F)F)c1cccnn1,9
OC(=O)c1ccc(cc1)-n1nc(nc1-c1ccccc1O)-c1ccccc1O,2.400000001
CC(C)Oc1ccc(-c2cc3c(N[C@@H]4CC[C@](C)(N)C4(C)C)c(C(N)=O)cnn3c2)cn1,5.27572413
C[C@@H]1CCCN1CCc1ccc2nc(ccc2c1)-c1cn[nH]c1,4.397940009
FC(F)(F)c1ccc(NC(=O)N2CCN(C[C@@H]3CCCN(C3)C3CC3)CC2)cc1,5.200659451
CC(=O)N1CC2CC1CN2CCOc1ccc(Oc2nc3ncccc3s2)cc1,5
OCCN1CC=CC[C@@H](C1)c1ccc(Cl)c(Cl)c1,5
COc1ccc(CCN2CCC(Nc3nc4ccccc4[nH]3)CC2)cc1,6.785421046
CCC(=O)N1CCc2c(C1)cc(c(c2)OC)O,3.301029996
Cc1cc(ccc1F)C(O)(c1ccc2n(ncc2c1)-c1ccc(F)cc1)C(F)(F)F,5
Cn1c(SCCCN2CC3CCN(c4ccc(F)cc4F)C3C2)nnc1-c1cnccn1,6.102372909
N#Cc1ccc(cc1)Cn1cncc1CNC1CCN(C1)C(=O)c1cccc(c1)Cl,5.236572006
CNC(=O)CCCCC[C@H](NC(=O)c1cncs1)c1ncc([nH]1)-c1ccc(cc1)-c1ccn[nH]1,4.522878745
CCCCCCCC(=O)OCC(O)CO,4.620000528
CCC(n1ncn(c1=O)c1ccc(cc1)N1CCN(CC1)c1ccc(cc1)OC[C@H]1CO[C@](O1)(Cn1cncn1)c1ccc(cc1Cl)Cl)C,4.397940009
Fc1ccc(c(c1)C(C[C@](C(F)(F)F)(Cc1cc2c([nH]1)cncc2)O)(C)C)O,5.346787486
CC(C)S(=O)(=O)N[C@H]1CN(C)C[C@@H]1c1ccc(cc1)-c1ccc(F)nc1,6
CCc1ncc(s1)[C@@H]1CC[C@@H](CC1)N1CC(C1)NC(=O)CNc1nn(C)c2ccc(cc12)C(F)(F)F,4.638272164
COc1ccc(-c2nn(-c3cccc(NC(=O)c4cccc(C(F)(F)F)c4)c3)cc2-c2ccncc2)cc1Cl,4.883724412
C(Cc1ccc(OCc2ccccc2)cc1)Nc1ccncc1,7
OCCN1CCN(CC1)c1ccc2nc(-c3ccccc3)c(nc2n1)-c1ccc(CN2CCC(CC2)c2nnc([nH]2)-c2ccccn2)cc1,5
CC(NC(=O)c1ccc(C(F)(F)F)cc1Cl)C1(N2CCN(S(=O)(=O)c3cn(C)nn3)CC2)CCC(F)(F)CC1.Cl,4.694648631
CCNc1nc(NC(C)(C)C)nc(SC)n1,4.729999332
Cc1nccc(N2CCC3(CCN(C[C@H](O)c4ccc5c(c4C)COC5=O)CC3)C2=O)n1,4.754487332
COc1ccc(cc1)c1noc(n1)C1=CC2(c3c1cccc3)CCN(CC2)Cc1onc(n1)C,4.477555766
Nc1nc2cc3CCN(Cc4cnc[nH]4)CCc3cc2s1,4.48148606
CS(=O)(=O)Cc1cc(nc(NC(=O)c2ccno2)n1)N1CCOCC1,4.48148606
O=C(/C=C/[C@@H]1CCCN1)N1CCN(c2cnc3cc(C(F)(F)F)cc(NCc4cccc([N+](=O)[O-])c4)c3c2)CC1,4.064492734
C[C@@H]1CCCN1CCc1ccc2nc(ccc2c1)-c1sc2ncnn2c1C,5.552841969
Clc1cccc(Cl)c1CCNCC(=O)N1CCc2ccccc2C1C1CCCCC1,4.262012674
CO/N=C/c1ccc2nc(OC)c([C@@H](c3ccccc3)[C@](O)(CCN(C)C)c3cccc4ccccc34)cc2c1,5.657577319
CC(C)(O)c1ccc(c[n+]1[O-])-c1cccc(c1)-n1cc(C(=O)NC2CC2)c(=O)c2cccnc12,4.300162274
CC(C)n1ncc2CC3(CCN(CC3)C(=O)c3cnc4cc[nH]c4c3)CC(=O)c12,4.537602002
CC(C)C(N1CCOCC1)C(O)(c1ccccc1)c1ccccc1,4.522878745
CC1OC(C)CN(C1)c1nc(c2ccc(cc2Cl)Cl)c2c(n1)N(C(=O)NC2)c1c(Cl)cccc1Cl,5.301029996
CN1CCC(COCc2cc(cc(n2)N2CCC3CC23)C(F)(F)F)(CC1)c1ccc(F)cc1,4.920818754
OCCCCOc1ccc2ncc(F)c(CCC34CCC(CC3)(CO4)NCc3ccc4OCC(=O)Nc4n3)c2n1,5.619788758
COc1cc(C=Cc2nc(NCc3ccccc3)c3c(n2)sc2c3CCC2)ccc1n1cnc(c1)C,5.950781977
CN1C[C@H](OC1=O)c1ccc(cn1)-c1ccc2N3[C@@H](COc2c1)[C@H](CO)OC3=O,4.397940009
Cc1c(O)cccc1C(=O)NC(CSc2ccccc2)C(O)CN4CC3CCCCC3CC4C(=O)NC(C)(C)C,4.94000137
NS(=O)(=O)c1ccc(CCNc2nc(-c3cncnc3)nc3cccc(-c4ccccc4)c23)cc1,5.251811973
COc1c(cc(cc1C(C)(C)C)C(=O)N1CCC(CNC(=O)CCCCC(c2ccc(F)cc2)c2ccc(F)cc2)C1)C(C)(C)C,6.187086643
COc1cc(CNCC(COc2ccc3c(c2)ccc(=O)[nH]3)O)ccc1OC,5
CN(C)C(=O)N[C@H]1CC[C@H](CN2[C@H]3CC[C@@H]2C[C@@H](C3)Oc2cccc(c2)C(N)=O)CC1,4.48148606
CCN1CCN(CC1)c1cc2[nH]c(nc2cc1Cl)S[C@]1(C)CCC(CC1)S(=O)(=O)C,5
NCC(=O)N1CCn2c(C1)nc(c2Nc1ccc2OCOc2c1)-c1ccccc1,4.721246399
CC1SC(=N[C@@]2([C@H]1CC(OC2)c1occ(n1)C)c1ccc(cc1F)F)N,5.318758763
O1[C@@H]2[C@]34[C@H]([C@H]([NH+](CC3)C)Cc3c4c1c(OC)cc3)C=C[C@@H]2O,3.52143336
COc1ccccc1N2CCN(CCCC(=O)c3ccc(F)cc3)CC2,6.169989064
COCc1nc(no1)-c1ccc(cc1)N1C(=O)N(c2cc(=O)[nH]cn2)C2(CCN(Cc3ncccc3C)CC2)C1=O,5.113509275
O=c1cc(Cn2c(nc3c2nccn3)C2CCC2)c2c([nH]1)c(F)ccc2,4.522878745
O=C(NC1CN(C1)C1CC[C@](CC1)(O)c1c(C)cccc1C)CNC(=O)c1cccc(c1)C(F)(F)F,5.119186408
Cc1ccc(cc1)C(=O)N1CCN(C(=O)C1)c1ccc(cc1)OC1CCN(CC1)C1CCC1,4.200659451
NCC(O)COc1ccccc1C(=O)CCc1ccccc1,5.238072162
CC1(C)[C@H](Nc2c(C(N)=O)cnn3cc(-c4ccc(F)cc4)cc23)CC[C@]1(C)N,4.991399828
O=C(Nc1ccc(F)cn1)[C@H](CN1CC(O)C1)Oc1ncnc2c1cnn2-c1c(Cl)cccc1Cl,4.700000504
Fc1cncc(c1)-c1cc(NC(=O)CCCN2CCCCC2)[nH]n1,4.801342913
COC[C@@H]1C[C@@H](CC[C@@H]1NC(=O)CNC(=O)c1cccc(c1)C(F)(F)F)N(C)C(C)C,4.096910013
CN(C)CC=C(c1ccc(Br)cc1)c2cccnc2,6.480040819
COc1cccc(-c2c[nH]c([C@H]3Cc4c([nH]c5ccccc45)[C@@H](C4CCOCC4)N3)n2)n1,5.989276135
CC1(C)c2cc(C3CCN(CC4CCOCC4)CC3)ccc2C(=O)c2c1[nH]c1cc(C#N)ccc21,5.576754126
COc1cc([C@](O)(CCN(C)C)[C@@H](c2cc3cc(C#N)ccc3nc2OC)c2ccnc(OC)c2OC)cc(N(C)C)n1,5.468521083
CN(C)CCN(C)C(=O)c1ccc(cc1)C1=NN(C(C1)c1ccc(F)cc1)c1ccc(cc1)C#N,6.769551079
C[C@@H]1CCCN1CCc1ccc2nc(ccc2c1)-c1ccc2OCOCc2c1,5.443697499
CCNC(=O)c1ccc(cc1)-c1ccc2C(=O)N(CCN3CCC[C@H]3C)CCc2c1,5.13076828